"SKU","Product name","Category","Source product URL","Source media reference","Role","Primary candidate YES/NO","Product mapping status","Rights status","Production approved YES/NO","Alt fact candidate","Image count","Gallery position","Quality status","Real project confirmed","Notes"
"MF-MAR-0086","Азур","Гибкий мрамор","https://marmixflex.ru/tproduct/1706353951-554289383361-azur","https://static.tildacdn.com/stor6630-3961-4934-b335-356663613332/43800746.png","product_primary","YES","Tilda product UID/title match; exact source gallery association","RIGHTS UNKNOWN","NO","«Азур» (MF-MAR-0086); confirm visually that this depicts the named decor before final alt.","3","1","NOT INDIVIDUALLY REVIEWED","NOT APPLICABLE — product-gallery asset; no project claim approved","Published in this SKU's Tilda product gallery. Visual decor match, role beyond gallery association, quality and rights are not independently confirmed."
"MF-MAR-0086","Азур","Гибкий мрамор","https://marmixflex.ru/tproduct/1706353951-554289383361-azur","https://static.tildacdn.com/stor3434-6663-4730-b163-393461326634/11270695.png","unknown","NO","Tilda product UID/title match; exact source gallery association","RIGHTS UNKNOWN","NO","","3","2","NOT INDIVIDUALLY REVIEWED","NOT APPLICABLE — product-gallery asset; no project claim approved","Published in this SKU's Tilda product gallery. Visual decor match, role beyond gallery association, quality and rights are not independently confirmed."
"MF-MAR-0086","Азур","Гибкий мрамор","https://marmixflex.ru/tproduct/1706353951-554289383361-azur","https://static.tildacdn.com/stor6563-3966-4530-b565-383034623936/34557235.jpg","unknown","NO","Tilda product UID/title match; exact source gallery association","RIGHTS UNKNOWN","NO","","3","3","NOT INDIVIDUALLY REVIEWED","NOT APPLICABLE — product-gallery asset; no project claim approved","Published in this SKU's Tilda product gallery. Visual decor match, role beyond gallery association, quality and rights are not independently confirmed."
"MF-MAR-0010","Анастейша","Гибкий мрамор","https://marmixflex.ru/tproduct/1706353951-129758883201-anasteisha","https://static.tildacdn.com/stor3862-6136-4636-b131-363834663139/21697930.png","product_primary","YES","Tilda product UID/title match; exact source gallery association","RIGHTS UNKNOWN","NO","«Анастейша» (MF-MAR-0010); confirm visually that this depicts the named decor before final alt.","4","1","NOT INDIVIDUALLY REVIEWED","NOT APPLICABLE — product-gallery asset; no project claim approved","Published in this SKU's Tilda product gallery. Visual decor match, role beyond gallery association, quality and rights are not independently confirmed."
"MF-MAR-0010","Анастейша","Гибкий мрамор","https://marmixflex.ru/tproduct/1706353951-129758883201-anasteisha","https://static.tildacdn.com/stor3763-3632-4662-b331-383564303161/81773455.png","unknown","NO","Tilda product UID/title match; exact source gallery association","RIGHTS UNKNOWN","NO","","4","2","NOT INDIVIDUALLY REVIEWED","NOT APPLICABLE — product-gallery asset; no project claim approved","Published in this SKU's Tilda product gallery. Visual decor match, role beyond gallery association, quality and rights are not independently confirmed."
"MF-MAR-0010","Анастейша","Гибкий мрамор","https://marmixflex.ru/tproduct/1706353951-129758883201-anasteisha","https://static.tildacdn.com/stor6663-3137-4438-b864-613464323265/42439058.jpg","unknown","NO","Tilda product UID/title match; exact source gallery association","RIGHTS UNKNOWN","NO","","4","3","NOT INDIVIDUALLY REVIEWED","NOT APPLICABLE — product-gallery asset; no project claim approved","Published in this SKU's Tilda product gallery. Visual decor match, role beyond gallery association, quality and rights are not independently confirmed."
"MF-MAR-0010","Анастейша","Гибкий мрамор","https://marmixflex.ru/tproduct/1706353951-129758883201-anasteisha","https://static.tildacdn.com/stor6439-6436-4232-a562-633863303666/46027629.jpg","unknown","NO","Tilda product UID/title match; exact source gallery association","RIGHTS UNKNOWN","NO","","4","4","NOT INDIVIDUALLY REVIEWED","NOT APPLICABLE — product-gallery asset; no project claim approved","Published in this SKU's Tilda product gallery. Visual decor match, role beyond gallery association, quality and rights are not independently confirmed."
"MF-MAR-0151","Верде Антико","Гибкий мрамор","https://marmixflex.ru/tproduct/1706353951-892062776331-verde-antiko","https://static.tildacdn.com/stor3638-6162-4164-a339-353464393236/91592313.png","product_primary","YES","Tilda product UID/title match; exact source gallery association","RIGHTS UNKNOWN","NO","«Верде Антико» (MF-MAR-0151); confirm visually that this depicts the named decor before final alt.","5","1","NOT INDIVIDUALLY REVIEWED","NOT APPLICABLE — product-gallery asset; no project claim approved","Published in this SKU's Tilda product gallery. Visual decor match, role beyond gallery association, quality and rights are not independently confirmed."
"MF-MAR-0151","Верде Антико","Гибкий мрамор","https://marmixflex.ru/tproduct/1706353951-892062776331-verde-antiko","https://static.tildacdn.com/stor3932-6539-4236-a265-386562623837/66729727.png","unknown","NO","Tilda product UID/title match; exact source gallery association","RIGHTS UNKNOWN","NO","","5","2","NOT INDIVIDUALLY REVIEWED","NOT APPLICABLE — product-gallery asset; no project claim approved","Published in this SKU's Tilda product gallery. Visual decor match, role beyond gallery association, quality and rights are not independently confirmed."
"MF-MAR-0151","Верде Антико","Гибкий мрамор","https://marmixflex.ru/tproduct/1706353951-892062776331-verde-antiko","https://static.tildacdn.com/stor3733-6538-4835-a137-346261363138/83176124.jpg","unknown","NO","Tilda product UID/title match; exact source gallery association","RIGHTS UNKNOWN","NO","","5","3","NOT INDIVIDUALLY REVIEWED","NOT APPLICABLE — product-gallery asset; no project claim approved","Published in this SKU's Tilda product gallery. Visual decor match, role beyond gallery association, quality and rights are not independently confirmed."
"MF-MAR-0151","Верде Антико","Гибкий мрамор","https://marmixflex.ru/tproduct/1706353951-892062776331-verde-antiko","https://static.tildacdn.com/stor6661-3830-4739-b563-653936366134/74335085.jpg","unknown","NO","Tilda product UID/title match; exact source gallery association","RIGHTS UNKNOWN","NO","","5","4","NOT INDIVIDUALLY REVIEWED","NOT APPLICABLE — product-gallery asset; no project claim approved","Published in this SKU's Tilda product gallery. Visual decor match, role beyond gallery association, quality and rights are not independently confirmed."
"MF-MAR-0151","Верде Антико","Гибкий мрамор","https://marmixflex.ru/tproduct/1706353951-892062776331-verde-antiko","https://static.tildacdn.com/stor6330-6132-4336-b361-623265636235/86787762.jpg","unknown","NO","Tilda product UID/title match; exact source gallery association","RIGHTS UNKNOWN","NO","","5","5","NOT INDIVIDUALLY REVIEWED","NOT APPLICABLE — product-gallery asset; no project claim approved","Published in this SKU's Tilda product gallery. Visual decor match, role beyond gallery association, quality and rights are not independently confirmed."
"MF-MAR-0038","Верде","Гибкий мрамор","https://marmixflex.ru/tproduct/1706353951-255394538851-verde","https://static.tildacdn.com/stor6631-3265-4661-b165-333234623832/97364629.png","product_primary","YES","Tilda product UID/title match; exact source gallery association","RIGHTS UNKNOWN","NO","«Верде» (MF-MAR-0038); confirm visually that this depicts the named decor before final alt.","3","1","NOT INDIVIDUALLY REVIEWED","NOT APPLICABLE — product-gallery asset; no project claim approved","Published in this SKU's Tilda product gallery. Visual decor match, role beyond gallery association, quality and rights are not independently confirmed."
"MF-MAR-0038","Верде","Гибкий мрамор","https://marmixflex.ru/tproduct/1706353951-255394538851-verde","https://static.tildacdn.com/stor6531-6563-4661-b439-663365376564/63382822.png","unknown","NO","Tilda product UID/title match; exact source gallery association","RIGHTS UNKNOWN","NO","","3","2","NOT INDIVIDUALLY REVIEWED","NOT APPLICABLE — product-gallery asset; no project claim approved","Published in this SKU's Tilda product gallery. Visual decor match, role beyond gallery association, quality and rights are not independently confirmed."
"MF-MAR-0038","Верде","Гибкий мрамор","https://marmixflex.ru/tproduct/1706353951-255394538851-verde","https://static.tildacdn.com/stor6563-6131-4162-a234-616230363763/19562053.jpg","unknown","NO","Tilda product UID/title match; exact source gallery association","RIGHTS UNKNOWN","NO","","3","3","NOT INDIVIDUALLY REVIEWED","NOT APPLICABLE — product-gallery asset; no project claim approved","Published in this SKU's Tilda product gallery. Visual decor match, role beyond gallery association, quality and rights are not independently confirmed."
"MF-MAR-0004","Верделит","Гибкий мрамор","https://marmixflex.ru/tproduct/1706353951-112874705051-verdelit","https://static.tildacdn.com/stor3838-6235-4763-a532-313333313139/47095120.png","product_primary","YES","Tilda product UID/title match; exact source gallery association","RIGHTS UNKNOWN","NO","«Верделит» (MF-MAR-0004); confirm visually that this depicts the named decor before final alt.","5","1","NOT INDIVIDUALLY REVIEWED","NOT APPLICABLE — product-gallery asset; no project claim approved","Published in this SKU's Tilda product gallery. Visual decor match, role beyond gallery association, quality and rights are not independently confirmed."
"MF-MAR-0004","Верделит","Гибкий мрамор","https://marmixflex.ru/tproduct/1706353951-112874705051-verdelit","https://static.tildacdn.com/stor6432-6231-4231-a231-313730313432/32160144.png","unknown","NO","Tilda product UID/title match; exact source gallery association","RIGHTS UNKNOWN","NO","","5","2","NOT INDIVIDUALLY REVIEWED","NOT APPLICABLE — product-gallery asset; no project claim approved","Published in this SKU's Tilda product gallery. Visual decor match, role beyond gallery association, quality and rights are not independently confirmed."
"MF-MAR-0004","Верделит","Гибкий мрамор","https://marmixflex.ru/tproduct/1706353951-112874705051-verdelit","https://static.tildacdn.com/stor3466-6334-4365-a432-666235626238/86955371.jpg","unknown","NO","Tilda product UID/title match; exact source gallery association","RIGHTS UNKNOWN","NO","","5","3","NOT INDIVIDUALLY REVIEWED","NOT APPLICABLE — product-gallery asset; no project claim approved","Published in this SKU's Tilda product gallery. Visual decor match, role beyond gallery association, quality and rights are not independently confirmed."
"MF-MAR-0004","Верделит","Гибкий мрамор","https://marmixflex.ru/tproduct/1706353951-112874705051-verdelit","https://static.tildacdn.com/stor6466-3232-4666-b432-316365643165/89617662.jpg","unknown","NO","Tilda product UID/title match; exact source gallery association","RIGHTS UNKNOWN","NO","","5","4","NOT INDIVIDUALLY REVIEWED","NOT APPLICABLE — product-gallery asset; no project claim approved","Published in this SKU's Tilda product gallery. Visual decor match, role beyond gallery association, quality and rights are not independently confirmed."
"MF-MAR-0004","Верделит","Гибкий мрамор","https://marmixflex.ru/tproduct/1706353951-112874705051-verdelit","https://static.tildacdn.com/stor3932-6562-4732-b232-363432323666/51467251.jpg","unknown","NO","Tilda product UID/title match; exact source gallery association","RIGHTS UNKNOWN","NO","","5","5","NOT INDIVIDUALLY REVIEWED","NOT APPLICABLE — product-gallery asset; no project claim approved","Published in this SKU's Tilda product gallery. Visual decor match, role beyond gallery association, quality and rights are not independently confirmed."
"MF-MAR-0093","Ветка сакуры","Гибкий мрамор","https://marmixflex.ru/tproduct/1706353951-581415357271-vetka-sakuri","https://static.tildacdn.com/stor6436-6134-4666-b731-646230303934/88423171.png","product_primary","YES","Tilda product UID/title match; exact source gallery association","RIGHTS UNKNOWN","NO","«Ветка сакуры» (MF-MAR-0093); confirm visually that this depicts the named decor before final alt.","4","1","NOT INDIVIDUALLY REVIEWED","NOT APPLICABLE — product-gallery asset; no project claim approved","Published in this SKU's Tilda product gallery. Visual decor match, role beyond gallery association, quality and rights are not independently confirmed."
"MF-MAR-0093","Ветка сакуры","Гибкий мрамор","https://marmixflex.ru/tproduct/1706353951-581415357271-vetka-sakuri","https://static.tildacdn.com/stor6233-3032-4464-b431-393531653332/37405335.png","unknown","NO","Tilda product UID/title match; exact source gallery association","RIGHTS UNKNOWN","NO","","4","2","NOT INDIVIDUALLY REVIEWED","NOT APPLICABLE — product-gallery asset; no project claim approved","Published in this SKU's Tilda product gallery. Visual decor match, role beyond gallery association, quality and rights are not independently confirmed."
"MF-MAR-0093","Ветка сакуры","Гибкий мрамор","https://marmixflex.ru/tproduct/1706353951-581415357271-vetka-sakuri","https://static.tildacdn.com/stor3164-3233-4536-b439-633962373131/37189591.jpg","unknown","NO","Tilda product UID/title match; exact source gallery association","RIGHTS UNKNOWN","NO","","4","3","NOT INDIVIDUALLY REVIEWED","NOT APPLICABLE — product-gallery asset; no project claim approved","Published in this SKU's Tilda product gallery. Visual decor match, role beyond gallery association, quality and rights are not independently confirmed."
"MF-MAR-0093","Ветка сакуры","Гибкий мрамор","https://marmixflex.ru/tproduct/1706353951-581415357271-vetka-sakuri","https://static.tildacdn.com/stor3438-3735-4733-b430-323030393766/75169863.jpg","unknown","NO","Tilda product UID/title match; exact source gallery association","RIGHTS UNKNOWN","NO","","4","4","NOT INDIVIDUALLY REVIEWED","NOT APPLICABLE — product-gallery asset; no project claim approved","Published in this SKU's Tilda product gallery. Visual decor match, role beyond gallery association, quality and rights are not independently confirmed."
"MF-MAR-0033","Сакура","Гибкий мрамор","https://marmixflex.ru/tproduct/1706353951-235679185721-sakura","https://static.tildacdn.com/stor3865-3032-4666-b031-386261613765/47166285.png","product_primary","YES","Tilda product UID/title match; exact source gallery association","RIGHTS UNKNOWN","NO","«Сакура» (MF-MAR-0033); confirm visually that this depicts the named decor before final alt.","3","1","NOT INDIVIDUALLY REVIEWED","NOT APPLICABLE — product-gallery asset; no project claim approved","Published in this SKU's Tilda product gallery. Visual decor match, role beyond gallery association, quality and rights are not independently confirmed."
"MF-MAR-0033","Сакура","Гибкий мрамор","https://marmixflex.ru/tproduct/1706353951-235679185721-sakura","https://static.tildacdn.com/stor6161-3438-4436-a436-623963613465/59929232.png","unknown","NO","Tilda product UID/title match; exact source gallery association","RIGHTS UNKNOWN","NO","","3","2","NOT INDIVIDUALLY REVIEWED","NOT APPLICABLE — product-gallery asset; no project claim approved","Published in this SKU's Tilda product gallery. Visual decor match, role beyond gallery association, quality and rights are not independently confirmed."
"MF-MAR-0033","Сакура","Гибкий мрамор","https://marmixflex.ru/tproduct/1706353951-235679185721-sakura","https://static.tildacdn.com/stor6661-3031-4464-b231-336535333431/38981114.jpg","unknown","NO","Tilda product UID/title match; exact source gallery association","RIGHTS UNKNOWN","NO","","3","3","NOT INDIVIDUALLY REVIEWED","NOT APPLICABLE — product-gallery asset; no project claim approved","Published in this SKU's Tilda product gallery. Visual decor match, role beyond gallery association, quality and rights are not independently confirmed."
"MF-MAR-0061","Вайт Голд","Гибкий мрамор","https://marmixflex.ru/tproduct/1706353951-364527501651-vait-gold","https://static.tildacdn.com/stor3833-6162-4133-b730-393631353831/64081519.png","product_primary","YES","Tilda product UID/title match; exact source gallery association","RIGHTS UNKNOWN","NO","«Вайт Голд» (MF-MAR-0061); confirm visually that this depicts the named decor before final alt.","3","1","NOT INDIVIDUALLY REVIEWED","NOT APPLICABLE — product-gallery asset; no project claim approved","Published in this SKU's Tilda product gallery. Visual decor match, role beyond gallery association, quality and rights are not independently confirmed."
"MF-MAR-0061","Вайт Голд","Гибкий мрамор","https://marmixflex.ru/tproduct/1706353951-364527501651-vait-gold","https://static.tildacdn.com/stor3564-3563-4930-a234-633065303636/36065520.png","unknown","NO","Tilda product UID/title match; exact source gallery association","RIGHTS UNKNOWN","NO","","3","2","NOT INDIVIDUALLY REVIEWED","NOT APPLICABLE — product-gallery asset; no project claim approved","Published in this SKU's Tilda product gallery. Visual decor match, role beyond gallery association, quality and rights are not independently confirmed."
"MF-MAR-0061","Вайт Голд","Гибкий мрамор","https://marmixflex.ru/tproduct/1706353951-364527501651-vait-gold","https://static.tildacdn.com/stor3365-6134-4538-a430-643863616238/15906835.jpg","unknown","NO","Tilda product UID/title match; exact source gallery association","RIGHTS UNKNOWN","NO","","3","3","NOT INDIVIDUALLY REVIEWED","NOT APPLICABLE — product-gallery asset; no project claim approved","Published in this SKU's Tilda product gallery. Visual decor match, role beyond gallery association, quality and rights are not independently confirmed."
"MF-MAR-0124","Вайт Джейд","Гибкий мрамор","https://marmixflex.ru/tproduct/1706353951-729609253371-vait-dzheid","https://static.tildacdn.com/stor3930-6430-4836-a633-313138346465/55640584.png","product_primary","YES","Tilda product UID/title match; exact source gallery association","RIGHTS UNKNOWN","NO","«Вайт Джейд» (MF-MAR-0124); confirm visually that this depicts the named decor before final alt.","4","1","NOT INDIVIDUALLY REVIEWED","NOT APPLICABLE — product-gallery asset; no project claim approved","Published in this SKU's Tilda product gallery. Visual decor match, role beyond gallery association, quality and rights are not independently confirmed."
"MF-MAR-0124","Вайт Джейд","Гибкий мрамор","https://marmixflex.ru/tproduct/1706353951-729609253371-vait-dzheid","https://static.tildacdn.com/stor6164-6466-4332-b137-376436633133/72496889.png","unknown","NO","Tilda product UID/title match; exact source gallery association","RIGHTS UNKNOWN","NO","","4","2","NOT INDIVIDUALLY REVIEWED","NOT APPLICABLE — product-gallery asset; no project claim approved","Published in this SKU's Tilda product gallery. Visual decor match, role beyond gallery association, quality and rights are not independently confirmed."
"MF-MAR-0124","Вайт Джейд","Гибкий мрамор","https://marmixflex.ru/tproduct/1706353951-729609253371-vait-dzheid","https://static.tildacdn.com/stor3061-6564-4561-b461-353639303566/52265645.jpg","unknown","NO","Tilda product UID/title match; exact source gallery association","RIGHTS UNKNOWN","NO","","4","3","NOT INDIVIDUALLY REVIEWED","NOT APPLICABLE — product-gallery asset; no project claim approved","Published in this SKU's Tilda product gallery. Visual decor match, role beyond gallery association, quality and rights are not independently confirmed."
"MF-MAR-0124","Вайт Джейд","Гибкий мрамор","https://marmixflex.ru/tproduct/1706353951-729609253371-vait-dzheid","https://static.tildacdn.com/stor3031-6165-4661-a134-333634363564/28400781.jpg","unknown","NO","Tilda product UID/title match; exact source gallery association","RIGHTS UNKNOWN","NO","","4","4","NOT INDIVIDUALLY REVIEWED","NOT APPLICABLE — product-gallery asset; no project claim approved","Published in this SKU's Tilda product gallery. Visual decor match, role beyond gallery association, quality and rights are not independently confirmed."
"MF-MAR-0106","Валетта","Гибкий мрамор","https://marmixflex.ru/tproduct/1706353951-653334556751-valetta","https://static.tildacdn.com/stor6231-3731-4530-a132-383864623536/57595041.png","product_primary","YES","Tilda product UID/title match; exact source gallery association","RIGHTS UNKNOWN","NO","«Валетта» (MF-MAR-0106); confirm visually that this depicts the named decor before final alt.","4","1","NOT INDIVIDUALLY REVIEWED","NOT APPLICABLE — product-gallery asset; no project claim approved","Published in this SKU's Tilda product gallery. Visual decor match, role beyond gallery association, quality and rights are not independently confirmed."
"MF-MAR-0106","Валетта","Гибкий мрамор","https://marmixflex.ru/tproduct/1706353951-653334556751-valetta","https://static.tildacdn.com/stor6339-3237-4461-b564-626333633133/46639555.png","unknown","NO","Tilda product UID/title match; exact source gallery association","RIGHTS UNKNOWN","NO","","4","2","NOT INDIVIDUALLY REVIEWED","NOT APPLICABLE — product-gallery asset; no project claim approved","Published in this SKU's Tilda product gallery. Visual decor match, role beyond gallery association, quality and rights are not independently confirmed."
"MF-MAR-0106","Валетта","Гибкий мрамор","https://marmixflex.ru/tproduct/1706353951-653334556751-valetta","https://static.tildacdn.com/stor3565-3861-4936-a561-656263646639/91071364.jpg","unknown","NO","Tilda product UID/title match; exact source gallery association","RIGHTS UNKNOWN","NO","","4","3","NOT INDIVIDUALLY REVIEWED","NOT APPLICABLE — product-gallery asset; no project claim approved","Published in this SKU's Tilda product gallery. Visual decor match, role beyond gallery association, quality and rights are not independently confirmed."
"MF-MAR-0106","Валетта","Гибкий мрамор","https://marmixflex.ru/tproduct/1706353951-653334556751-valetta","https://static.tildacdn.com/stor6330-3833-4439-a638-653039363437/59234605.jpg","unknown","NO","Tilda product UID/title match; exact source gallery association","RIGHTS UNKNOWN","NO","","4","4","NOT INDIVIDUALLY REVIEWED","NOT APPLICABLE — product-gallery asset; no project claim approved","Published in this SKU's Tilda product gallery. Visual decor match, role beyond gallery association, quality and rights are not independently confirmed."
"MF-MAR-0103","Голден Браун","Гибкий мрамор","https://marmixflex.ru/tproduct/1706353951-639266239551-golden-braun","https://static.tildacdn.com/stor3635-3230-4462-b562-363737663863/60073189.png","product_primary","YES","Tilda product UID/title match; exact source gallery association","RIGHTS UNKNOWN","NO","«Голден Браун» (MF-MAR-0103); confirm visually that this depicts the named decor before final alt.","3","1","NOT INDIVIDUALLY REVIEWED","NOT APPLICABLE — product-gallery asset; no project claim approved","Published in this SKU's Tilda product gallery. Visual decor match, role beyond gallery association, quality and rights are not independently confirmed."
"MF-MAR-0103","Голден Браун","Гибкий мрамор","https://marmixflex.ru/tproduct/1706353951-639266239551-golden-braun","https://static.tildacdn.com/stor6661-3665-4135-b961-366339643164/42524826.png","unknown","NO","Tilda product UID/title match; exact source gallery association","RIGHTS UNKNOWN","NO","","3","2","NOT INDIVIDUALLY REVIEWED","NOT APPLICABLE — product-gallery asset; no project claim approved","Published in this SKU's Tilda product gallery. Visual decor match, role beyond gallery association, quality and rights are not independently confirmed."
"MF-MAR-0103","Голден Браун","Гибкий мрамор","https://marmixflex.ru/tproduct/1706353951-639266239551-golden-braun","https://static.tildacdn.com/stor6338-3863-4463-b061-623032363838/26379727.jpg","unknown","NO","Tilda product UID/title match; exact source gallery association","RIGHTS UNKNOWN","NO","","3","3","NOT INDIVIDUALLY REVIEWED","NOT APPLICABLE — product-gallery asset; no project claim approved","Published in this SKU's Tilda product gallery. Visual decor match, role beyond gallery association, quality and rights are not independently confirmed."
"MF-MAR-0132","Гриджио Карниго","Гибкий мрамор","https://marmixflex.ru/tproduct/1706353951-793312804621-gridzhio-karnigo","https://static.tildacdn.com/stor3434-3566-4130-b734-373165303539/16672802.png","product_primary","YES","Tilda product UID/title match; exact source gallery association","RIGHTS UNKNOWN","NO","«Гриджио Карниго» (MF-MAR-0132); confirm visually that this depicts the named decor before final alt.","4","1","NOT INDIVIDUALLY REVIEWED","NOT APPLICABLE — product-gallery asset; no project claim approved","Published in this SKU's Tilda product gallery. Visual decor match, role beyond gallery association, quality and rights are not independently confirmed."
"MF-MAR-0132","Гриджио Карниго","Гибкий мрамор","https://marmixflex.ru/tproduct/1706353951-793312804621-gridzhio-karnigo","https://static.tildacdn.com/stor3536-3032-4339-b739-353163313264/96785478.png","unknown","NO","Tilda product UID/title match; exact source gallery association","RIGHTS UNKNOWN","NO","","4","2","NOT INDIVIDUALLY REVIEWED","NOT APPLICABLE — product-gallery asset; no project claim approved","Published in this SKU's Tilda product gallery. Visual decor match, role beyond gallery association, quality and rights are not independently confirmed."
"MF-MAR-0132","Гриджио Карниго","Гибкий мрамор","https://marmixflex.ru/tproduct/1706353951-793312804621-gridzhio-karnigo","https://static.tildacdn.com/stor3836-3230-4939-a638-343434333166/90738247.jpg","unknown","NO","Tilda product UID/title match; exact source gallery association","RIGHTS UNKNOWN","NO","","4","3","NOT INDIVIDUALLY REVIEWED","NOT APPLICABLE — product-gallery asset; no project claim approved","Published in this SKU's Tilda product gallery. Visual decor match, role beyond gallery association, quality and rights are not independently confirmed."
"MF-MAR-0132","Гриджио Карниго","Гибкий мрамор","https://marmixflex.ru/tproduct/1706353951-793312804621-gridzhio-karnigo","https://static.tildacdn.com/stor3533-6434-4664-b739-663532363265/62479825.jpg","unknown","NO","Tilda product UID/title match; exact source gallery association","RIGHTS UNKNOWN","NO","","4","4","NOT INDIVIDUALLY REVIEWED","NOT APPLICABLE — product-gallery asset; no project claim approved","Published in this SKU's Tilda product gallery. Visual decor match, role beyond gallery association, quality and rights are not independently confirmed."
"MF-MAR-0161","Бьянка","Гибкий мрамор","https://marmixflex.ru/tproduct/1706353951-977407164861-byanka","https://static.tildacdn.com/stor6161-6530-4239-a138-313233643362/37264648.png","product_primary","YES","Tilda product UID/title match; exact source gallery association","RIGHTS UNKNOWN","NO","«Бьянка» (MF-MAR-0161); confirm visually that this depicts the named decor before final alt.","5","1","NOT INDIVIDUALLY REVIEWED","NOT APPLICABLE — product-gallery asset; no project claim approved","Published in this SKU's Tilda product gallery. Visual decor match, role beyond gallery association, quality and rights are not independently confirmed."
"MF-MAR-0161","Бьянка","Гибкий мрамор","https://marmixflex.ru/tproduct/1706353951-977407164861-byanka","https://static.tildacdn.com/stor6565-6165-4763-b235-303532613439/45120041.png","unknown","NO","Tilda product UID/title match; exact source gallery association","RIGHTS UNKNOWN","NO","","5","2","NOT INDIVIDUALLY REVIEWED","NOT APPLICABLE — product-gallery asset; no project claim approved","Published in this SKU's Tilda product gallery. Visual decor match, role beyond gallery association, quality and rights are not independently confirmed."
"MF-MAR-0161","Бьянка","Гибкий мрамор","https://marmixflex.ru/tproduct/1706353951-977407164861-byanka","https://static.tildacdn.com/stor6432-6464-4734-a637-316538316230/74326347.jpg","unknown","NO","Tilda product UID/title match; exact source gallery association","RIGHTS UNKNOWN","NO","","5","3","NOT INDIVIDUALLY REVIEWED","NOT APPLICABLE — product-gallery asset; no project claim approved","Published in this SKU's Tilda product gallery. Visual decor match, role beyond gallery association, quality and rights are not independently confirmed."
"MF-MAR-0161","Бьянка","Гибкий мрамор","https://marmixflex.ru/tproduct/1706353951-977407164861-byanka","https://static.tildacdn.com/stor6264-3366-4335-b830-633665623936/56693256.png","unknown","NO","Tilda product UID/title match; exact source gallery association","RIGHTS UNKNOWN","NO","","5","4","NOT INDIVIDUALLY REVIEWED","NOT APPLICABLE — product-gallery asset; no project claim approved","Published in this SKU's Tilda product gallery. Visual decor match, role beyond gallery association, quality and rights are not independently confirmed."
"MF-MAR-0161","Бьянка","Гибкий мрамор","https://marmixflex.ru/tproduct/1706353951-977407164861-byanka","https://static.tildacdn.com/stor3132-6330-4565-a663-333063643030/26640365.jpg","unknown","NO","Tilda product UID/title match; exact source gallery association","RIGHTS UNKNOWN","NO","","5","5","NOT INDIVIDUALLY REVIEWED","NOT APPLICABLE — product-gallery asset; no project claim approved","Published in this SKU's Tilda product gallery. Visual decor match, role beyond gallery association, quality and rights are not independently confirmed."
"MF-MAR-0001","Бьянка Ласа","Гибкий мрамор","https://marmixflex.ru/tproduct/1706353951-103514265621-byanka-lasa","https://static.tildacdn.com/stor3064-3534-4839-b961-363437313931/84312166.png","product_primary","YES","Tilda product UID/title match; exact source gallery association","RIGHTS UNKNOWN","NO","«Бьянка Ласа» (MF-MAR-0001); confirm visually that this depicts the named decor before final alt.","5","1","NOT INDIVIDUALLY REVIEWED","NOT APPLICABLE — product-gallery asset; no project claim approved","Published in this SKU's Tilda product gallery. Visual decor match, role beyond gallery association, quality and rights are not independently confirmed."
"MF-MAR-0001","Бьянка Ласа","Гибкий мрамор","https://marmixflex.ru/tproduct/1706353951-103514265621-byanka-lasa","https://static.tildacdn.com/stor6531-6366-4333-b938-306138326464/83519299.png","unknown","NO","Tilda product UID/title match; exact source gallery association","RIGHTS UNKNOWN","NO","","5","2","NOT INDIVIDUALLY REVIEWED","NOT APPLICABLE — product-gallery asset; no project claim approved","Published in this SKU's Tilda product gallery. Visual decor match, role beyond gallery association, quality and rights are not independently confirmed."
"MF-MAR-0001","Бьянка Ласа","Гибкий мрамор","https://marmixflex.ru/tproduct/1706353951-103514265621-byanka-lasa","https://static.tildacdn.com/stor6535-6333-4436-a565-613036383262/88551675.jpg","unknown","NO","Tilda product UID/title match; exact source gallery association","RIGHTS UNKNOWN","NO","","5","3","NOT INDIVIDUALLY REVIEWED","NOT APPLICABLE — product-gallery asset; no project claim approved","Published in this SKU's Tilda product gallery. Visual decor match, role beyond gallery association, quality and rights are not independently confirmed."
"MF-MAR-0001","Бьянка Ласа","Гибкий мрамор","https://marmixflex.ru/tproduct/1706353951-103514265621-byanka-lasa","https://static.tildacdn.com/stor3036-3064-4461-a133-383830656437/11055067.jpg","unknown","NO","Tilda product UID/title match; exact source gallery association","RIGHTS UNKNOWN","NO","","5","4","NOT INDIVIDUALLY REVIEWED","NOT APPLICABLE — product-gallery asset; no project claim approved","Published in this SKU's Tilda product gallery. Visual decor match, role beyond gallery association, quality and rights are not independently confirmed."
"MF-MAR-0001","Бьянка Ласа","Гибкий мрамор","https://marmixflex.ru/tproduct/1706353951-103514265621-byanka-lasa","https://static.tildacdn.com/stor3564-6664-4363-b364-323365646535/11048053.jpg","unknown","NO","Tilda product UID/title match; exact source gallery association","RIGHTS UNKNOWN","NO","","5","5","NOT INDIVIDUALLY REVIEWED","NOT APPLICABLE — product-gallery asset; no project claim approved","Published in this SKU's Tilda product gallery. Visual decor match, role beyond gallery association, quality and rights are not independently confirmed."
"MF-MAR-0059","Дали","Гибкий мрамор","https://marmixflex.ru/tproduct/1706353951-362901603711-dali","https://static.tildacdn.com/stor3666-6135-4561-b537-363362323563/88329991.png","product_primary","YES","Tilda product UID/title match; exact source gallery association","RIGHTS UNKNOWN","NO","«Дали» (MF-MAR-0059); confirm visually that this depicts the named decor before final alt.","3","1","NOT INDIVIDUALLY REVIEWED","NOT APPLICABLE — product-gallery asset; no project claim approved","Published in this SKU's Tilda product gallery. Visual decor match, role beyond gallery association, quality and rights are not independently confirmed."
"MF-MAR-0059","Дали","Гибкий мрамор","https://marmixflex.ru/tproduct/1706353951-362901603711-dali","https://static.tildacdn.com/stor3131-3863-4432-b335-633430323437/17395507.png","unknown","NO","Tilda product UID/title match; exact source gallery association","RIGHTS UNKNOWN","NO","","3","2","NOT INDIVIDUALLY REVIEWED","NOT APPLICABLE — product-gallery asset; no project claim approved","Published in this SKU's Tilda product gallery. Visual decor match, role beyond gallery association, quality and rights are not independently confirmed."
"MF-MAR-0059","Дали","Гибкий мрамор","https://marmixflex.ru/tproduct/1706353951-362901603711-dali","https://static.tildacdn.com/stor3531-6438-4765-b930-623838363362/46245939.jpg","unknown","NO","Tilda product UID/title match; exact source gallery association","RIGHTS UNKNOWN","NO","","3","3","NOT INDIVIDUALLY REVIEWED","NOT APPLICABLE — product-gallery asset; no project claim approved","Published in this SKU's Tilda product gallery. Visual decor match, role beyond gallery association, quality and rights are not independently confirmed."
"MF-MAR-0062","Диаманд","Гибкий мрамор","https://marmixflex.ru/tproduct/1706353951-374798359371-diamand","https://static.tildacdn.com/stor6434-3763-4031-b863-313666336261/65176151.png","product_primary","YES","Tilda product UID/title match; exact source gallery association","RIGHTS UNKNOWN","NO","«Диаманд» (MF-MAR-0062); confirm visually that this depicts the named decor before final alt.","4","1","NOT INDIVIDUALLY REVIEWED","NOT APPLICABLE — product-gallery asset; no project claim approved","Published in this SKU's Tilda product gallery. Visual decor match, role beyond gallery association, quality and rights are not independently confirmed."
"MF-MAR-0062","Диаманд","Гибкий мрамор","https://marmixflex.ru/tproduct/1706353951-374798359371-diamand","https://static.tildacdn.com/stor6431-6330-4164-b930-626230656338/57113141.png","unknown","NO","Tilda product UID/title match; exact source gallery association","RIGHTS UNKNOWN","NO","","4","2","NOT INDIVIDUALLY REVIEWED","NOT APPLICABLE — product-gallery asset; no project claim approved","Published in this SKU's Tilda product gallery. Visual decor match, role beyond gallery association, quality and rights are not independently confirmed."
"MF-MAR-0062","Диаманд","Гибкий мрамор","https://marmixflex.ru/tproduct/1706353951-374798359371-diamand","https://static.tildacdn.com/stor6663-3865-4637-a430-303166306263/47215048.jpg","unknown","NO","Tilda product UID/title match; exact source gallery association","RIGHTS UNKNOWN","NO","","4","3","NOT INDIVIDUALLY REVIEWED","NOT APPLICABLE — product-gallery asset; no project claim approved","Published in this SKU's Tilda product gallery. Visual decor match, role beyond gallery association, quality and rights are not independently confirmed."
"MF-MAR-0062","Диаманд","Гибкий мрамор","https://marmixflex.ru/tproduct/1706353951-374798359371-diamand","https://static.tildacdn.com/stor6266-3337-4263-b964-336164333438/13610593.jpg","unknown","NO","Tilda product UID/title match; exact source gallery association","RIGHTS UNKNOWN","NO","","4","4","NOT INDIVIDUALLY REVIEWED","NOT APPLICABLE — product-gallery asset; no project claim approved","Published in this SKU's Tilda product gallery. Visual decor match, role beyond gallery association, quality and rights are not independently confirmed."
"MF-MAR-0026","Дорато","Гибкий мрамор","https://marmixflex.ru/tproduct/1706353951-204501324141-dorato","https://static.tildacdn.com/stor6531-6233-4338-b933-356662653230/80998421.png","product_primary","YES","Tilda product UID/title match; exact source gallery association","RIGHTS UNKNOWN","NO","«Дорато» (MF-MAR-0026); confirm visually that this depicts the named decor before final alt.","3","1","NOT INDIVIDUALLY REVIEWED","NOT APPLICABLE — product-gallery asset; no project claim approved","Published in this SKU's Tilda product gallery. Visual decor match, role beyond gallery association, quality and rights are not independently confirmed."
"MF-MAR-0026","Дорато","Гибкий мрамор","https://marmixflex.ru/tproduct/1706353951-204501324141-dorato","https://static.tildacdn.com/stor3931-6663-4762-b263-333136663430/74666734.png","unknown","NO","Tilda product UID/title match; exact source gallery association","RIGHTS UNKNOWN","NO","","3","2","NOT INDIVIDUALLY REVIEWED","NOT APPLICABLE — product-gallery asset; no project claim approved","Published in this SKU's Tilda product gallery. Visual decor match, role beyond gallery association, quality and rights are not independently confirmed."
"MF-MAR-0026","Дорато","Гибкий мрамор","https://marmixflex.ru/tproduct/1706353951-204501324141-dorato","https://static.tildacdn.com/stor6164-6431-4430-a462-633137643562/19907969.jpg","unknown","NO","Tilda product UID/title match; exact source gallery association","RIGHTS UNKNOWN","NO","","3","3","NOT INDIVIDUALLY REVIEWED","NOT APPLICABLE — product-gallery asset; no project claim approved","Published in this SKU's Tilda product gallery. Visual decor match, role beyond gallery association, quality and rights are not independently confirmed."
"MF-MAR-0120","Император Лайт","Гибкий мрамор","https://marmixflex.ru/tproduct/1706353951-711745850101-imperator-lait","https://static.tildacdn.com/stor3662-6265-4862-a339-626637336430/23912836.png","product_primary","YES","Tilda product UID/title match; exact source gallery association","RIGHTS UNKNOWN","NO","«Император Лайт» (MF-MAR-0120); confirm visually that this depicts the named decor before final alt.","4","1","NOT INDIVIDUALLY REVIEWED","NOT APPLICABLE — product-gallery asset; no project claim approved","Published in this SKU's Tilda product gallery. Visual decor match, role beyond gallery association, quality and rights are not independently confirmed."
"MF-MAR-0120","Император Лайт","Гибкий мрамор","https://marmixflex.ru/tproduct/1706353951-711745850101-imperator-lait","https://static.tildacdn.com/stor6462-6235-4337-b664-353938366334/69268305.png","unknown","NO","Tilda product UID/title match; exact source gallery association","RIGHTS UNKNOWN","NO","","4","2","NOT INDIVIDUALLY REVIEWED","NOT APPLICABLE — product-gallery asset; no project claim approved","Published in this SKU's Tilda product gallery. Visual decor match, role beyond gallery association, quality and rights are not independently confirmed."
"MF-MAR-0120","Император Лайт","Гибкий мрамор","https://marmixflex.ru/tproduct/1706353951-711745850101-imperator-lait","https://static.tildacdn.com/stor6538-6638-4930-b866-366561653635/57624281.jpg","unknown","NO","Tilda product UID/title match; exact source gallery association","RIGHTS UNKNOWN","NO","","4","3","NOT INDIVIDUALLY REVIEWED","NOT APPLICABLE — product-gallery asset; no project claim approved","Published in this SKU's Tilda product gallery. Visual decor match, role beyond gallery association, quality and rights are not independently confirmed."
"MF-MAR-0120","Император Лайт","Гибкий мрамор","https://marmixflex.ru/tproduct/1706353951-711745850101-imperator-lait","https://static.tildacdn.com/stor3130-3434-4139-a536-363362346662/65600174.jpg","unknown","NO","Tilda product UID/title match; exact source gallery association","RIGHTS UNKNOWN","NO","","4","4","NOT INDIVIDUALLY REVIEWED","NOT APPLICABLE — product-gallery asset; no project claim approved","Published in this SKU's Tilda product gallery. Visual decor match, role beyond gallery association, quality and rights are not independently confirmed."
"MF-MAR-0075","Италика","Гибкий мрамор","https://marmixflex.ru/tproduct/1706353951-475790381151-italika","https://static.tildacdn.com/stor3533-3831-4432-b533-363732366131/44719985.png","product_primary","YES","Tilda product UID/title match; exact source gallery association","RIGHTS UNKNOWN","NO","«Италика» (MF-MAR-0075); confirm visually that this depicts the named decor before final alt.","3","1","NOT INDIVIDUALLY REVIEWED","NOT APPLICABLE — product-gallery asset; no project claim approved","Published in this SKU's Tilda product gallery. Visual decor match, role beyond gallery association, quality and rights are not independently confirmed."
"MF-MAR-0075","Италика","Гибкий мрамор","https://marmixflex.ru/tproduct/1706353951-475790381151-italika","https://static.tildacdn.com/stor6436-3731-4633-b133-656261326666/68698687.png","unknown","NO","Tilda product UID/title match; exact source gallery association","RIGHTS UNKNOWN","NO","","3","2","NOT INDIVIDUALLY REVIEWED","NOT APPLICABLE — product-gallery asset; no project claim approved","Published in this SKU's Tilda product gallery. Visual decor match, role beyond gallery association, quality and rights are not independently confirmed."
"MF-MAR-0075","Италика","Гибкий мрамор","https://marmixflex.ru/tproduct/1706353951-475790381151-italika","https://static.tildacdn.com/stor6266-3166-4436-b533-383636643735/32469454.jpg","unknown","NO","Tilda product UID/title match; exact source gallery association","RIGHTS UNKNOWN","NO","","3","3","NOT INDIVIDUALLY REVIEWED","NOT APPLICABLE — product-gallery asset; no project claim approved","Published in this SKU's Tilda product gallery. Visual decor match, role beyond gallery association, quality and rights are not independently confirmed."
"MF-MAR-0077","Калаката","Гибкий мрамор","https://marmixflex.ru/tproduct/1706353951-489110024061-kalakata","https://static.tildacdn.com/stor6439-3332-4431-a638-613034376331/75123754.png","product_primary","YES","Tilda product UID/title match; exact source gallery association","RIGHTS UNKNOWN","NO","«Калаката» (MF-MAR-0077); confirm visually that this depicts the named decor before final alt.","3","1","NOT INDIVIDUALLY REVIEWED","NOT APPLICABLE — product-gallery asset; no project claim approved","Published in this SKU's Tilda product gallery. Visual decor match, role beyond gallery association, quality and rights are not independently confirmed."
"MF-MAR-0077","Калаката","Гибкий мрамор","https://marmixflex.ru/tproduct/1706353951-489110024061-kalakata","https://static.tildacdn.com/stor6366-3338-4137-b933-396432343837/59567318.png","unknown","NO","Tilda product UID/title match; exact source gallery association","RIGHTS UNKNOWN","NO","","3","2","NOT INDIVIDUALLY REVIEWED","NOT APPLICABLE — product-gallery asset; no project claim approved","Published in this SKU's Tilda product gallery. Visual decor match, role beyond gallery association, quality and rights are not independently confirmed."
"MF-MAR-0077","Калаката","Гибкий мрамор","https://marmixflex.ru/tproduct/1706353951-489110024061-kalakata","https://static.tildacdn.com/stor3264-6130-4839-b133-326335336565/17994908.jpg","unknown","NO","Tilda product UID/title match; exact source gallery association","RIGHTS UNKNOWN","NO","","3","3","NOT INDIVIDUALLY REVIEWED","NOT APPLICABLE — product-gallery asset; no project claim approved","Published in this SKU's Tilda product gallery. Visual decor match, role beyond gallery association, quality and rights are not independently confirmed."
"MF-MAR-0135","Колизей","Гибкий мрамор","https://marmixflex.ru/tproduct/1706353951-803168390661-kolizei","https://static.tildacdn.com/stor3138-3535-4738-b139-343134643039/83900159.png","product_primary","YES","Tilda product UID/title match; exact source gallery association","RIGHTS UNKNOWN","NO","«Колизей» (MF-MAR-0135); confirm visually that this depicts the named decor before final alt.","3","1","NOT INDIVIDUALLY REVIEWED","NOT APPLICABLE — product-gallery asset; no project claim approved","Published in this SKU's Tilda product gallery. Visual decor match, role beyond gallery association, quality and rights are not independently confirmed."
"MF-MAR-0135","Колизей","Гибкий мрамор","https://marmixflex.ru/tproduct/1706353951-803168390661-kolizei","https://static.tildacdn.com/stor3838-6162-4861-b032-343333363837/62977697.png","unknown","NO","Tilda product UID/title match; exact source gallery association","RIGHTS UNKNOWN","NO","","3","2","NOT INDIVIDUALLY REVIEWED","NOT APPLICABLE — product-gallery asset; no project claim approved","Published in this SKU's Tilda product gallery. Visual decor match, role beyond gallery association, quality and rights are not independently confirmed."
"MF-MAR-0135","Колизей","Гибкий мрамор","https://marmixflex.ru/tproduct/1706353951-803168390661-kolizei","https://static.tildacdn.com/stor6663-6432-4233-b264-386366666130/58981991.jpg","unknown","NO","Tilda product UID/title match; exact source gallery association","RIGHTS UNKNOWN","NO","","3","3","NOT INDIVIDUALLY REVIEWED","NOT APPLICABLE — product-gallery asset; no project claim approved","Published in this SKU's Tilda product gallery. Visual decor match, role beyond gallery association, quality and rights are not independently confirmed."
"MF-MAR-0017","Крестола","Гибкий мрамор","https://marmixflex.ru/tproduct/1706353951-170519238391-krestola","https://static.tildacdn.com/stor3561-3239-4537-b237-653439643764/67876931.png","product_primary","YES","Tilda product UID/title match; exact source gallery association","RIGHTS UNKNOWN","NO","«Крестола» (MF-MAR-0017); confirm visually that this depicts the named decor before final alt.","3","1","NOT INDIVIDUALLY REVIEWED","NOT APPLICABLE — product-gallery asset; no project claim approved","Published in this SKU's Tilda product gallery. Visual decor match, role beyond gallery association, quality and rights are not independently confirmed."
"MF-MAR-0017","Крестола","Гибкий мрамор","https://marmixflex.ru/tproduct/1706353951-170519238391-krestola","https://static.tildacdn.com/stor6262-3863-4663-a661-626361303738/41211467.png","unknown","NO","Tilda product UID/title match; exact source gallery association","RIGHTS UNKNOWN","NO","","3","2","NOT INDIVIDUALLY REVIEWED","NOT APPLICABLE — product-gallery asset; no project claim approved","Published in this SKU's Tilda product gallery. Visual decor match, role beyond gallery association, quality and rights are not independently confirmed."
"MF-MAR-0017","Крестола","Гибкий мрамор","https://marmixflex.ru/tproduct/1706353951-170519238391-krestola","https://static.tildacdn.com/stor3162-6438-4033-b631-626235626231/31822980.jpg","unknown","NO","Tilda product UID/title match; exact source gallery association","RIGHTS UNKNOWN","NO","","3","3","NOT INDIVIDUALLY REVIEWED","NOT APPLICABLE — product-gallery asset; no project claim approved","Published in this SKU's Tilda product gallery. Visual decor match, role beyond gallery association, quality and rights are not independently confirmed."
"MF-MAR-0063","Кристал","Гибкий мрамор","https://marmixflex.ru/tproduct/1706353951-379174374731-kristal","https://static.tildacdn.com/stor6464-3961-4638-b232-636333303563/24022719.png","product_primary","YES","Tilda product UID/title match; exact source gallery association","RIGHTS UNKNOWN","NO","«Кристал» (MF-MAR-0063); confirm visually that this depicts the named decor before final alt.","5","1","NOT INDIVIDUALLY REVIEWED","NOT APPLICABLE — product-gallery asset; no project claim approved","Published in this SKU's Tilda product gallery. Visual decor match, role beyond gallery association, quality and rights are not independently confirmed."
"MF-MAR-0063","Кристал","Гибкий мрамор","https://marmixflex.ru/tproduct/1706353951-379174374731-kristal","https://static.tildacdn.com/stor3535-6466-4564-a233-653862366562/72122380.png","unknown","NO","Tilda product UID/title match; exact source gallery association","RIGHTS UNKNOWN","NO","","5","2","NOT INDIVIDUALLY REVIEWED","NOT APPLICABLE — product-gallery asset; no project claim approved","Published in this SKU's Tilda product gallery. Visual decor match, role beyond gallery association, quality and rights are not independently confirmed."
"MF-MAR-0063","Кристал","Гибкий мрамор","https://marmixflex.ru/tproduct/1706353951-379174374731-kristal","https://static.tildacdn.com/stor3033-6134-4566-b764-313535313362/37836211.jpg","unknown","NO","Tilda product UID/title match; exact source gallery association","RIGHTS UNKNOWN","NO","","5","3","NOT INDIVIDUALLY REVIEWED","NOT APPLICABLE — product-gallery asset; no project claim approved","Published in this SKU's Tilda product gallery. Visual decor match, role beyond gallery association, quality and rights are not independently confirmed."
"MF-MAR-0063","Кристал","Гибкий мрамор","https://marmixflex.ru/tproduct/1706353951-379174374731-kristal","https://static.tildacdn.com/stor6338-3162-4738-b461-633237343738/71413403.jpg","unknown","NO","Tilda product UID/title match; exact source gallery association","RIGHTS UNKNOWN","NO","","5","4","NOT INDIVIDUALLY REVIEWED","NOT APPLICABLE — product-gallery asset; no project claim approved","Published in this SKU's Tilda product gallery. Visual decor match, role beyond gallery association, quality and rights are not independently confirmed."
"MF-MAR-0063","Кристал","Гибкий мрамор","https://marmixflex.ru/tproduct/1706353951-379174374731-kristal","https://static.tildacdn.com/stor6433-6535-4738-b263-663338386436/95525533.jpg","unknown","NO","Tilda product UID/title match; exact source gallery association","RIGHTS UNKNOWN","NO","","5","5","NOT INDIVIDUALLY REVIEWED","NOT APPLICABLE — product-gallery asset; no project claim approved","Published in this SKU's Tilda product gallery. Visual decor match, role beyond gallery association, quality and rights are not independently confirmed."
"MF-MAR-0029","Лагуна","Гибкий мрамор","https://marmixflex.ru/tproduct/1706353951-218776586501-laguna","https://static.tildacdn.com/stor3362-6233-4762-b139-336139313165/59326441.png","product_primary","YES","Tilda product UID/title match; exact source gallery association","RIGHTS UNKNOWN","NO","«Лагуна» (MF-MAR-0029); confirm visually that this depicts the named decor before final alt.","5","1","NOT INDIVIDUALLY REVIEWED","NOT APPLICABLE — product-gallery asset; no project claim approved","Published in this SKU's Tilda product gallery. Visual decor match, role beyond gallery association, quality and rights are not independently confirmed."
"MF-MAR-0029","Лагуна","Гибкий мрамор","https://marmixflex.ru/tproduct/1706353951-218776586501-laguna","https://static.tildacdn.com/stor3537-6130-4364-b663-393566386563/49737687.png","unknown","NO","Tilda product UID/title match; exact source gallery association","RIGHTS UNKNOWN","NO","","5","2","NOT INDIVIDUALLY REVIEWED","NOT APPLICABLE — product-gallery asset; no project claim approved","Published in this SKU's Tilda product gallery. Visual decor match, role beyond gallery association, quality and rights are not independently confirmed."
"MF-MAR-0029","Лагуна","Гибкий мрамор","https://marmixflex.ru/tproduct/1706353951-218776586501-laguna","https://static.tildacdn.com/stor6465-6164-4839-b032-356265646330/19571821.jpg","unknown","NO","Tilda product UID/title match; exact source gallery association","RIGHTS UNKNOWN","NO","","5","3","NOT INDIVIDUALLY REVIEWED","NOT APPLICABLE — product-gallery asset; no project claim approved","Published in this SKU's Tilda product gallery. Visual decor match, role beyond gallery association, quality and rights are not independently confirmed."
"MF-MAR-0029","Лагуна","Гибкий мрамор","https://marmixflex.ru/tproduct/1706353951-218776586501-laguna","https://static.tildacdn.com/stor3633-6538-4131-b863-613461623835/61177498.jpg","unknown","NO","Tilda product UID/title match; exact source gallery association","RIGHTS UNKNOWN","NO","","5","4","NOT INDIVIDUALLY REVIEWED","NOT APPLICABLE — product-gallery asset; no project claim approved","Published in this SKU's Tilda product gallery. Visual decor match, role beyond gallery association, quality and rights are not independently confirmed."
"MF-MAR-0029","Лагуна","Гибкий мрамор","https://marmixflex.ru/tproduct/1706353951-218776586501-laguna","https://static.tildacdn.com/stor6666-3339-4061-b937-333436653466/14563794.jpg","unknown","NO","Tilda product UID/title match; exact source gallery association","RIGHTS UNKNOWN","NO","","5","5","NOT INDIVIDUALLY REVIEWED","NOT APPLICABLE — product-gallery asset; no project claim approved","Published in this SKU's Tilda product gallery. Visual decor match, role beyond gallery association, quality and rights are not independently confirmed."
"MF-MAR-0009","Мадейра","Гибкий мрамор","https://marmixflex.ru/tproduct/1706353951-122456798331-madeira","https://static.tildacdn.com/stor6431-3266-4535-b262-393535616133/65446594.png","product_primary","YES","Tilda product UID/title match; exact source gallery association","RIGHTS UNKNOWN","NO","«Мадейра» (MF-MAR-0009); confirm visually that this depicts the named decor before final alt.","3","1","NOT INDIVIDUALLY REVIEWED","NOT APPLICABLE — product-gallery asset; no project claim approved","Published in this SKU's Tilda product gallery. Visual decor match, role beyond gallery association, quality and rights are not independently confirmed."
"MF-MAR-0009","Мадейра","Гибкий мрамор","https://marmixflex.ru/tproduct/1706353951-122456798331-madeira","https://static.tildacdn.com/stor6363-3836-4163-a333-373962373636/66400891.png","unknown","NO","Tilda product UID/title match; exact source gallery association","RIGHTS UNKNOWN","NO","","3","2","NOT INDIVIDUALLY REVIEWED","NOT APPLICABLE — product-gallery asset; no project claim approved","Published in this SKU's Tilda product gallery. Visual decor match, role beyond gallery association, quality and rights are not independently confirmed."
"MF-MAR-0009","Мадейра","Гибкий мрамор","https://marmixflex.ru/tproduct/1706353951-122456798331-madeira","https://static.tildacdn.com/stor3730-6664-4434-a232-613839313439/33202782.jpg","unknown","NO","Tilda product UID/title match; exact source gallery association","RIGHTS UNKNOWN","NO","","3","3","NOT INDIVIDUALLY REVIEWED","NOT APPLICABLE — product-gallery asset; no project claim approved","Published in this SKU's Tilda product gallery. Visual decor match, role beyond gallery association, quality and rights are not independently confirmed."
"MF-MAR-0057","Мансони","Гибкий мрамор","https://marmixflex.ru/tproduct/1706353951-353636757971-mansoni","https://static.tildacdn.com/stor3461-3034-4532-a530-663936303838/38131232.png","product_primary","YES","Tilda product UID/title match; exact source gallery association","RIGHTS UNKNOWN","NO","«Мансони» (MF-MAR-0057); confirm visually that this depicts the named decor before final alt.","3","1","NOT INDIVIDUALLY REVIEWED","NOT APPLICABLE — product-gallery asset; no project claim approved","Published in this SKU's Tilda product gallery. Visual decor match, role beyond gallery association, quality and rights are not independently confirmed."
"MF-MAR-0057","Мансони","Гибкий мрамор","https://marmixflex.ru/tproduct/1706353951-353636757971-mansoni","https://static.tildacdn.com/stor3930-6430-4561-b836-636336386661/71802167.png","unknown","NO","Tilda product UID/title match; exact source gallery association","RIGHTS UNKNOWN","NO","","3","2","NOT INDIVIDUALLY REVIEWED","NOT APPLICABLE — product-gallery asset; no project claim approved","Published in this SKU's Tilda product gallery. Visual decor match, role beyond gallery association, quality and rights are not independently confirmed."
"MF-MAR-0057","Мансони","Гибкий мрамор","https://marmixflex.ru/tproduct/1706353951-353636757971-mansoni","https://static.tildacdn.com/stor3732-3861-4132-b661-353538663032/93568827.jpg","unknown","NO","Tilda product UID/title match; exact source gallery association","RIGHTS UNKNOWN","NO","","3","3","NOT INDIVIDUALLY REVIEWED","NOT APPLICABLE — product-gallery asset; no project claim approved","Published in this SKU's Tilda product gallery. Visual decor match, role beyond gallery association, quality and rights are not independently confirmed."
"MF-MAR-0118","Сант-Анн","Гибкий мрамор","https://marmixflex.ru/tproduct/1706353951-692931560921-sant-ann","https://static.tildacdn.com/stor3662-3361-4730-a665-343631643739/26631827.png","product_primary","YES","Tilda product UID/title match; exact source gallery association","RIGHTS UNKNOWN","NO","«Сант-Анн» (MF-MAR-0118); confirm visually that this depicts the named decor before final alt.","3","1","NOT INDIVIDUALLY REVIEWED","NOT APPLICABLE — product-gallery asset; no project claim approved","Published in this SKU's Tilda product gallery. Visual decor match, role beyond gallery association, quality and rights are not independently confirmed."
"MF-MAR-0118","Сант-Анн","Гибкий мрамор","https://marmixflex.ru/tproduct/1706353951-692931560921-sant-ann","https://static.tildacdn.com/stor3932-6337-4432-b936-353966356634/50720149.png","unknown","NO","Tilda product UID/title match; exact source gallery association","RIGHTS UNKNOWN","NO","","3","2","NOT INDIVIDUALLY REVIEWED","NOT APPLICABLE — product-gallery asset; no project claim approved","Published in this SKU's Tilda product gallery. Visual decor match, role beyond gallery association, quality and rights are not independently confirmed."
"MF-MAR-0118","Сант-Анн","Гибкий мрамор","https://marmixflex.ru/tproduct/1706353951-692931560921-sant-ann","https://static.tildacdn.com/stor3939-3263-4137-b437-356362383535/75371782.jpg","unknown","NO","Tilda product UID/title match; exact source gallery association","RIGHTS UNKNOWN","NO","","3","3","NOT INDIVIDUALLY REVIEWED","NOT APPLICABLE — product-gallery asset; no project claim approved","Published in this SKU's Tilda product gallery. Visual decor match, role beyond gallery association, quality and rights are not independently confirmed."
"MF-MAR-0150","Санторини","Гибкий мрамор","https://marmixflex.ru/tproduct/1706353951-889630124171-santorini","https://static.tildacdn.com/stor3463-3165-4862-b438-613333623062/22968117.png","product_primary","YES","Tilda product UID/title match; exact source gallery association","RIGHTS UNKNOWN","NO","«Санторини» (MF-MAR-0150); confirm visually that this depicts the named decor before final alt.","3","1","NOT INDIVIDUALLY REVIEWED","NOT APPLICABLE — product-gallery asset; no project claim approved","Published in this SKU's Tilda product gallery. Visual decor match, role beyond gallery association, quality and rights are not independently confirmed."
"MF-MAR-0150","Санторини","Гибкий мрамор","https://marmixflex.ru/tproduct/1706353951-889630124171-santorini","https://static.tildacdn.com/stor3434-3138-4432-b139-376636363637/60986569.png","unknown","NO","Tilda product UID/title match; exact source gallery association","RIGHTS UNKNOWN","NO","","3","2","NOT INDIVIDUALLY REVIEWED","NOT APPLICABLE — product-gallery asset; no project claim approved","Published in this SKU's Tilda product gallery. Visual decor match, role beyond gallery association, quality and rights are not independently confirmed."
"MF-MAR-0150","Санторини","Гибкий мрамор","https://marmixflex.ru/tproduct/1706353951-889630124171-santorini","https://static.tildacdn.com/stor6361-6638-4162-b866-393062656461/32813968.jpg","unknown","NO","Tilda product UID/title match; exact source gallery association","RIGHTS UNKNOWN","NO","","3","3","NOT INDIVIDUALLY REVIEWED","NOT APPLICABLE — product-gallery asset; no project claim approved","Published in this SKU's Tilda product gallery. Visual decor match, role beyond gallery association, quality and rights are not independently confirmed."
"MF-MAR-0089","Селена","Гибкий мрамор","https://marmixflex.ru/tproduct/1706353951-558415063981-selena","https://static.tildacdn.com/stor6636-6334-4631-b832-373333636137/93116076.png","product_primary","YES","Tilda product UID/title match; exact source gallery association","RIGHTS UNKNOWN","NO","«Селена» (MF-MAR-0089); confirm visually that this depicts the named decor before final alt.","3","1","NOT INDIVIDUALLY REVIEWED","NOT APPLICABLE — product-gallery asset; no project claim approved","Published in this SKU's Tilda product gallery. Visual decor match, role beyond gallery association, quality and rights are not independently confirmed."
"MF-MAR-0089","Селена","Гибкий мрамор","https://marmixflex.ru/tproduct/1706353951-558415063981-selena","https://static.tildacdn.com/stor3963-3663-4765-b239-383161323666/21842322.png","unknown","NO","Tilda product UID/title match; exact source gallery association","RIGHTS UNKNOWN","NO","","3","2","NOT INDIVIDUALLY REVIEWED","NOT APPLICABLE — product-gallery asset; no project claim approved","Published in this SKU's Tilda product gallery. Visual decor match, role beyond gallery association, quality and rights are not independently confirmed."
"MF-MAR-0089","Селена","Гибкий мрамор","https://marmixflex.ru/tproduct/1706353951-558415063981-selena","https://static.tildacdn.com/stor3430-3562-4334-b666-626563646565/12232172.jpg","unknown","NO","Tilda product UID/title match; exact source gallery association","RIGHTS UNKNOWN","NO","","3","3","NOT INDIVIDUALLY REVIEWED","NOT APPLICABLE — product-gallery asset; no project claim approved","Published in this SKU's Tilda product gallery. Visual decor match, role beyond gallery association, quality and rights are not independently confirmed."
"MF-MAR-0008","Сельва","Гибкий мрамор","https://marmixflex.ru/tproduct/1706353951-122275408051-selva","https://static.tildacdn.com/stor3333-3563-4564-b731-306638636636/64807895.png","product_primary","YES","Tilda product UID/title match; exact source gallery association","RIGHTS UNKNOWN","NO","«Сельва» (MF-MAR-0008); confirm visually that this depicts the named decor before final alt.","4","1","NOT INDIVIDUALLY REVIEWED","NOT APPLICABLE — product-gallery asset; no project claim approved","Published in this SKU's Tilda product gallery. Visual decor match, role beyond gallery association, quality and rights are not independently confirmed."
"MF-MAR-0008","Сельва","Гибкий мрамор","https://marmixflex.ru/tproduct/1706353951-122275408051-selva","https://static.tildacdn.com/stor3066-3237-4638-b236-373332643362/63995208.png","unknown","NO","Tilda product UID/title match; exact source gallery association","RIGHTS UNKNOWN","NO","","4","2","NOT INDIVIDUALLY REVIEWED","NOT APPLICABLE — product-gallery asset; no project claim approved","Published in this SKU's Tilda product gallery. Visual decor match, role beyond gallery association, quality and rights are not independently confirmed."
"MF-MAR-0008","Сельва","Гибкий мрамор","https://marmixflex.ru/tproduct/1706353951-122275408051-selva","https://static.tildacdn.com/stor6264-3563-4534-b132-386136303530/57518943.jpg","unknown","NO","Tilda product UID/title match; exact source gallery association","RIGHTS UNKNOWN","NO","","4","3","NOT INDIVIDUALLY REVIEWED","NOT APPLICABLE — product-gallery asset; no project claim approved","Published in this SKU's Tilda product gallery. Visual decor match, role beyond gallery association, quality and rights are not independently confirmed."
"MF-MAR-0008","Сельва","Гибкий мрамор","https://marmixflex.ru/tproduct/1706353951-122275408051-selva","https://static.tildacdn.com/stor3431-3434-4161-a230-376565656539/30655269.jpg","unknown","NO","Tilda product UID/title match; exact source gallery association","RIGHTS UNKNOWN","NO","","4","4","NOT INDIVIDUALLY REVIEWED","NOT APPLICABLE — product-gallery asset; no project claim approved","Published in this SKU's Tilda product gallery. Visual decor match, role beyond gallery association, quality and rights are not independently confirmed."
"MF-MAR-0081","Серый оникс","Гибкий мрамор","https://marmixflex.ru/tproduct/1706353951-513448313281-serii-oniks","https://static.tildacdn.com/stor3936-3637-4164-a564-643137343236/64564488.png","product_primary","YES","Tilda product UID/title match; exact source gallery association","RIGHTS UNKNOWN","NO","«Серый оникс» (MF-MAR-0081); confirm visually that this depicts the named decor before final alt.","3","1","NOT INDIVIDUALLY REVIEWED","NOT APPLICABLE — product-gallery asset; no project claim approved","Published in this SKU's Tilda product gallery. Visual decor match, role beyond gallery association, quality and rights are not independently confirmed."
"MF-MAR-0081","Серый оникс","Гибкий мрамор","https://marmixflex.ru/tproduct/1706353951-513448313281-serii-oniks","https://static.tildacdn.com/stor6266-6561-4236-b239-323930363937/54883108.png","unknown","NO","Tilda product UID/title match; exact source gallery association","RIGHTS UNKNOWN","NO","","3","2","NOT INDIVIDUALLY REVIEWED","NOT APPLICABLE — product-gallery asset; no project claim approved","Published in this SKU's Tilda product gallery. Visual decor match, role beyond gallery association, quality and rights are not independently confirmed."
"MF-MAR-0081","Серый оникс","Гибкий мрамор","https://marmixflex.ru/tproduct/1706353951-513448313281-serii-oniks","https://static.tildacdn.com/stor6332-3136-4632-a464-396134396561/49330991.jpg","unknown","NO","Tilda product UID/title match; exact source gallery association","RIGHTS UNKNOWN","NO","","3","3","NOT INDIVIDUALLY REVIEWED","NOT APPLICABLE — product-gallery asset; no project claim approved","Published in this SKU's Tilda product gallery. Visual decor match, role beyond gallery association, quality and rights are not independently confirmed."
"MF-MAR-0101","Сильвер Грей","Гибкий мрамор","https://marmixflex.ru/tproduct/1706353951-614722166851-silver-grei","https://static.tildacdn.com/stor6266-3739-4364-b032-333465613164/91021570.png","product_primary","YES","Tilda product UID/title match; exact source gallery association","RIGHTS UNKNOWN","NO","«Сильвер Грей» (MF-MAR-0101); confirm visually that this depicts the named decor before final alt.","3","1","NOT INDIVIDUALLY REVIEWED","NOT APPLICABLE — product-gallery asset; no project claim approved","Published in this SKU's Tilda product gallery. Visual decor match, role beyond gallery association, quality and rights are not independently confirmed."
"MF-MAR-0101","Сильвер Грей","Гибкий мрамор","https://marmixflex.ru/tproduct/1706353951-614722166851-silver-grei","https://static.tildacdn.com/stor6164-3561-4230-a366-306233636261/31839997.png","unknown","NO","Tilda product UID/title match; exact source gallery association","RIGHTS UNKNOWN","NO","","3","2","NOT INDIVIDUALLY REVIEWED","NOT APPLICABLE — product-gallery asset; no project claim approved","Published in this SKU's Tilda product gallery. Visual decor match, role beyond gallery association, quality and rights are not independently confirmed."
"MF-MAR-0101","Сильвер Грей","Гибкий мрамор","https://marmixflex.ru/tproduct/1706353951-614722166851-silver-grei","https://static.tildacdn.com/stor3236-3763-4135-b966-333863363334/63192180.jpg","unknown","NO","Tilda product UID/title match; exact source gallery association","RIGHTS UNKNOWN","NO","","3","3","NOT INDIVIDUALLY REVIEWED","NOT APPLICABLE — product-gallery asset; no project claim approved","Published in this SKU's Tilda product gallery. Visual decor match, role beyond gallery association, quality and rights are not independently confirmed."
"MF-MAR-0139","Антэн","Гибкий мрамор","https://marmixflex.ru/tproduct/1706353951-822748465101-anten","https://static.tildacdn.com/stor3733-3263-4333-a635-366634323535/61873020.png","product_primary","YES","Tilda product UID/title match; exact source gallery association","RIGHTS UNKNOWN","NO","«Антэн» (MF-MAR-0139); confirm visually that this depicts the named decor before final alt.","4","1","NOT INDIVIDUALLY REVIEWED","NOT APPLICABLE — product-gallery asset; no project claim approved","Published in this SKU's Tilda product gallery. Visual decor match, role beyond gallery association, quality and rights are not independently confirmed."
"MF-MAR-0139","Антэн","Гибкий мрамор","https://marmixflex.ru/tproduct/1706353951-822748465101-anten","https://static.tildacdn.com/stor6461-6333-4531-b837-646433626164/53986481.png","unknown","NO","Tilda product UID/title match; exact source gallery association","RIGHTS UNKNOWN","NO","","4","2","NOT INDIVIDUALLY REVIEWED","NOT APPLICABLE — product-gallery asset; no project claim approved","Published in this SKU's Tilda product gallery. Visual decor match, role beyond gallery association, quality and rights are not independently confirmed."
"MF-MAR-0139","Антэн","Гибкий мрамор","https://marmixflex.ru/tproduct/1706353951-822748465101-anten","https://static.tildacdn.com/stor3430-3339-4436-b862-316434636264/16331243.jpg","unknown","NO","Tilda product UID/title match; exact source gallery association","RIGHTS UNKNOWN","NO","","4","3","NOT INDIVIDUALLY REVIEWED","NOT APPLICABLE — product-gallery asset; no project claim approved","Published in this SKU's Tilda product gallery. Visual decor match, role beyond gallery association, quality and rights are not independently confirmed."
"MF-MAR-0139","Антэн","Гибкий мрамор","https://marmixflex.ru/tproduct/1706353951-822748465101-anten","https://static.tildacdn.com/stor6432-6232-4433-a266-633761653138/29088583.jpg","unknown","NO","Tilda product UID/title match; exact source gallery association","RIGHTS UNKNOWN","NO","","4","4","NOT INDIVIDUALLY REVIEWED","NOT APPLICABLE — product-gallery asset; no project claim approved","Published in this SKU's Tilda product gallery. Visual decor match, role beyond gallery association, quality and rights are not independently confirmed."
"MF-MAR-0027","Алмаз","Гибкий мрамор","https://marmixflex.ru/tproduct/1706353951-204925458781-almaz","https://static.tildacdn.com/stor3833-6361-4533-a562-373733313763/81200698.png","product_primary","YES","Tilda product UID/title match; exact source gallery association","RIGHTS UNKNOWN","NO","«Алмаз» (MF-MAR-0027); confirm visually that this depicts the named decor before final alt.","6","1","NOT INDIVIDUALLY REVIEWED","NOT APPLICABLE — product-gallery asset; no project claim approved","Published in this SKU's Tilda product gallery. Visual decor match, role beyond gallery association, quality and rights are not independently confirmed."
"MF-MAR-0027","Алмаз","Гибкий мрамор","https://marmixflex.ru/tproduct/1706353951-204925458781-almaz","https://static.tildacdn.com/tild3765-6463-4738-b365-616231353038/Group_378.png","unknown","NO","Tilda product UID/title match; exact source gallery association","RIGHTS UNKNOWN","NO","","6","2","NOT INDIVIDUALLY REVIEWED","NOT APPLICABLE — product-gallery asset; no project claim approved","Published in this SKU's Tilda product gallery. Visual decor match, role beyond gallery association, quality and rights are not independently confirmed."
"MF-MAR-0027","Алмаз","Гибкий мрамор","https://marmixflex.ru/tproduct/1706353951-204925458781-almaz","https://static.tildacdn.com/stor3533-3339-4436-b564-663134336163/14350979.jpg","unknown","NO","Tilda product UID/title match; exact source gallery association","RIGHTS UNKNOWN","NO","","6","3","NOT INDIVIDUALLY REVIEWED","NOT APPLICABLE — product-gallery asset; no project claim approved","Published in this SKU's Tilda product gallery. Visual decor match, role beyond gallery association, quality and rights are not independently confirmed."
"MF-MAR-0027","Алмаз","Гибкий мрамор","https://marmixflex.ru/tproduct/1706353951-204925458781-almaz","https://static.tildacdn.com/tild6665-3236-4666-a430-356132646139/1-20.jpg","unknown","NO","Tilda product UID/title match; exact source gallery association","RIGHTS UNKNOWN","NO","","6","4","NOT INDIVIDUALLY REVIEWED","NOT APPLICABLE — product-gallery asset; no project claim approved","Published in this SKU's Tilda product gallery. Visual decor match, role beyond gallery association, quality and rights are not independently confirmed."
"MF-MAR-0027","Алмаз","Гибкий мрамор","https://marmixflex.ru/tproduct/1706353951-204925458781-almaz","https://static.tildacdn.com/tild3861-3465-4933-b762-326636353864/2-19.jpg","unknown","NO","Tilda product UID/title match; exact source gallery association","RIGHTS UNKNOWN","NO","","6","5","NOT INDIVIDUALLY REVIEWED","NOT APPLICABLE — product-gallery asset; no project claim approved","Published in this SKU's Tilda product gallery. Visual decor match, role beyond gallery association, quality and rights are not independently confirmed."
"MF-MAR-0027","Алмаз","Гибкий мрамор","https://marmixflex.ru/tproduct/1706353951-204925458781-almaz","https://static.tildacdn.com/tild6264-6135-4831-a236-663130333338/3-19.jpg","unknown","NO","Tilda product UID/title match; exact source gallery association","RIGHTS UNKNOWN","NO","","6","6","NOT INDIVIDUALLY REVIEWED","NOT APPLICABLE — product-gallery asset; no project claim approved","Published in this SKU's Tilda product gallery. Visual decor match, role beyond gallery association, quality and rights are not independently confirmed."
"MF-MAR-0119","Сириус Грин","Гибкий мрамор","https://marmixflex.ru/tproduct/1706353951-695287222501-sirius-grin","https://static.tildacdn.com/stor6533-3831-4334-a664-653863343630/43706109.png","product_primary","YES","Tilda product UID/title match; exact source gallery association","RIGHTS UNKNOWN","NO","«Сириус Грин» (MF-MAR-0119); confirm visually that this depicts the named decor before final alt.","3","1","NOT INDIVIDUALLY REVIEWED","NOT APPLICABLE — product-gallery asset; no project claim approved","Published in this SKU's Tilda product gallery. Visual decor match, role beyond gallery association, quality and rights are not independently confirmed."
"MF-MAR-0119","Сириус Грин","Гибкий мрамор","https://marmixflex.ru/tproduct/1706353951-695287222501-sirius-grin","https://static.tildacdn.com/stor3239-6366-4539-a231-626161353438/61320228.png","unknown","NO","Tilda product UID/title match; exact source gallery association","RIGHTS UNKNOWN","NO","","3","2","NOT INDIVIDUALLY REVIEWED","NOT APPLICABLE — product-gallery asset; no project claim approved","Published in this SKU's Tilda product gallery. Visual decor match, role beyond gallery association, quality and rights are not independently confirmed."
"MF-MAR-0119","Сириус Грин","Гибкий мрамор","https://marmixflex.ru/tproduct/1706353951-695287222501-sirius-grin","https://static.tildacdn.com/stor3537-3737-4165-b263-653239396162/20915170.jpg","unknown","NO","Tilda product UID/title match; exact source gallery association","RIGHTS UNKNOWN","NO","","3","3","NOT INDIVIDUALLY REVIEWED","NOT APPLICABLE — product-gallery asset; no project claim approved","Published in this SKU's Tilda product gallery. Visual decor match, role beyond gallery association, quality and rights are not independently confirmed."
"MF-MAR-0041","Сириус","Гибкий мрамор","https://marmixflex.ru/tproduct/1706353951-281148826111-sirius","https://static.tildacdn.com/stor3435-6333-4461-b732-363361393561/36031951.png","product_primary","YES","Tilda product UID/title match; exact source gallery association","RIGHTS UNKNOWN","NO","«Сириус» (MF-MAR-0041); confirm visually that this depicts the named decor before final alt.","4","1","NOT INDIVIDUALLY REVIEWED","NOT APPLICABLE — product-gallery asset; no project claim approved","Published in this SKU's Tilda product gallery. Visual decor match, role beyond gallery association, quality and rights are not independently confirmed."
"MF-MAR-0041","Сириус","Гибкий мрамор","https://marmixflex.ru/tproduct/1706353951-281148826111-sirius","https://static.tildacdn.com/stor3163-6462-4833-b931-643335373565/84582931.png","unknown","NO","Tilda product UID/title match; exact source gallery association","RIGHTS UNKNOWN","NO","","4","2","NOT INDIVIDUALLY REVIEWED","NOT APPLICABLE — product-gallery asset; no project claim approved","Published in this SKU's Tilda product gallery. Visual decor match, role beyond gallery association, quality and rights are not independently confirmed."
"MF-MAR-0041","Сириус","Гибкий мрамор","https://marmixflex.ru/tproduct/1706353951-281148826111-sirius","https://static.tildacdn.com/stor6662-6630-4165-a564-316233366431/39048889.jpg","unknown","NO","Tilda product UID/title match; exact source gallery association","RIGHTS UNKNOWN","NO","","4","3","NOT INDIVIDUALLY REVIEWED","NOT APPLICABLE — product-gallery asset; no project claim approved","Published in this SKU's Tilda product gallery. Visual decor match, role beyond gallery association, quality and rights are not independently confirmed."
"MF-MAR-0041","Сириус","Гибкий мрамор","https://marmixflex.ru/tproduct/1706353951-281148826111-sirius","https://static.tildacdn.com/stor3565-6663-4737-a464-656631383664/98055949.png","unknown","NO","Tilda product UID/title match; exact source gallery association","RIGHTS UNKNOWN","NO","","4","4","NOT INDIVIDUALLY REVIEWED","NOT APPLICABLE — product-gallery asset; no project claim approved","Published in this SKU's Tilda product gallery. Visual decor match, role beyond gallery association, quality and rights are not independently confirmed."
"MF-MAR-0108","Скай","Гибкий мрамор","https://marmixflex.ru/tproduct/1706353951-658053428881-skai","https://static.tildacdn.com/stor3038-3165-4434-a163-333035363161/77327066.png","product_primary","YES","Tilda product UID/title match; exact source gallery association","RIGHTS UNKNOWN","NO","«Скай» (MF-MAR-0108); confirm visually that this depicts the named decor before final alt.","3","1","NOT INDIVIDUALLY REVIEWED","NOT APPLICABLE — product-gallery asset; no project claim approved","Published in this SKU's Tilda product gallery. Visual decor match, role beyond gallery association, quality and rights are not independently confirmed."
"MF-MAR-0108","Скай","Гибкий мрамор","https://marmixflex.ru/tproduct/1706353951-658053428881-skai","https://static.tildacdn.com/stor3166-6434-4338-b761-626237616666/52706781.png","unknown","NO","Tilda product UID/title match; exact source gallery association","RIGHTS UNKNOWN","NO","","3","2","NOT INDIVIDUALLY REVIEWED","NOT APPLICABLE — product-gallery asset; no project claim approved","Published in this SKU's Tilda product gallery. Visual decor match, role beyond gallery association, quality and rights are not independently confirmed."
"MF-MAR-0108","Скай","Гибкий мрамор","https://marmixflex.ru/tproduct/1706353951-658053428881-skai","https://static.tildacdn.com/stor3536-3664-4039-a634-386266633030/37691309.jpg","unknown","NO","Tilda product UID/title match; exact source gallery association","RIGHTS UNKNOWN","NO","","3","3","NOT INDIVIDUALLY REVIEWED","NOT APPLICABLE — product-gallery asset; no project claim approved","Published in this SKU's Tilda product gallery. Visual decor match, role beyond gallery association, quality and rights are not independently confirmed."
"MF-MAR-0154","Шерл","Гибкий мрамор","https://marmixflex.ru/tproduct/1706353951-918233673611-sherl","https://static.tildacdn.com/stor6161-3735-4161-b635-666131633964/90523965.png","product_primary","YES","Tilda product UID/title match; exact source gallery association","RIGHTS UNKNOWN","NO","«Шерл» (MF-MAR-0154); confirm visually that this depicts the named decor before final alt.","3","1","NOT INDIVIDUALLY REVIEWED","NOT APPLICABLE — product-gallery asset; no project claim approved","Published in this SKU's Tilda product gallery. Visual decor match, role beyond gallery association, quality and rights are not independently confirmed."
"MF-MAR-0154","Шерл","Гибкий мрамор","https://marmixflex.ru/tproduct/1706353951-918233673611-sherl","https://static.tildacdn.com/stor3761-3238-4834-b632-663436323336/92958996.png","unknown","NO","Tilda product UID/title match; exact source gallery association","RIGHTS UNKNOWN","NO","","3","2","NOT INDIVIDUALLY REVIEWED","NOT APPLICABLE — product-gallery asset; no project claim approved","Published in this SKU's Tilda product gallery. Visual decor match, role beyond gallery association, quality and rights are not independently confirmed."
"MF-MAR-0154","Шерл","Гибкий мрамор","https://marmixflex.ru/tproduct/1706353951-918233673611-sherl","https://static.tildacdn.com/stor3031-3861-4366-b264-646539636162/56611746.jpg","unknown","NO","Tilda product UID/title match; exact source gallery association","RIGHTS UNKNOWN","NO","","3","3","NOT INDIVIDUALLY REVIEWED","NOT APPLICABLE — product-gallery asset; no project claim approved","Published in this SKU's Tilda product gallery. Visual decor match, role beyond gallery association, quality and rights are not independently confirmed."
"MF-MAR-0110","Тай","Гибкий мрамор","https://marmixflex.ru/tproduct/1706353951-663543412341-tai","https://static.tildacdn.com/stor6661-6430-4163-b636-633263353762/81749148.png","product_primary","YES","Tilda product UID/title match; exact source gallery association","RIGHTS UNKNOWN","NO","«Тай» (MF-MAR-0110); confirm visually that this depicts the named decor before final alt.","3","1","NOT INDIVIDUALLY REVIEWED","NOT APPLICABLE — product-gallery asset; no project claim approved","Published in this SKU's Tilda product gallery. Visual decor match, role beyond gallery association, quality and rights are not independently confirmed."
"MF-MAR-0110","Тай","Гибкий мрамор","https://marmixflex.ru/tproduct/1706353951-663543412341-tai","https://static.tildacdn.com/stor3636-6462-4065-b036-376138343063/71018626.png","unknown","NO","Tilda product UID/title match; exact source gallery association","RIGHTS UNKNOWN","NO","","3","2","NOT INDIVIDUALLY REVIEWED","NOT APPLICABLE — product-gallery asset; no project claim approved","Published in this SKU's Tilda product gallery. Visual decor match, role beyond gallery association, quality and rights are not independently confirmed."
"MF-MAR-0110","Тай","Гибкий мрамор","https://marmixflex.ru/tproduct/1706353951-663543412341-tai","https://static.tildacdn.com/stor6438-3434-4835-b938-636636383836/59394590.jpg","unknown","NO","Tilda product UID/title match; exact source gallery association","RIGHTS UNKNOWN","NO","","3","3","NOT INDIVIDUALLY REVIEWED","NOT APPLICABLE — product-gallery asset; no project claim approved","Published in this SKU's Tilda product gallery. Visual decor match, role beyond gallery association, quality and rights are not independently confirmed."
"MF-MAR-0039","Терра Браун","Гибкий мрамор","https://marmixflex.ru/tproduct/1706353951-255959440111-terra-braun","https://static.tildacdn.com/stor3134-6430-4062-b630-666461626133/24463828.png","product_primary","YES","Tilda product UID/title match; exact source gallery association","RIGHTS UNKNOWN","NO","«Терра Браун» (MF-MAR-0039); confirm visually that this depicts the named decor before final alt.","3","1","NOT INDIVIDUALLY REVIEWED","NOT APPLICABLE — product-gallery asset; no project claim approved","Published in this SKU's Tilda product gallery. Visual decor match, role beyond gallery association, quality and rights are not independently confirmed."
"MF-MAR-0039","Терра Браун","Гибкий мрамор","https://marmixflex.ru/tproduct/1706353951-255959440111-terra-braun","https://static.tildacdn.com/stor3231-3338-4439-b437-666562646132/22608726.png","unknown","NO","Tilda product UID/title match; exact source gallery association","RIGHTS UNKNOWN","NO","","3","2","NOT INDIVIDUALLY REVIEWED","NOT APPLICABLE — product-gallery asset; no project claim approved","Published in this SKU's Tilda product gallery. Visual decor match, role beyond gallery association, quality and rights are not independently confirmed."
"MF-MAR-0039","Терра Браун","Гибкий мрамор","https://marmixflex.ru/tproduct/1706353951-255959440111-terra-braun","https://static.tildacdn.com/stor6238-6438-4339-a530-616433636433/89555934.jpg","unknown","NO","Tilda product UID/title match; exact source gallery association","RIGHTS UNKNOWN","NO","","3","3","NOT INDIVIDUALLY REVIEWED","NOT APPLICABLE — product-gallery asset; no project claim approved","Published in this SKU's Tilda product gallery. Visual decor match, role beyond gallery association, quality and rights are not independently confirmed."
"MF-MAR-0074","Тироль","Гибкий мрамор","https://marmixflex.ru/tproduct/1706353951-470072573311-tirol","https://static.tildacdn.com/stor3031-6636-4336-b365-393562363533/13995622.png","product_primary","YES","Tilda product UID/title match; exact source gallery association","RIGHTS UNKNOWN","NO","«Тироль» (MF-MAR-0074); confirm visually that this depicts the named decor before final alt.","3","1","NOT INDIVIDUALLY REVIEWED","NOT APPLICABLE — product-gallery asset; no project claim approved","Published in this SKU's Tilda product gallery. Visual decor match, role beyond gallery association, quality and rights are not independently confirmed."
"MF-MAR-0074","Тироль","Гибкий мрамор","https://marmixflex.ru/tproduct/1706353951-470072573311-tirol","https://static.tildacdn.com/stor6339-3938-4136-b164-393130386234/98649400.png","unknown","NO","Tilda product UID/title match; exact source gallery association","RIGHTS UNKNOWN","NO","","3","2","NOT INDIVIDUALLY REVIEWED","NOT APPLICABLE — product-gallery asset; no project claim approved","Published in this SKU's Tilda product gallery. Visual decor match, role beyond gallery association, quality and rights are not independently confirmed."
"MF-MAR-0074","Тироль","Гибкий мрамор","https://marmixflex.ru/tproduct/1706353951-470072573311-tirol","https://static.tildacdn.com/stor3037-3763-4437-a333-353162623032/60658404.jpg","unknown","NO","Tilda product UID/title match; exact source gallery association","RIGHTS UNKNOWN","NO","","3","3","NOT INDIVIDUALLY REVIEWED","NOT APPLICABLE — product-gallery asset; no project claim approved","Published in this SKU's Tilda product gallery. Visual decor match, role beyond gallery association, quality and rights are not independently confirmed."
"MF-MAR-0034","Тифани","Гибкий мрамор","https://marmixflex.ru/tproduct/1706353951-238548861441-tifani","https://static.tildacdn.com/stor6337-3964-4366-b430-336634353865/84568338.png","product_primary","YES","Tilda product UID/title match; exact source gallery association","RIGHTS UNKNOWN","NO","«Тифани» (MF-MAR-0034); confirm visually that this depicts the named decor before final alt.","3","1","NOT INDIVIDUALLY REVIEWED","NOT APPLICABLE — product-gallery asset; no project claim approved","Published in this SKU's Tilda product gallery. Visual decor match, role beyond gallery association, quality and rights are not independently confirmed."
"MF-MAR-0034","Тифани","Гибкий мрамор","https://marmixflex.ru/tproduct/1706353951-238548861441-tifani","https://static.tildacdn.com/stor6434-3665-4535-b138-623865666666/65514305.png","unknown","NO","Tilda product UID/title match; exact source gallery association","RIGHTS UNKNOWN","NO","","3","2","NOT INDIVIDUALLY REVIEWED","NOT APPLICABLE — product-gallery asset; no project claim approved","Published in this SKU's Tilda product gallery. Visual decor match, role beyond gallery association, quality and rights are not independently confirmed."
"MF-MAR-0034","Тифани","Гибкий мрамор","https://marmixflex.ru/tproduct/1706353951-238548861441-tifani","https://static.tildacdn.com/stor3537-6131-4964-b539-313532323261/40734897.jpg","unknown","NO","Tilda product UID/title match; exact source gallery association","RIGHTS UNKNOWN","NO","","3","3","NOT INDIVIDUALLY REVIEWED","NOT APPLICABLE — product-gallery asset; no project claim approved","Published in this SKU's Tilda product gallery. Visual decor match, role beyond gallery association, quality and rights are not independently confirmed."
"MF-MAR-0079","Фианит","Гибкий мрамор","https://marmixflex.ru/tproduct/1706353951-505537755351-fianit","https://static.tildacdn.com/stor6434-3934-4334-a666-383033383265/91704384.png","product_primary","YES","Tilda product UID/title match; exact source gallery association","RIGHTS UNKNOWN","NO","«Фианит» (MF-MAR-0079); confirm visually that this depicts the named decor before final alt.","3","1","NOT INDIVIDUALLY REVIEWED","NOT APPLICABLE — product-gallery asset; no project claim approved","Published in this SKU's Tilda product gallery. Visual decor match, role beyond gallery association, quality and rights are not independently confirmed."
"MF-MAR-0079","Фианит","Гибкий мрамор","https://marmixflex.ru/tproduct/1706353951-505537755351-fianit","https://static.tildacdn.com/stor6639-3037-4664-a336-333764306639/42328993.png","unknown","NO","Tilda product UID/title match; exact source gallery association","RIGHTS UNKNOWN","NO","","3","2","NOT INDIVIDUALLY REVIEWED","NOT APPLICABLE — product-gallery asset; no project claim approved","Published in this SKU's Tilda product gallery. Visual decor match, role beyond gallery association, quality and rights are not independently confirmed."
"MF-MAR-0079","Фианит","Гибкий мрамор","https://marmixflex.ru/tproduct/1706353951-505537755351-fianit","https://static.tildacdn.com/stor3861-3233-4530-a466-623963333839/85067555.jpg","unknown","NO","Tilda product UID/title match; exact source gallery association","RIGHTS UNKNOWN","NO","","3","3","NOT INDIVIDUALLY REVIEWED","NOT APPLICABLE — product-gallery asset; no project claim approved","Published in this SKU's Tilda product gallery. Visual decor match, role beyond gallery association, quality and rights are not independently confirmed."
"MF-MAR-0023","Халцедон","Гибкий мрамор","https://marmixflex.ru/tproduct/1706353951-201741489601-haltsedon","https://static.tildacdn.com/stor6233-3165-4130-a463-386466613763/13956960.png","product_primary","YES","Tilda product UID/title match; exact source gallery association","RIGHTS UNKNOWN","NO","«Халцедон» (MF-MAR-0023); confirm visually that this depicts the named decor before final alt.","4","1","NOT INDIVIDUALLY REVIEWED","NOT APPLICABLE — product-gallery asset; no project claim approved","Published in this SKU's Tilda product gallery. Visual decor match, role beyond gallery association, quality and rights are not independently confirmed."
"MF-MAR-0023","Халцедон","Гибкий мрамор","https://marmixflex.ru/tproduct/1706353951-201741489601-haltsedon","https://static.tildacdn.com/stor3332-6436-4238-b934-383136306437/45404733.png","unknown","NO","Tilda product UID/title match; exact source gallery association","RIGHTS UNKNOWN","NO","","4","2","NOT INDIVIDUALLY REVIEWED","NOT APPLICABLE — product-gallery asset; no project claim approved","Published in this SKU's Tilda product gallery. Visual decor match, role beyond gallery association, quality and rights are not independently confirmed."
"MF-MAR-0023","Халцедон","Гибкий мрамор","https://marmixflex.ru/tproduct/1706353951-201741489601-haltsedon","https://static.tildacdn.com/stor3762-3562-4734-b231-323731356264/58404369.jpg","unknown","NO","Tilda product UID/title match; exact source gallery association","RIGHTS UNKNOWN","NO","","4","3","NOT INDIVIDUALLY REVIEWED","NOT APPLICABLE — product-gallery asset; no project claim approved","Published in this SKU's Tilda product gallery. Visual decor match, role beyond gallery association, quality and rights are not independently confirmed."
"MF-MAR-0023","Халцедон","Гибкий мрамор","https://marmixflex.ru/tproduct/1706353951-201741489601-haltsedon","https://static.tildacdn.com/stor3733-3262-4766-b662-366364363162/33973045.jpg","unknown","NO","Tilda product UID/title match; exact source gallery association","RIGHTS UNKNOWN","NO","","4","4","NOT INDIVIDUALLY REVIEWED","NOT APPLICABLE — product-gallery asset; no project claim approved","Published in this SKU's Tilda product gallery. Visual decor match, role beyond gallery association, quality and rights are not independently confirmed."
"MF-MAR-0149","Адзурра","Гибкий мрамор","https://marmixflex.ru/tproduct/1706353951-887383577922-adzurra","https://static.tildacdn.com/stor6566-3763-4261-b533-303661393138/ac790c775a94a2fc5e1942c11d7f6d3f.png","product_primary","YES","Tilda product UID/title match; exact source gallery association","RIGHTS UNKNOWN","NO","«Адзурра» (MF-MAR-0149); confirm visually that this depicts the named decor before final alt.","3","1","NOT INDIVIDUALLY REVIEWED","NOT APPLICABLE — product-gallery asset; no project claim approved","Published in this SKU's Tilda product gallery. Visual decor match, role beyond gallery association, quality and rights are not independently confirmed."
"MF-MAR-0149","Адзурра","Гибкий мрамор","https://marmixflex.ru/tproduct/1706353951-887383577922-adzurra","https://static.tildacdn.com/stor6230-3166-4133-b366-313435636534/661a4297b0109878fab3709ce3721054.jpg","unknown","NO","Tilda product UID/title match; exact source gallery association","RIGHTS UNKNOWN","NO","","3","2","NOT INDIVIDUALLY REVIEWED","NOT APPLICABLE — product-gallery asset; no project claim approved","Published in this SKU's Tilda product gallery. Visual decor match, role beyond gallery association, quality and rights are not independently confirmed."
"MF-MAR-0149","Адзурра","Гибкий мрамор","https://marmixflex.ru/tproduct/1706353951-887383577922-adzurra","https://static.tildacdn.com/stor3935-6639-4239-b439-643739323362/6d68e1234a65322733f9ead1b034dc4a.png","unknown","NO","Tilda product UID/title match; exact source gallery association","RIGHTS UNKNOWN","NO","","3","3","NOT INDIVIDUALLY REVIEWED","NOT APPLICABLE — product-gallery asset; no project claim approved","Published in this SKU's Tilda product gallery. Visual decor match, role beyond gallery association, quality and rights are not independently confirmed."
"MF-MAR-0080","Аликанте","Гибкий мрамор","https://marmixflex.ru/tproduct/1706353951-511642085842-alikante","https://static.tildacdn.com/stor3139-3837-4134-b136-383035653063/0aaf83e6ec7c092f27447c5462e22345.png","product_primary","YES","Tilda product UID/title match; exact source gallery association","RIGHTS UNKNOWN","NO","«Аликанте» (MF-MAR-0080); confirm visually that this depicts the named decor before final alt.","3","1","NOT INDIVIDUALLY REVIEWED","NOT APPLICABLE — product-gallery asset; no project claim approved","Published in this SKU's Tilda product gallery. Visual decor match, role beyond gallery association, quality and rights are not independently confirmed."
"MF-MAR-0080","Аликанте","Гибкий мрамор","https://marmixflex.ru/tproduct/1706353951-511642085842-alikante","https://static.tildacdn.com/stor3763-3039-4561-a136-383630313334/96108809f89dd0f2d78de2bb21f42d43.jpg","unknown","NO","Tilda product UID/title match; exact source gallery association","RIGHTS UNKNOWN","NO","","3","2","NOT INDIVIDUALLY REVIEWED","NOT APPLICABLE — product-gallery asset; no project claim approved","Published in this SKU's Tilda product gallery. Visual decor match, role beyond gallery association, quality and rights are not independently confirmed."
"MF-MAR-0080","Аликанте","Гибкий мрамор","https://marmixflex.ru/tproduct/1706353951-511642085842-alikante","https://static.tildacdn.com/stor3166-3834-4932-a139-393863323736/d4cdaac38d636f5c277e9095354dc192.png","unknown","NO","Tilda product UID/title match; exact source gallery association","RIGHTS UNKNOWN","NO","","3","3","NOT INDIVIDUALLY REVIEWED","NOT APPLICABLE — product-gallery asset; no project claim approved","Published in this SKU's Tilda product gallery. Visual decor match, role beyond gallery association, quality and rights are not independently confirmed."
"MF-MAR-0144","Альбион","Гибкий мрамор","https://marmixflex.ru/tproduct/1706353951-845883427992-albion","https://static.tildacdn.com/stor6532-6163-4961-b736-303137653661/71a67b232a72a74c70a40a6ca679d8b7.png","product_primary","YES","Tilda product UID/title match; exact source gallery association","RIGHTS UNKNOWN","NO","«Альбион» (MF-MAR-0144); confirm visually that this depicts the named decor before final alt.","3","1","NOT INDIVIDUALLY REVIEWED","NOT APPLICABLE — product-gallery asset; no project claim approved","Published in this SKU's Tilda product gallery. Visual decor match, role beyond gallery association, quality and rights are not independently confirmed."
"MF-MAR-0144","Альбион","Гибкий мрамор","https://marmixflex.ru/tproduct/1706353951-845883427992-albion","https://static.tildacdn.com/stor3265-6365-4237-b936-363763323639/e505f2ed8bb1d7eddca20c4515329201.jpg","unknown","NO","Tilda product UID/title match; exact source gallery association","RIGHTS UNKNOWN","NO","","3","2","NOT INDIVIDUALLY REVIEWED","NOT APPLICABLE — product-gallery asset; no project claim approved","Published in this SKU's Tilda product gallery. Visual decor match, role beyond gallery association, quality and rights are not independently confirmed."
"MF-MAR-0144","Альбион","Гибкий мрамор","https://marmixflex.ru/tproduct/1706353951-845883427992-albion","https://static.tildacdn.com/stor6330-3263-4139-b437-373739353066/696553f7e02e31cc5634cc75772f2499.png","unknown","NO","Tilda product UID/title match; exact source gallery association","RIGHTS UNKNOWN","NO","","3","3","NOT INDIVIDUALLY REVIEWED","NOT APPLICABLE — product-gallery asset; no project claim approved","Published in this SKU's Tilda product gallery. Visual decor match, role beyond gallery association, quality and rights are not independently confirmed."
"MF-MAR-0046","Альдо","Гибкий мрамор","https://marmixflex.ru/tproduct/1706353951-310052418912-aldo","https://static.tildacdn.com/stor3736-3266-4232-b364-643764366334/7d9e7c4dbafd8d304803e49262e939a2.png","product_primary","YES","Tilda product UID/title match; exact source gallery association","RIGHTS UNKNOWN","NO","«Альдо» (MF-MAR-0046); confirm visually that this depicts the named decor before final alt.","2","1","NOT INDIVIDUALLY REVIEWED","NOT APPLICABLE — product-gallery asset; no project claim approved","Published in this SKU's Tilda product gallery. Visual decor match, role beyond gallery association, quality and rights are not independently confirmed."
"MF-MAR-0046","Альдо","Гибкий мрамор","https://marmixflex.ru/tproduct/1706353951-310052418912-aldo","https://static.tildacdn.com/stor3964-6432-4235-b530-316262353537/a77f8b5a227480418eda39333130636e.jpg","unknown","NO","Tilda product UID/title match; exact source gallery association","RIGHTS UNKNOWN","NO","","2","2","NOT INDIVIDUALLY REVIEWED","NOT APPLICABLE — product-gallery asset; no project claim approved","Published in this SKU's Tilda product gallery. Visual decor match, role beyond gallery association, quality and rights are not independently confirmed."
"MF-MAR-0078","Аметрин","Гибкий мрамор","https://marmixflex.ru/tproduct/1706353951-500868654342-ametrin","https://static.tildacdn.com/stor6662-3665-4363-b734-656364316561/b78a7b25ec684b10b9781c620003a52b.png","product_primary","YES","Tilda product UID/title match; exact source gallery association","RIGHTS UNKNOWN","NO","«Аметрин» (MF-MAR-0078); confirm visually that this depicts the named decor before final alt.","3","1","NOT INDIVIDUALLY REVIEWED","NOT APPLICABLE — product-gallery asset; no project claim approved","Published in this SKU's Tilda product gallery. Visual decor match, role beyond gallery association, quality and rights are not independently confirmed."
"MF-MAR-0078","Аметрин","Гибкий мрамор","https://marmixflex.ru/tproduct/1706353951-500868654342-ametrin","https://static.tildacdn.com/stor3039-6438-4038-a230-326261663731/1e4e64003c1b88672c8c0624abee56a1.jpg","unknown","NO","Tilda product UID/title match; exact source gallery association","RIGHTS UNKNOWN","NO","","3","2","NOT INDIVIDUALLY REVIEWED","NOT APPLICABLE — product-gallery asset; no project claim approved","Published in this SKU's Tilda product gallery. Visual decor match, role beyond gallery association, quality and rights are not independently confirmed."
"MF-MAR-0078","Аметрин","Гибкий мрамор","https://marmixflex.ru/tproduct/1706353951-500868654342-ametrin","https://static.tildacdn.com/stor6163-6636-4431-b930-396161663166/b124428001719df32033ae17cac39a5d.png","unknown","NO","Tilda product UID/title match; exact source gallery association","RIGHTS UNKNOWN","NO","","3","3","NOT INDIVIDUALLY REVIEWED","NOT APPLICABLE — product-gallery asset; no project claim approved","Published in this SKU's Tilda product gallery. Visual decor match, role beyond gallery association, quality and rights are not independently confirmed."
"MF-MAR-0054","Арабеска","Гибкий мрамор","https://marmixflex.ru/tproduct/1706353951-339596278102-arabeska","https://static.tildacdn.com/stor6631-6231-4131-a162-336364373532/eb27f6f896d52c1b7f2e29191a5497ac.png","product_primary","YES","Tilda product UID/title match; exact source gallery association","RIGHTS UNKNOWN","NO","«Арабеска» (MF-MAR-0054); confirm visually that this depicts the named decor before final alt.","3","1","NOT INDIVIDUALLY REVIEWED","NOT APPLICABLE — product-gallery asset; no project claim approved","Published in this SKU's Tilda product gallery. Visual decor match, role beyond gallery association, quality and rights are not independently confirmed."
"MF-MAR-0054","Арабеска","Гибкий мрамор","https://marmixflex.ru/tproduct/1706353951-339596278102-arabeska","https://static.tildacdn.com/stor6262-3139-4134-a136-376565346666/dbcdb3ba4d341a92c8c6a55ee97aa095.jpg","unknown","NO","Tilda product UID/title match; exact source gallery association","RIGHTS UNKNOWN","NO","","3","2","NOT INDIVIDUALLY REVIEWED","NOT APPLICABLE — product-gallery asset; no project claim approved","Published in this SKU's Tilda product gallery. Visual decor match, role beyond gallery association, quality and rights are not independently confirmed."
"MF-MAR-0054","Арабеска","Гибкий мрамор","https://marmixflex.ru/tproduct/1706353951-339596278102-arabeska","https://static.tildacdn.com/stor3262-3739-4266-b335-376538643639/842cc58d76663edd5f7e8f1d48d0b61c.png","unknown","NO","Tilda product UID/title match; exact source gallery association","RIGHTS UNKNOWN","NO","","3","3","NOT INDIVIDUALLY REVIEWED","NOT APPLICABLE — product-gallery asset; no project claim approved","Published in this SKU's Tilda product gallery. Visual decor match, role beyond gallery association, quality and rights are not independently confirmed."
"MF-MAR-0066","Арабескато","Гибкий мрамор","https://marmixflex.ru/tproduct/1706353951-386812190212-arabeskato","https://static.tildacdn.com/stor3833-6633-4233-b837-623638313662/c0149836f5b7e13f0f45c3231a0a1d8c.png","product_primary","YES","Tilda product UID/title match; exact source gallery association","RIGHTS UNKNOWN","NO","«Арабескато» (MF-MAR-0066); confirm visually that this depicts the named decor before final alt.","3","1","NOT INDIVIDUALLY REVIEWED","NOT APPLICABLE — product-gallery asset; no project claim approved","Published in this SKU's Tilda product gallery. Visual decor match, role beyond gallery association, quality and rights are not independently confirmed."
"MF-MAR-0066","Арабескато","Гибкий мрамор","https://marmixflex.ru/tproduct/1706353951-386812190212-arabeskato","https://static.tildacdn.com/stor3861-6432-4264-a332-393932343831/2d3e72643b9738b8f5ccb4589e876f01.jpg","unknown","NO","Tilda product UID/title match; exact source gallery association","RIGHTS UNKNOWN","NO","","3","2","NOT INDIVIDUALLY REVIEWED","NOT APPLICABLE — product-gallery asset; no project claim approved","Published in this SKU's Tilda product gallery. Visual decor match, role beyond gallery association, quality and rights are not independently confirmed."
"MF-MAR-0066","Арабескато","Гибкий мрамор","https://marmixflex.ru/tproduct/1706353951-386812190212-arabeskato","https://static.tildacdn.com/stor3830-6564-4536-a432-333065353436/035cb52125236c344980b6022938d83f.png","unknown","NO","Tilda product UID/title match; exact source gallery association","RIGHTS UNKNOWN","NO","","3","3","NOT INDIVIDUALLY REVIEWED","NOT APPLICABLE — product-gallery asset; no project claim approved","Published in this SKU's Tilda product gallery. Visual decor match, role beyond gallery association, quality and rights are not independently confirmed."
"MF-MAR-0085","Ауро Пуро","Гибкий мрамор","https://marmixflex.ru/tproduct/1706353951-533035573522-auro-puro","https://static.tildacdn.com/stor6662-3432-4366-b061-336536373035/e15c961f9785594577c36f21ce657e94.png","product_primary","YES","Tilda product UID/title match; exact source gallery association","RIGHTS UNKNOWN","NO","«Ауро Пуро» (MF-MAR-0085); confirm visually that this depicts the named decor before final alt.","3","1","NOT INDIVIDUALLY REVIEWED","NOT APPLICABLE — product-gallery asset; no project claim approved","Published in this SKU's Tilda product gallery. Visual decor match, role beyond gallery association, quality and rights are not independently confirmed."
"MF-MAR-0085","Ауро Пуро","Гибкий мрамор","https://marmixflex.ru/tproduct/1706353951-533035573522-auro-puro","https://static.tildacdn.com/stor6631-3564-4733-b833-316462343165/8a125de86aebf5bcc2c16aeeffa148e8.jpg","unknown","NO","Tilda product UID/title match; exact source gallery association","RIGHTS UNKNOWN","NO","","3","2","NOT INDIVIDUALLY REVIEWED","NOT APPLICABLE — product-gallery asset; no project claim approved","Published in this SKU's Tilda product gallery. Visual decor match, role beyond gallery association, quality and rights are not independently confirmed."
"MF-MAR-0085","Ауро Пуро","Гибкий мрамор","https://marmixflex.ru/tproduct/1706353951-533035573522-auro-puro","https://static.tildacdn.com/stor3061-3836-4434-b332-346262656332/28a3160a2f730fb513b57fe917dbe762.png","unknown","NO","Tilda product UID/title match; exact source gallery association","RIGHTS UNKNOWN","NO","","3","3","NOT INDIVIDUALLY REVIEWED","NOT APPLICABLE — product-gallery asset; no project claim approved","Published in this SKU's Tilda product gallery. Visual decor match, role beyond gallery association, quality and rights are not independently confirmed."
"MF-MAR-0040","Барокко","Гибкий мрамор","https://marmixflex.ru/tproduct/1706353951-277764708262-barokko","https://static.tildacdn.com/stor3964-3134-4334-a461-323738376337/0d1c9d041d4adac965c2dacf62c0379c.png","product_primary","YES","Tilda product UID/title match; exact source gallery association","RIGHTS UNKNOWN","NO","«Барокко» (MF-MAR-0040); confirm visually that this depicts the named decor before final alt.","3","1","NOT INDIVIDUALLY REVIEWED","NOT APPLICABLE — product-gallery asset; no project claim approved","Published in this SKU's Tilda product gallery. Visual decor match, role beyond gallery association, quality and rights are not independently confirmed."
"MF-MAR-0040","Барокко","Гибкий мрамор","https://marmixflex.ru/tproduct/1706353951-277764708262-barokko","https://static.tildacdn.com/stor3936-3836-4632-b561-333864633261/b7062f9a80dff3e3a988282651691455.jpg","unknown","NO","Tilda product UID/title match; exact source gallery association","RIGHTS UNKNOWN","NO","","3","2","NOT INDIVIDUALLY REVIEWED","NOT APPLICABLE — product-gallery asset; no project claim approved","Published in this SKU's Tilda product gallery. Visual decor match, role beyond gallery association, quality and rights are not independently confirmed."
"MF-MAR-0040","Барокко","Гибкий мрамор","https://marmixflex.ru/tproduct/1706353951-277764708262-barokko","https://static.tildacdn.com/stor6632-3432-4161-a131-396466356164/ff7f7439fe66378bf7f6ff180c1de486.png","unknown","NO","Tilda product UID/title match; exact source gallery association","RIGHTS UNKNOWN","NO","","3","3","NOT INDIVIDUALLY REVIEWED","NOT APPLICABLE — product-gallery asset; no project claim approved","Published in this SKU's Tilda product gallery. Visual decor match, role beyond gallery association, quality and rights are not independently confirmed."
"MF-MAR-0091","Беллария","Гибкий мрамор","https://marmixflex.ru/tproduct/1706353951-563909225352-bellariya","https://static.tildacdn.com/stor6532-3561-4431-a333-633439663738/abc9110d33be654ecddbbb78b8116693.png","product_primary","YES","Tilda product UID/title match; exact source gallery association","RIGHTS UNKNOWN","NO","«Беллария» (MF-MAR-0091); confirm visually that this depicts the named decor before final alt.","3","1","NOT INDIVIDUALLY REVIEWED","NOT APPLICABLE — product-gallery asset; no project claim approved","Published in this SKU's Tilda product gallery. Visual decor match, role beyond gallery association, quality and rights are not independently confirmed."
"MF-MAR-0091","Беллария","Гибкий мрамор","https://marmixflex.ru/tproduct/1706353951-563909225352-bellariya","https://static.tildacdn.com/stor6362-3564-4434-b033-376265626438/138a4e1410427a5227ae12b990a351f8.jpg","unknown","NO","Tilda product UID/title match; exact source gallery association","RIGHTS UNKNOWN","NO","","3","2","NOT INDIVIDUALLY REVIEWED","NOT APPLICABLE — product-gallery asset; no project claim approved","Published in this SKU's Tilda product gallery. Visual decor match, role beyond gallery association, quality and rights are not independently confirmed."
"MF-MAR-0091","Беллария","Гибкий мрамор","https://marmixflex.ru/tproduct/1706353951-563909225352-bellariya","https://static.tildacdn.com/stor6537-3264-4666-a339-343038666438/e45a2fc700be5d4c0b45d899eda266b3.png","unknown","NO","Tilda product UID/title match; exact source gallery association","RIGHTS UNKNOWN","NO","","3","3","NOT INDIVIDUALLY REVIEWED","NOT APPLICABLE — product-gallery asset; no project claim approved","Published in this SKU's Tilda product gallery. Visual decor match, role beyond gallery association, quality and rights are not independently confirmed."
"MF-MAR-0028","Бетон","Гибкий мрамор","https://marmixflex.ru/tproduct/1706353951-211616502292-beton","https://static.tildacdn.com/stor3838-3032-4365-b730-356535396136/c336dc82eeeee0a3b5fefd4ba555dd0c.png","product_primary","YES","Tilda product UID/title match; exact source gallery association","RIGHTS UNKNOWN","NO","«Бетон» (MF-MAR-0028); confirm visually that this depicts the named decor before final alt.","3","1","NOT INDIVIDUALLY REVIEWED","NOT APPLICABLE — product-gallery asset; no project claim approved","Published in this SKU's Tilda product gallery. Visual decor match, role beyond gallery association, quality and rights are not independently confirmed."
"MF-MAR-0028","Бетон","Гибкий мрамор","https://marmixflex.ru/tproduct/1706353951-211616502292-beton","https://static.tildacdn.com/stor3839-3864-4739-b430-396266623934/8045c16e79bc8ea45b209ec78c771aca.jpg","unknown","NO","Tilda product UID/title match; exact source gallery association","RIGHTS UNKNOWN","NO","","3","2","NOT INDIVIDUALLY REVIEWED","NOT APPLICABLE — product-gallery asset; no project claim approved","Published in this SKU's Tilda product gallery. Visual decor match, role beyond gallery association, quality and rights are not independently confirmed."
"MF-MAR-0028","Бетон","Гибкий мрамор","https://marmixflex.ru/tproduct/1706353951-211616502292-beton","https://static.tildacdn.com/stor6333-3666-4261-b161-646231326464/e005f268173a3ef84e6e004c250c0034.png","unknown","NO","Tilda product UID/title match; exact source gallery association","RIGHTS UNKNOWN","NO","","3","3","NOT INDIVIDUALLY REVIEWED","NOT APPLICABLE — product-gallery asset; no project claim approved","Published in this SKU's Tilda product gallery. Visual decor match, role beyond gallery association, quality and rights are not independently confirmed."
"MF-MAR-0114","Бетон Лофт","Гибкий мрамор","https://marmixflex.ru/tproduct/1706353951-677403998182-beton-loft","https://static.tildacdn.com/stor3730-6333-4463-b032-316335663935/9515297bcd29cccb715d00ca4782d8a3.png","product_primary","YES","Tilda product UID/title match; exact source gallery association","RIGHTS UNKNOWN","NO","«Бетон Лофт» (MF-MAR-0114); confirm visually that this depicts the named decor before final alt.","3","1","NOT INDIVIDUALLY REVIEWED","NOT APPLICABLE — product-gallery asset; no project claim approved","Published in this SKU's Tilda product gallery. Visual decor match, role beyond gallery association, quality and rights are not independently confirmed."
"MF-MAR-0114","Бетон Лофт","Гибкий мрамор","https://marmixflex.ru/tproduct/1706353951-677403998182-beton-loft","https://static.tildacdn.com/stor6332-3533-4262-a264-626338306532/b7c830289fe4ff704e68d3d821f8313d.jpg","unknown","NO","Tilda product UID/title match; exact source gallery association","RIGHTS UNKNOWN","NO","","3","2","NOT INDIVIDUALLY REVIEWED","NOT APPLICABLE — product-gallery asset; no project claim approved","Published in this SKU's Tilda product gallery. Visual decor match, role beyond gallery association, quality and rights are not independently confirmed."
"MF-MAR-0114","Бетон Лофт","Гибкий мрамор","https://marmixflex.ru/tproduct/1706353951-677403998182-beton-loft","https://static.tildacdn.com/stor3737-3330-4064-b131-376231633865/bd4d973fc70f9f960f8bc80591bf55f1.png","unknown","NO","Tilda product UID/title match; exact source gallery association","RIGHTS UNKNOWN","NO","","3","3","NOT INDIVIDUALLY REVIEWED","NOT APPLICABLE — product-gallery asset; no project claim approved","Published in this SKU's Tilda product gallery. Visual decor match, role beyond gallery association, quality and rights are not independently confirmed."
"MF-MAR-0032","Бриз","Гибкий мрамор","https://marmixflex.ru/tproduct/1706353951-233641601642-briz","https://static.tildacdn.com/stor3137-3461-4362-b662-313538653766/959d72c86258d02dbe2cd96bfd3d63a0.png","product_primary","YES","Tilda product UID/title match; exact source gallery association","RIGHTS UNKNOWN","NO","«Бриз» (MF-MAR-0032); confirm visually that this depicts the named decor before final alt.","3","1","NOT INDIVIDUALLY REVIEWED","NOT APPLICABLE — product-gallery asset; no project claim approved","Published in this SKU's Tilda product gallery. Visual decor match, role beyond gallery association, quality and rights are not independently confirmed."
"MF-MAR-0032","Бриз","Гибкий мрамор","https://marmixflex.ru/tproduct/1706353951-233641601642-briz","https://static.tildacdn.com/stor6439-3337-4937-a466-386434323134/2f5efccbbe0cae5df3dc9c14e9e4bd95.jpg","unknown","NO","Tilda product UID/title match; exact source gallery association","RIGHTS UNKNOWN","NO","","3","2","NOT INDIVIDUALLY REVIEWED","NOT APPLICABLE — product-gallery asset; no project claim approved","Published in this SKU's Tilda product gallery. Visual decor match, role beyond gallery association, quality and rights are not independently confirmed."
"MF-MAR-0032","Бриз","Гибкий мрамор","https://marmixflex.ru/tproduct/1706353951-233641601642-briz","https://static.tildacdn.com/stor3866-3362-4131-a262-643634393736/b2f774d89e254e3688283b99a3263175.png","unknown","NO","Tilda product UID/title match; exact source gallery association","RIGHTS UNKNOWN","NO","","3","3","NOT INDIVIDUALLY REVIEWED","NOT APPLICABLE — product-gallery asset; no project claim approved","Published in this SKU's Tilda product gallery. Visual decor match, role beyond gallery association, quality and rights are not independently confirmed."
"MF-MAR-0048","Буря","Гибкий мрамор","https://marmixflex.ru/tproduct/1706353951-326609218562-burya","https://static.tildacdn.com/stor3336-3263-4064-b939-666564653839/b5a37fe3474cd3729c4f5b01518696b9.png","product_primary","YES","Tilda product UID/title match; exact source gallery association","RIGHTS UNKNOWN","NO","«Буря» (MF-MAR-0048); confirm visually that this depicts the named decor before final alt.","3","1","NOT INDIVIDUALLY REVIEWED","NOT APPLICABLE — product-gallery asset; no project claim approved","Published in this SKU's Tilda product gallery. Visual decor match, role beyond gallery association, quality and rights are not independently confirmed."
"MF-MAR-0048","Буря","Гибкий мрамор","https://marmixflex.ru/tproduct/1706353951-326609218562-burya","https://static.tildacdn.com/stor6161-3530-4733-b137-346433396331/b0ab368a2e60879e9c8a9b2fb1d82705.jpg","unknown","NO","Tilda product UID/title match; exact source gallery association","RIGHTS UNKNOWN","NO","","3","2","NOT INDIVIDUALLY REVIEWED","NOT APPLICABLE — product-gallery asset; no project claim approved","Published in this SKU's Tilda product gallery. Visual decor match, role beyond gallery association, quality and rights are not independently confirmed."
"MF-MAR-0048","Буря","Гибкий мрамор","https://marmixflex.ru/tproduct/1706353951-326609218562-burya","https://static.tildacdn.com/stor3335-6337-4237-b732-316138346133/c827836c9b5046951f8898363c357bb4.jpg","unknown","NO","Tilda product UID/title match; exact source gallery association","RIGHTS UNKNOWN","NO","","3","3","NOT INDIVIDUALLY REVIEWED","NOT APPLICABLE — product-gallery asset; no project claim approved","Published in this SKU's Tilda product gallery. Visual decor match, role beyond gallery association, quality and rights are not independently confirmed."
"MF-MAR-0043","Вайт джейт айс","Гибкий мрамор","https://marmixflex.ru/tproduct/1706353951-286454206442-vait-dzheit-ais","https://static.tildacdn.com/stor6666-6138-4633-b836-313239633138/067ef4a4e0052b3de0613b7ae3904543.png","product_primary","YES","Tilda product UID/title match; exact source gallery association","RIGHTS UNKNOWN","NO","«Вайт джейт айс» (MF-MAR-0043); confirm visually that this depicts the named decor before final alt.","3","1","NOT INDIVIDUALLY REVIEWED","NOT APPLICABLE — product-gallery asset; no project claim approved","Published in this SKU's Tilda product gallery. Visual decor match, role beyond gallery association, quality and rights are not independently confirmed."
"MF-MAR-0043","Вайт джейт айс","Гибкий мрамор","https://marmixflex.ru/tproduct/1706353951-286454206442-vait-dzheit-ais","https://static.tildacdn.com/stor3335-3031-4362-b266-653930326663/330c1ae52a3f8c5d1c0edc33a1c21c72.jpg","unknown","NO","Tilda product UID/title match; exact source gallery association","RIGHTS UNKNOWN","NO","","3","2","NOT INDIVIDUALLY REVIEWED","NOT APPLICABLE — product-gallery asset; no project claim approved","Published in this SKU's Tilda product gallery. Visual decor match, role beyond gallery association, quality and rights are not independently confirmed."
"MF-MAR-0043","Вайт джейт айс","Гибкий мрамор","https://marmixflex.ru/tproduct/1706353951-286454206442-vait-dzheit-ais","https://static.tildacdn.com/stor6333-6637-4333-b239-363538363663/721618a20d398a705200644498b26551.png","unknown","NO","Tilda product UID/title match; exact source gallery association","RIGHTS UNKNOWN","NO","","3","3","NOT INDIVIDUALLY REVIEWED","NOT APPLICABLE — product-gallery asset; no project claim approved","Published in this SKU's Tilda product gallery. Visual decor match, role beyond gallery association, quality and rights are not independently confirmed."
"MF-MAR-0005","Валериан","Гибкий мрамор","https://marmixflex.ru/tproduct/1706353951-114972893822-valerian","https://static.tildacdn.com/stor6632-6565-4631-b130-343131386133/03386b44e1855d8bef45a071b0a51f2b.png","product_primary","YES","Tilda product UID/title match; exact source gallery association","RIGHTS UNKNOWN","NO","«Валериан» (MF-MAR-0005); confirm visually that this depicts the named decor before final alt.","3","1","NOT INDIVIDUALLY REVIEWED","NOT APPLICABLE — product-gallery asset; no project claim approved","Published in this SKU's Tilda product gallery. Visual decor match, role beyond gallery association, quality and rights are not independently confirmed."
"MF-MAR-0005","Валериан","Гибкий мрамор","https://marmixflex.ru/tproduct/1706353951-114972893822-valerian","https://static.tildacdn.com/stor3831-6365-4739-b531-363936306366/8f9d1584360a9e9738ad62829159e1b0.jpg","unknown","NO","Tilda product UID/title match; exact source gallery association","RIGHTS UNKNOWN","NO","","3","2","NOT INDIVIDUALLY REVIEWED","NOT APPLICABLE — product-gallery asset; no project claim approved","Published in this SKU's Tilda product gallery. Visual decor match, role beyond gallery association, quality and rights are not independently confirmed."
"MF-MAR-0005","Валериан","Гибкий мрамор","https://marmixflex.ru/tproduct/1706353951-114972893822-valerian","https://static.tildacdn.com/stor6139-3939-4037-b766-346334633233/f7b4ddf57a50f1ab1a62b9da1fa9e20a.jpg","unknown","NO","Tilda product UID/title match; exact source gallery association","RIGHTS UNKNOWN","NO","","3","3","NOT INDIVIDUALLY REVIEWED","NOT APPLICABLE — product-gallery asset; no project claim approved","Published in this SKU's Tilda product gallery. Visual decor match, role beyond gallery association, quality and rights are not independently confirmed."
"MF-MAR-0042","Валериан лайт","Гибкий мрамор","https://marmixflex.ru/tproduct/1706353951-282429101202-valerian-lait","https://static.tildacdn.com/stor3738-3835-4035-b139-313131303466/c318b21dbaa8de453313fa554d6d5d72.png","product_primary","YES","Tilda product UID/title match; exact source gallery association","RIGHTS UNKNOWN","NO","«Валериан лайт» (MF-MAR-0042); confirm visually that this depicts the named decor before final alt.","3","1","NOT INDIVIDUALLY REVIEWED","NOT APPLICABLE — product-gallery asset; no project claim approved","Published in this SKU's Tilda product gallery. Visual decor match, role beyond gallery association, quality and rights are not independently confirmed."
"MF-MAR-0042","Валериан лайт","Гибкий мрамор","https://marmixflex.ru/tproduct/1706353951-282429101202-valerian-lait","https://static.tildacdn.com/stor3639-3030-4635-b430-626132616539/fc7a8bcb77141b311ea7ad41094cadd6.jpg","unknown","NO","Tilda product UID/title match; exact source gallery association","RIGHTS UNKNOWN","NO","","3","2","NOT INDIVIDUALLY REVIEWED","NOT APPLICABLE — product-gallery asset; no project claim approved","Published in this SKU's Tilda product gallery. Visual decor match, role beyond gallery association, quality and rights are not independently confirmed."
"MF-MAR-0042","Валериан лайт","Гибкий мрамор","https://marmixflex.ru/tproduct/1706353951-282429101202-valerian-lait","https://static.tildacdn.com/stor6635-6239-4165-b466-313562373931/90dac5572304bf80b179f7bb6be2fdeb.png","unknown","NO","Tilda product UID/title match; exact source gallery association","RIGHTS UNKNOWN","NO","","3","3","NOT INDIVIDUALLY REVIEWED","NOT APPLICABLE — product-gallery asset; no project claim approved","Published in this SKU's Tilda product gallery. Visual decor match, role beyond gallery association, quality and rights are not independently confirmed."
"MF-MAR-0126","Верона 1","Гибкий мрамор","https://marmixflex.ru/tproduct/1706353951-742299216722-verona-1","https://static.tildacdn.com/stor3832-6366-4334-b339-646438646436/027b557584f989f5a028de51ec414da6.png","product_primary","YES","Tilda product UID/title match; exact source gallery association","RIGHTS UNKNOWN","NO","«Верона 1» (MF-MAR-0126); confirm visually that this depicts the named decor before final alt.","3","1","NOT INDIVIDUALLY REVIEWED","NOT APPLICABLE — product-gallery asset; no project claim approved","Published in this SKU's Tilda product gallery. Visual decor match, role beyond gallery association, quality and rights are not independently confirmed."
"MF-MAR-0126","Верона 1","Гибкий мрамор","https://marmixflex.ru/tproduct/1706353951-742299216722-verona-1","https://static.tildacdn.com/stor6631-6636-4365-b433-663465366639/b588b1ab3fd52fa9279e718593b631a4.jpg","unknown","NO","Tilda product UID/title match; exact source gallery association","RIGHTS UNKNOWN","NO","","3","2","NOT INDIVIDUALLY REVIEWED","NOT APPLICABLE — product-gallery asset; no project claim approved","Published in this SKU's Tilda product gallery. Visual decor match, role beyond gallery association, quality and rights are not independently confirmed."
"MF-MAR-0126","Верона 1","Гибкий мрамор","https://marmixflex.ru/tproduct/1706353951-742299216722-verona-1","https://static.tildacdn.com/stor3665-6637-4230-a165-636536393261/8f1e535ce282fcda72e837b55ce50807.png","unknown","NO","Tilda product UID/title match; exact source gallery association","RIGHTS UNKNOWN","NO","","3","3","NOT INDIVIDUALLY REVIEWED","NOT APPLICABLE — product-gallery asset; no project claim approved","Published in this SKU's Tilda product gallery. Visual decor match, role beyond gallery association, quality and rights are not independently confirmed."
"MF-MAR-0036","Верона 2","Гибкий мрамор","https://marmixflex.ru/tproduct/1706353951-244835575012-verona-2","https://static.tildacdn.com/stor6239-6565-4466-b163-383930373762/21cb6d025c3b7356c85e88beef80ce91.png","product_primary","YES","Tilda product UID/title match; exact source gallery association","RIGHTS UNKNOWN","NO","«Верона 2» (MF-MAR-0036); confirm visually that this depicts the named decor before final alt.","3","1","NOT INDIVIDUALLY REVIEWED","NOT APPLICABLE — product-gallery asset; no project claim approved","Published in this SKU's Tilda product gallery. Visual decor match, role beyond gallery association, quality and rights are not independently confirmed."
"MF-MAR-0036","Верона 2","Гибкий мрамор","https://marmixflex.ru/tproduct/1706353951-244835575012-verona-2","https://static.tildacdn.com/stor3238-3539-4232-b039-393164386133/9d534600df49b12ee8f9774eefd0a693.jpg","unknown","NO","Tilda product UID/title match; exact source gallery association","RIGHTS UNKNOWN","NO","","3","2","NOT INDIVIDUALLY REVIEWED","NOT APPLICABLE — product-gallery asset; no project claim approved","Published in this SKU's Tilda product gallery. Visual decor match, role beyond gallery association, quality and rights are not independently confirmed."
"MF-MAR-0036","Верона 2","Гибкий мрамор","https://marmixflex.ru/tproduct/1706353951-244835575012-verona-2","https://static.tildacdn.com/stor3939-3463-4532-a333-383936636563/525301c2c55e0377ee13d2cfe9d2de6a.png","unknown","NO","Tilda product UID/title match; exact source gallery association","RIGHTS UNKNOWN","NO","","3","3","NOT INDIVIDUALLY REVIEWED","NOT APPLICABLE — product-gallery asset; no project claim approved","Published in this SKU's Tilda product gallery. Visual decor match, role beyond gallery association, quality and rights are not independently confirmed."
"MF-MAR-0019","Верона 3","Гибкий мрамор","https://marmixflex.ru/tproduct/1706353951-176001262662-verona-3","https://static.tildacdn.com/stor6433-6164-4937-b630-303438383435/f27c7120acaca003a72336dca1eda21d.png","product_primary","YES","Tilda product UID/title match; exact source gallery association","RIGHTS UNKNOWN","NO","«Верона 3» (MF-MAR-0019); confirm visually that this depicts the named decor before final alt.","3","1","NOT INDIVIDUALLY REVIEWED","NOT APPLICABLE — product-gallery asset; no project claim approved","Published in this SKU's Tilda product gallery. Visual decor match, role beyond gallery association, quality and rights are not independently confirmed."
"MF-MAR-0019","Верона 3","Гибкий мрамор","https://marmixflex.ru/tproduct/1706353951-176001262662-verona-3","https://static.tildacdn.com/stor3635-3465-4131-b666-366561623261/9b0ba0a440a03faa3de615e1078f7708.jpg","unknown","NO","Tilda product UID/title match; exact source gallery association","RIGHTS UNKNOWN","NO","","3","2","NOT INDIVIDUALLY REVIEWED","NOT APPLICABLE — product-gallery asset; no project claim approved","Published in this SKU's Tilda product gallery. Visual decor match, role beyond gallery association, quality and rights are not independently confirmed."
"MF-MAR-0019","Верона 3","Гибкий мрамор","https://marmixflex.ru/tproduct/1706353951-176001262662-verona-3","https://static.tildacdn.com/stor3637-6463-4463-b237-336465303865/d6bb433f865b5c10ad0a8621b698e692.png","unknown","NO","Tilda product UID/title match; exact source gallery association","RIGHTS UNKNOWN","NO","","3","3","NOT INDIVIDUALLY REVIEWED","NOT APPLICABLE — product-gallery asset; no project claim approved","Published in this SKU's Tilda product gallery. Visual decor match, role beyond gallery association, quality and rights are not independently confirmed."
"MF-MAR-0003","Верона 4","Гибкий мрамор","https://marmixflex.ru/tproduct/1706353951-107147604662-verona-4","https://static.tildacdn.com/stor3162-6138-4437-a139-646138653630/ec3a2ae51849d1a3daa9290c85a32772.png","product_primary","YES","Tilda product UID/title match; exact source gallery association","RIGHTS UNKNOWN","NO","«Верона 4» (MF-MAR-0003); confirm visually that this depicts the named decor before final alt.","3","1","NOT INDIVIDUALLY REVIEWED","NOT APPLICABLE — product-gallery asset; no project claim approved","Published in this SKU's Tilda product gallery. Visual decor match, role beyond gallery association, quality and rights are not independently confirmed."
"MF-MAR-0003","Верона 4","Гибкий мрамор","https://marmixflex.ru/tproduct/1706353951-107147604662-verona-4","https://static.tildacdn.com/stor3664-6365-4038-b930-353639643033/0af117adf8f731977d8c340146ce231b.jpg","unknown","NO","Tilda product UID/title match; exact source gallery association","RIGHTS UNKNOWN","NO","","3","2","NOT INDIVIDUALLY REVIEWED","NOT APPLICABLE — product-gallery asset; no project claim approved","Published in this SKU's Tilda product gallery. Visual decor match, role beyond gallery association, quality and rights are not independently confirmed."
"MF-MAR-0003","Верона 4","Гибкий мрамор","https://marmixflex.ru/tproduct/1706353951-107147604662-verona-4","https://static.tildacdn.com/stor6137-6634-4934-a564-616538626637/f6d27479bfe3bfefdb2079dddc53710a.png","unknown","NO","Tilda product UID/title match; exact source gallery association","RIGHTS UNKNOWN","NO","","3","3","NOT INDIVIDUALLY REVIEWED","NOT APPLICABLE — product-gallery asset; no project claim approved","Published in this SKU's Tilda product gallery. Visual decor match, role beyond gallery association, quality and rights are not independently confirmed."
"MF-MAR-0090","Верона 5","Гибкий мрамор","https://marmixflex.ru/tproduct/1706353951-561771307032-verona-5","https://static.tildacdn.com/stor3964-3237-4430-b335-376139353564/f97bf3fb7b10ccf1e6fc96ca644eef08.png","product_primary","YES","Tilda product UID/title match; exact source gallery association","RIGHTS UNKNOWN","NO","«Верона 5» (MF-MAR-0090); confirm visually that this depicts the named decor before final alt.","3","1","NOT INDIVIDUALLY REVIEWED","NOT APPLICABLE — product-gallery asset; no project claim approved","Published in this SKU's Tilda product gallery. Visual decor match, role beyond gallery association, quality and rights are not independently confirmed."
"MF-MAR-0090","Верона 5","Гибкий мрамор","https://marmixflex.ru/tproduct/1706353951-561771307032-verona-5","https://static.tildacdn.com/stor3966-3566-4237-b434-366333643462/0b34f0d9aa148fcbcdc7a0ea154e70d5.jpg","unknown","NO","Tilda product UID/title match; exact source gallery association","RIGHTS UNKNOWN","NO","","3","2","NOT INDIVIDUALLY REVIEWED","NOT APPLICABLE — product-gallery asset; no project claim approved","Published in this SKU's Tilda product gallery. Visual decor match, role beyond gallery association, quality and rights are not independently confirmed."
"MF-MAR-0090","Верона 5","Гибкий мрамор","https://marmixflex.ru/tproduct/1706353951-561771307032-verona-5","https://static.tildacdn.com/stor3432-3366-4461-b639-613931373965/84900beeba1a25ce146ec61854abd02e.png","unknown","NO","Tilda product UID/title match; exact source gallery association","RIGHTS UNKNOWN","NO","","3","3","NOT INDIVIDUALLY REVIEWED","NOT APPLICABLE — product-gallery asset; no project claim approved","Published in this SKU's Tilda product gallery. Visual decor match, role beyond gallery association, quality and rights are not independently confirmed."
"MF-MAR-0115","Верона 6","Гибкий мрамор","https://marmixflex.ru/tproduct/1706353951-680534308732-verona-6","https://static.tildacdn.com/stor3466-3732-4931-a636-306439363032/ca77b54d42d52ee61a6cadebf91ace64.png","product_primary","YES","Tilda product UID/title match; exact source gallery association","RIGHTS UNKNOWN","NO","«Верона 6» (MF-MAR-0115); confirm visually that this depicts the named decor before final alt.","3","1","NOT INDIVIDUALLY REVIEWED","NOT APPLICABLE — product-gallery asset; no project claim approved","Published in this SKU's Tilda product gallery. Visual decor match, role beyond gallery association, quality and rights are not independently confirmed."
"MF-MAR-0115","Верона 6","Гибкий мрамор","https://marmixflex.ru/tproduct/1706353951-680534308732-verona-6","https://static.tildacdn.com/stor3434-3038-4561-a631-396262653138/6ee26a9fd0607485f36db0e04daf07c5.jpg","unknown","NO","Tilda product UID/title match; exact source gallery association","RIGHTS UNKNOWN","NO","","3","2","NOT INDIVIDUALLY REVIEWED","NOT APPLICABLE — product-gallery asset; no project claim approved","Published in this SKU's Tilda product gallery. Visual decor match, role beyond gallery association, quality and rights are not independently confirmed."
"MF-MAR-0115","Верона 6","Гибкий мрамор","https://marmixflex.ru/tproduct/1706353951-680534308732-verona-6","https://static.tildacdn.com/stor6339-3164-4536-b837-653338626462/c104d64cc963a850fdcc8f0edb31549d.png","unknown","NO","Tilda product UID/title match; exact source gallery association","RIGHTS UNKNOWN","NO","","3","3","NOT INDIVIDUALLY REVIEWED","NOT APPLICABLE — product-gallery asset; no project claim approved","Published in this SKU's Tilda product gallery. Visual decor match, role beyond gallery association, quality and rights are not independently confirmed."
"MF-MAR-0113","Верона 7","Гибкий мрамор","https://marmixflex.ru/tproduct/1706353951-673386278592-verona-7","https://static.tildacdn.com/stor6662-3833-4238-a662-396465643034/6a935bc99dcf4584f6702b77375b38df.png","product_primary","YES","Tilda product UID/title match; exact source gallery association","RIGHTS UNKNOWN","NO","«Верона 7» (MF-MAR-0113); confirm visually that this depicts the named decor before final alt.","3","1","NOT INDIVIDUALLY REVIEWED","NOT APPLICABLE — product-gallery asset; no project claim approved","Published in this SKU's Tilda product gallery. Visual decor match, role beyond gallery association, quality and rights are not independently confirmed."
"MF-MAR-0113","Верона 7","Гибкий мрамор","https://marmixflex.ru/tproduct/1706353951-673386278592-verona-7","https://static.tildacdn.com/stor3861-3136-4937-b531-633663316230/7d7d4e68c83c40d184ec25d4794484a5.jpg","unknown","NO","Tilda product UID/title match; exact source gallery association","RIGHTS UNKNOWN","NO","","3","2","NOT INDIVIDUALLY REVIEWED","NOT APPLICABLE — product-gallery asset; no project claim approved","Published in this SKU's Tilda product gallery. Visual decor match, role beyond gallery association, quality and rights are not independently confirmed."
"MF-MAR-0113","Верона 7","Гибкий мрамор","https://marmixflex.ru/tproduct/1706353951-673386278592-verona-7","https://static.tildacdn.com/stor6164-6364-4764-a465-383137636332/7e5f8f019f086e2dcc1e99d356d854cb.png","unknown","NO","Tilda product UID/title match; exact source gallery association","RIGHTS UNKNOWN","NO","","3","3","NOT INDIVIDUALLY REVIEWED","NOT APPLICABLE — product-gallery asset; no project claim approved","Published in this SKU's Tilda product gallery. Visual decor match, role beyond gallery association, quality and rights are not independently confirmed."
"MF-MAR-0116","Версаче","Гибкий мрамор","https://marmixflex.ru/tproduct/1706353951-680803464862-versache","https://static.tildacdn.com/stor6562-3830-4966-a138-623831353766/ec9eafd6a8205b5e7d8d5e4c2fbc55b7.png","product_primary","YES","Tilda product UID/title match; exact source gallery association","RIGHTS UNKNOWN","NO","«Версаче» (MF-MAR-0116); confirm visually that this depicts the named decor before final alt.","3","1","NOT INDIVIDUALLY REVIEWED","NOT APPLICABLE — product-gallery asset; no project claim approved","Published in this SKU's Tilda product gallery. Visual decor match, role beyond gallery association, quality and rights are not independently confirmed."
"MF-MAR-0116","Версаче","Гибкий мрамор","https://marmixflex.ru/tproduct/1706353951-680803464862-versache","https://static.tildacdn.com/stor3533-6638-4133-b835-616337323933/741bea31c358440e66a96746c867b9cd.jpg","unknown","NO","Tilda product UID/title match; exact source gallery association","RIGHTS UNKNOWN","NO","","3","2","NOT INDIVIDUALLY REVIEWED","NOT APPLICABLE — product-gallery asset; no project claim approved","Published in this SKU's Tilda product gallery. Visual decor match, role beyond gallery association, quality and rights are not independently confirmed."
"MF-MAR-0116","Версаче","Гибкий мрамор","https://marmixflex.ru/tproduct/1706353951-680803464862-versache","https://static.tildacdn.com/stor3135-3137-4435-a263-646264613138/c191aacbf4148d642acd96153d0225db.png","unknown","NO","Tilda product UID/title match; exact source gallery association","RIGHTS UNKNOWN","NO","","3","3","NOT INDIVIDUALLY REVIEWED","NOT APPLICABLE — product-gallery asset; no project claim approved","Published in this SKU's Tilda product gallery. Visual decor match, role beyond gallery association, quality and rights are not independently confirmed."
"MF-MAR-0163","Вулкано","Гибкий мрамор","https://marmixflex.ru/tproduct/1706353951-988712053332-vulkano","https://static.tildacdn.com/stor3134-3162-4533-a462-356436366531/86d97b50706bb576e51d40f37dfb63c2.png","product_primary","YES","Tilda product UID/title match; exact source gallery association","RIGHTS UNKNOWN","NO","«Вулкано» (MF-MAR-0163); confirm visually that this depicts the named decor before final alt.","3","1","NOT INDIVIDUALLY REVIEWED","NOT APPLICABLE — product-gallery asset; no project claim approved","Published in this SKU's Tilda product gallery. Visual decor match, role beyond gallery association, quality and rights are not independently confirmed."
"MF-MAR-0163","Вулкано","Гибкий мрамор","https://marmixflex.ru/tproduct/1706353951-988712053332-vulkano","https://static.tildacdn.com/stor3664-3537-4261-b366-353663303436/043771b8848823265a59557fcb1bbae9.jpg","unknown","NO","Tilda product UID/title match; exact source gallery association","RIGHTS UNKNOWN","NO","","3","2","NOT INDIVIDUALLY REVIEWED","NOT APPLICABLE — product-gallery asset; no project claim approved","Published in this SKU's Tilda product gallery. Visual decor match, role beyond gallery association, quality and rights are not independently confirmed."
"MF-MAR-0163","Вулкано","Гибкий мрамор","https://marmixflex.ru/tproduct/1706353951-988712053332-vulkano","https://static.tildacdn.com/stor6462-6533-4632-a162-313834613963/c10e1e74171a0f7781e0a915c6708943.png","unknown","NO","Tilda product UID/title match; exact source gallery association","RIGHTS UNKNOWN","NO","","3","3","NOT INDIVIDUALLY REVIEWED","NOT APPLICABLE — product-gallery asset; no project claim approved","Published in this SKU's Tilda product gallery. Visual decor match, role beyond gallery association, quality and rights are not independently confirmed."
"MF-MAR-0025","Глориа","Гибкий мрамор","https://marmixflex.ru/tproduct/1706353951-201954228422-gloria","https://static.tildacdn.com/stor6132-3738-4631-a334-383736633564/25af07a6dbad995dd3c1bc10af691fe6.png","product_primary","YES","Tilda product UID/title match; exact source gallery association","RIGHTS UNKNOWN","NO","«Глориа» (MF-MAR-0025); confirm visually that this depicts the named decor before final alt.","3","1","NOT INDIVIDUALLY REVIEWED","NOT APPLICABLE — product-gallery asset; no project claim approved","Published in this SKU's Tilda product gallery. Visual decor match, role beyond gallery association, quality and rights are not independently confirmed."
"MF-MAR-0025","Глориа","Гибкий мрамор","https://marmixflex.ru/tproduct/1706353951-201954228422-gloria","https://static.tildacdn.com/stor3265-3035-4565-a635-363566363363/6d603734ba5da3c9594924250cae173f.jpg","unknown","NO","Tilda product UID/title match; exact source gallery association","RIGHTS UNKNOWN","NO","","3","2","NOT INDIVIDUALLY REVIEWED","NOT APPLICABLE — product-gallery asset; no project claim approved","Published in this SKU's Tilda product gallery. Visual decor match, role beyond gallery association, quality and rights are not independently confirmed."
"MF-MAR-0025","Глориа","Гибкий мрамор","https://marmixflex.ru/tproduct/1706353951-201954228422-gloria","https://static.tildacdn.com/stor3430-3966-4664-b661-366366336537/5643e7dbda4d18cf1f057df49eecba65.png","unknown","NO","Tilda product UID/title match; exact source gallery association","RIGHTS UNKNOWN","NO","","3","3","NOT INDIVIDUALLY REVIEWED","NOT APPLICABLE — product-gallery asset; no project claim approved","Published in this SKU's Tilda product gallery. Visual decor match, role beyond gallery association, quality and rights are not independently confirmed."
"MF-MAR-0022","Гранде","Гибкий мрамор","https://marmixflex.ru/tproduct/1706353951-195894516582-grande","https://static.tildacdn.com/stor6538-6538-4464-a331-346638666636/33a65deb9fdc45bcc62f87dd9810edc6.png","product_primary","YES","Tilda product UID/title match; exact source gallery association","RIGHTS UNKNOWN","NO","«Гранде» (MF-MAR-0022); confirm visually that this depicts the named decor before final alt.","3","1","NOT INDIVIDUALLY REVIEWED","NOT APPLICABLE — product-gallery asset; no project claim approved","Published in this SKU's Tilda product gallery. Visual decor match, role beyond gallery association, quality and rights are not independently confirmed."
"MF-MAR-0022","Гранде","Гибкий мрамор","https://marmixflex.ru/tproduct/1706353951-195894516582-grande","https://static.tildacdn.com/stor3132-3964-4834-b166-626664656636/29a83e8e27bddc10f5edb965f4dc5f93.jpg","unknown","NO","Tilda product UID/title match; exact source gallery association","RIGHTS UNKNOWN","NO","","3","2","NOT INDIVIDUALLY REVIEWED","NOT APPLICABLE — product-gallery asset; no project claim approved","Published in this SKU's Tilda product gallery. Visual decor match, role beyond gallery association, quality and rights are not independently confirmed."
"MF-MAR-0022","Гранде","Гибкий мрамор","https://marmixflex.ru/tproduct/1706353951-195894516582-grande","https://static.tildacdn.com/stor3936-3265-4830-b861-343937393562/1040aefa476654a3305027b186c43c66.png","unknown","NO","Tilda product UID/title match; exact source gallery association","RIGHTS UNKNOWN","NO","","3","3","NOT INDIVIDUALLY REVIEWED","NOT APPLICABLE — product-gallery asset; no project claim approved","Published in this SKU's Tilda product gallery. Visual decor match, role beyond gallery association, quality and rights are not independently confirmed."
"MF-MAR-0073","Грация милано","Гибкий мрамор","https://marmixflex.ru/tproduct/1706353951-469303594932-gratsiya-milano","https://static.tildacdn.com/stor6439-3766-4966-b163-623266373664/f545f020d3bff43e96a99a756d51c59d.png","product_primary","YES","Tilda product UID/title match; exact source gallery association","RIGHTS UNKNOWN","NO","«Грация милано» (MF-MAR-0073); confirm visually that this depicts the named decor before final alt.","3","1","NOT INDIVIDUALLY REVIEWED","NOT APPLICABLE — product-gallery asset; no project claim approved","Published in this SKU's Tilda product gallery. Visual decor match, role beyond gallery association, quality and rights are not independently confirmed."
"MF-MAR-0073","Грация милано","Гибкий мрамор","https://marmixflex.ru/tproduct/1706353951-469303594932-gratsiya-milano","https://static.tildacdn.com/stor6132-3435-4537-b565-613130663464/1cf074289fe90a6d10e507e164ef9b2c.jpg","unknown","NO","Tilda product UID/title match; exact source gallery association","RIGHTS UNKNOWN","NO","","3","2","NOT INDIVIDUALLY REVIEWED","NOT APPLICABLE — product-gallery asset; no project claim approved","Published in this SKU's Tilda product gallery. Visual decor match, role beyond gallery association, quality and rights are not independently confirmed."
"MF-MAR-0073","Грация милано","Гибкий мрамор","https://marmixflex.ru/tproduct/1706353951-469303594932-gratsiya-milano","https://static.tildacdn.com/stor6335-6461-4765-a638-666136636532/02fea4ceb9b0eacc5d5920c6f3f78c8e.jpg","unknown","NO","Tilda product UID/title match; exact source gallery association","RIGHTS UNKNOWN","NO","","3","3","NOT INDIVIDUALLY REVIEWED","NOT APPLICABLE — product-gallery asset; no project claim approved","Published in this SKU's Tilda product gallery. Visual decor match, role beyond gallery association, quality and rights are not independently confirmed."
"MF-MAR-0117","Джиало этруска","Гибкий мрамор","https://marmixflex.ru/tproduct/1706353951-684580316482-dzhialo-etruska","https://static.tildacdn.com/stor6364-3334-4330-a262-383662393937/90054019d0137d862fc7366e087ed705.png","product_primary","YES","Tilda product UID/title match; exact source gallery association","RIGHTS UNKNOWN","NO","«Джиало этруска» (MF-MAR-0117); confirm visually that this depicts the named decor before final alt.","3","1","NOT INDIVIDUALLY REVIEWED","NOT APPLICABLE — product-gallery asset; no project claim approved","Published in this SKU's Tilda product gallery. Visual decor match, role beyond gallery association, quality and rights are not independently confirmed."
"MF-MAR-0117","Джиало этруска","Гибкий мрамор","https://marmixflex.ru/tproduct/1706353951-684580316482-dzhialo-etruska","https://static.tildacdn.com/stor3737-3639-4562-a665-653763353461/e32d6429e7830989528d80c32b91acef.jpg","unknown","NO","Tilda product UID/title match; exact source gallery association","RIGHTS UNKNOWN","NO","","3","2","NOT INDIVIDUALLY REVIEWED","NOT APPLICABLE — product-gallery asset; no project claim approved","Published in this SKU's Tilda product gallery. Visual decor match, role beyond gallery association, quality and rights are not independently confirmed."
"MF-MAR-0117","Джиало этруска","Гибкий мрамор","https://marmixflex.ru/tproduct/1706353951-684580316482-dzhialo-etruska","https://static.tildacdn.com/stor6635-3435-4533-b064-623334656163/985f2f2f0da626a39e8e898cee7a050b.png","unknown","NO","Tilda product UID/title match; exact source gallery association","RIGHTS UNKNOWN","NO","","3","3","NOT INDIVIDUALLY REVIEWED","NOT APPLICABLE — product-gallery asset; no project claim approved","Published in this SKU's Tilda product gallery. Visual decor match, role beyond gallery association, quality and rights are not independently confirmed."
"MF-MAR-0011","Джиардино","Гибкий мрамор","https://marmixflex.ru/tproduct/1706353951-129813864802-dzhiardino","https://static.tildacdn.com/stor6135-3032-4862-b535-323038343762/b3ad9b5053d267b396c568b46a8510b4.png","product_primary","YES","Tilda product UID/title match; exact source gallery association","RIGHTS UNKNOWN","NO","«Джиардино» (MF-MAR-0011); confirm visually that this depicts the named decor before final alt.","2","1","NOT INDIVIDUALLY REVIEWED","NOT APPLICABLE — product-gallery asset; no project claim approved","Published in this SKU's Tilda product gallery. Visual decor match, role beyond gallery association, quality and rights are not independently confirmed."
"MF-MAR-0011","Джиардино","Гибкий мрамор","https://marmixflex.ru/tproduct/1706353951-129813864802-dzhiardino","https://static.tildacdn.com/stor3430-3162-4834-b638-646433356538/c04532585c3914f56d381052d58032e6.jpg","unknown","NO","Tilda product UID/title match; exact source gallery association","RIGHTS UNKNOWN","NO","","2","2","NOT INDIVIDUALLY REVIEWED","NOT APPLICABLE — product-gallery asset; no project claim approved","Published in this SKU's Tilda product gallery. Visual decor match, role beyond gallery association, quality and rights are not independently confirmed."
"MF-MAR-0072","Диаманд голд","Гибкий мрамор","https://marmixflex.ru/tproduct/1706353951-468944704932-diamand-gold","https://static.tildacdn.com/stor3861-3364-4261-b962-343836353635/d716815a1572a99cc8acd503a258bba3.png","product_primary","YES","Tilda product UID/title match; exact source gallery association","RIGHTS UNKNOWN","NO","«Диаманд голд» (MF-MAR-0072); confirm visually that this depicts the named decor before final alt.","3","1","NOT INDIVIDUALLY REVIEWED","NOT APPLICABLE — product-gallery asset; no project claim approved","Published in this SKU's Tilda product gallery. Visual decor match, role beyond gallery association, quality and rights are not independently confirmed."
"MF-MAR-0072","Диаманд голд","Гибкий мрамор","https://marmixflex.ru/tproduct/1706353951-468944704932-diamand-gold","https://static.tildacdn.com/stor3432-6334-4165-b139-326631623630/ed3c94b04029c7cd03fbbb46d7b24fef.jpg","unknown","NO","Tilda product UID/title match; exact source gallery association","RIGHTS UNKNOWN","NO","","3","2","NOT INDIVIDUALLY REVIEWED","NOT APPLICABLE — product-gallery asset; no project claim approved","Published in this SKU's Tilda product gallery. Visual decor match, role beyond gallery association, quality and rights are not independently confirmed."
"MF-MAR-0072","Диаманд голд","Гибкий мрамор","https://marmixflex.ru/tproduct/1706353951-468944704932-diamand-gold","https://static.tildacdn.com/stor3931-6266-4765-a366-653638306461/0803d2959fafcb29b3b9e7d7d6428b88.png","unknown","NO","Tilda product UID/title match; exact source gallery association","RIGHTS UNKNOWN","NO","","3","3","NOT INDIVIDUALLY REVIEWED","NOT APPLICABLE — product-gallery asset; no project claim approved","Published in this SKU's Tilda product gallery. Visual decor match, role beyond gallery association, quality and rights are not independently confirmed."
"MF-MAR-0133","Диаманд синий","Гибкий мрамор","https://marmixflex.ru/tproduct/1706353951-793915341812-diamand-sinii","https://static.tildacdn.com/stor6638-6430-4332-a161-636362306537/9886ee13b874d2599b4a1dda291fd551.png","product_primary","YES","Tilda product UID/title match; exact source gallery association","RIGHTS UNKNOWN","NO","«Диаманд синий» (MF-MAR-0133); confirm visually that this depicts the named decor before final alt.","3","1","NOT INDIVIDUALLY REVIEWED","NOT APPLICABLE — product-gallery asset; no project claim approved","Published in this SKU's Tilda product gallery. Visual decor match, role beyond gallery association, quality and rights are not independently confirmed."
"MF-MAR-0133","Диаманд синий","Гибкий мрамор","https://marmixflex.ru/tproduct/1706353951-793915341812-diamand-sinii","https://static.tildacdn.com/stor6166-6432-4365-a438-383232313362/5ab06e9f6c9fe65a2310016f157c7005.jpg","unknown","NO","Tilda product UID/title match; exact source gallery association","RIGHTS UNKNOWN","NO","","3","2","NOT INDIVIDUALLY REVIEWED","NOT APPLICABLE — product-gallery asset; no project claim approved","Published in this SKU's Tilda product gallery. Visual decor match, role beyond gallery association, quality and rights are not independently confirmed."
"MF-MAR-0133","Диаманд синий","Гибкий мрамор","https://marmixflex.ru/tproduct/1706353951-793915341812-diamand-sinii","https://static.tildacdn.com/stor3162-6461-4164-a465-653365373138/74cd8d4b9c79b8bb43bd153b50a25836.jpg","unknown","NO","Tilda product UID/title match; exact source gallery association","RIGHTS UNKNOWN","NO","","3","3","NOT INDIVIDUALLY REVIEWED","NOT APPLICABLE — product-gallery asset; no project claim approved","Published in this SKU's Tilda product gallery. Visual decor match, role beyond gallery association, quality and rights are not independently confirmed."
"MF-MAR-0024","Инфинито","Гибкий мрамор","https://marmixflex.ru/tproduct/1706353951-201935855032-infinito","https://static.tildacdn.com/stor3562-6364-4836-b131-363035306664/5e602ca2b5051122101a9f92442d6257.png","product_primary","YES","Tilda product UID/title match; exact source gallery association","RIGHTS UNKNOWN","NO","«Инфинито» (MF-MAR-0024); confirm visually that this depicts the named decor before final alt.","3","1","NOT INDIVIDUALLY REVIEWED","NOT APPLICABLE — product-gallery asset; no project claim approved","Published in this SKU's Tilda product gallery. Visual decor match, role beyond gallery association, quality and rights are not independently confirmed."
"MF-MAR-0024","Инфинито","Гибкий мрамор","https://marmixflex.ru/tproduct/1706353951-201935855032-infinito","https://static.tildacdn.com/stor3232-6532-4264-b563-613261636435/e1917f61e815e80d74973927bf44b78f.jpg","unknown","NO","Tilda product UID/title match; exact source gallery association","RIGHTS UNKNOWN","NO","","3","2","NOT INDIVIDUALLY REVIEWED","NOT APPLICABLE — product-gallery asset; no project claim approved","Published in this SKU's Tilda product gallery. Visual decor match, role beyond gallery association, quality and rights are not independently confirmed."
"MF-MAR-0024","Инфинито","Гибкий мрамор","https://marmixflex.ru/tproduct/1706353951-201935855032-infinito","https://static.tildacdn.com/stor3262-3330-4532-a633-333161386134/cb4668cbf6c9c91fd531fec162ffc881.jpg","unknown","NO","Tilda product UID/title match; exact source gallery association","RIGHTS UNKNOWN","NO","","3","3","NOT INDIVIDUALLY REVIEWED","NOT APPLICABLE — product-gallery asset; no project claim approved","Published in this SKU's Tilda product gallery. Visual decor match, role beyond gallery association, quality and rights are not independently confirmed."
"MF-MAR-0088","Дымчатый кварц","Гибкий мрамор","https://marmixflex.ru/tproduct/1706353951-555637066001-dimchatii-kvarts","https://static.tildacdn.com/tild3737-3064-4632-a134-663164323235/Group_314.png","product_primary","YES","Tilda product UID/title match; exact source gallery association","RIGHTS UNKNOWN","NO","«Дымчатый кварц» (MF-MAR-0088); confirm visually that this depicts the named decor before final alt.","7","1","NOT INDIVIDUALLY REVIEWED","NOT APPLICABLE — product-gallery asset; no project claim approved","Published in this SKU's Tilda product gallery. Visual decor match, role beyond gallery association, quality and rights are not independently confirmed."
"MF-MAR-0088","Дымчатый кварц","Гибкий мрамор","https://marmixflex.ru/tproduct/1706353951-555637066001-dimchatii-kvarts","https://static.tildacdn.com/tild3332-3466-4639-a463-646335326165/Group_375.png","unknown","NO","Tilda product UID/title match; exact source gallery association","RIGHTS UNKNOWN","NO","","7","2","NOT INDIVIDUALLY REVIEWED","NOT APPLICABLE — product-gallery asset; no project claim approved","Published in this SKU's Tilda product gallery. Visual decor match, role beyond gallery association, quality and rights are not independently confirmed."
"MF-MAR-0088","Дымчатый кварц","Гибкий мрамор","https://marmixflex.ru/tproduct/1706353951-555637066001-dimchatii-kvarts","https://static.tildacdn.com/stor3639-3163-4539-b535-393334346438/37182024.jpg","unknown","NO","Tilda product UID/title match; exact source gallery association","RIGHTS UNKNOWN","NO","","7","3","NOT INDIVIDUALLY REVIEWED","NOT APPLICABLE — product-gallery asset; no project claim approved","Published in this SKU's Tilda product gallery. Visual decor match, role beyond gallery association, quality and rights are not independently confirmed."
"MF-MAR-0088","Дымчатый кварц","Гибкий мрамор","https://marmixflex.ru/tproduct/1706353951-555637066001-dimchatii-kvarts","https://static.tildacdn.com/tild3962-6366-4133-b136-333036643135/1-28.jpg","unknown","NO","Tilda product UID/title match; exact source gallery association","RIGHTS UNKNOWN","NO","","7","4","NOT INDIVIDUALLY REVIEWED","NOT APPLICABLE — product-gallery asset; no project claim approved","Published in this SKU's Tilda product gallery. Visual decor match, role beyond gallery association, quality and rights are not independently confirmed."
"MF-MAR-0088","Дымчатый кварц","Гибкий мрамор","https://marmixflex.ru/tproduct/1706353951-555637066001-dimchatii-kvarts","https://static.tildacdn.com/tild3430-3033-4461-b464-343830323234/2-27_1.jpg","unknown","NO","Tilda product UID/title match; exact source gallery association","RIGHTS UNKNOWN","NO","","7","5","NOT INDIVIDUALLY REVIEWED","NOT APPLICABLE — product-gallery asset; no project claim approved","Published in this SKU's Tilda product gallery. Visual decor match, role beyond gallery association, quality and rights are not independently confirmed."
"MF-MAR-0088","Дымчатый кварц","Гибкий мрамор","https://marmixflex.ru/tproduct/1706353951-555637066001-dimchatii-kvarts","https://static.tildacdn.com/tild3735-3234-4765-a361-616661663332/3-27.jpg","unknown","NO","Tilda product UID/title match; exact source gallery association","RIGHTS UNKNOWN","NO","","7","6","NOT INDIVIDUALLY REVIEWED","NOT APPLICABLE — product-gallery asset; no project claim approved","Published in this SKU's Tilda product gallery. Visual decor match, role beyond gallery association, quality and rights are not independently confirmed."
"MF-MAR-0088","Дымчатый кварц","Гибкий мрамор","https://marmixflex.ru/tproduct/1706353951-555637066001-dimchatii-kvarts","https://static.tildacdn.com/tild6134-6664-4732-a636-663831393331/4-27.jpg","unknown","NO","Tilda product UID/title match; exact source gallery association","RIGHTS UNKNOWN","NO","","7","7","NOT INDIVIDUALLY REVIEWED","NOT APPLICABLE — product-gallery asset; no project claim approved","Published in this SKU's Tilda product gallery. Visual decor match, role beyond gallery association, quality and rights are not independently confirmed."
"MF-MAR-0030","Калаката","Гибкий мрамор","https://marmixflex.ru/tproduct/1706353951-222208968332-kalakata","https://static.tildacdn.com/stor6531-3861-4431-b232-633266303433/5ef89956d6ea175b9ff53548fafdc142.png","product_primary","YES","Tilda product UID/title match; exact source gallery association","RIGHTS UNKNOWN","NO","«Калаката» (MF-MAR-0030); confirm visually that this depicts the named decor before final alt.","3","1","NOT INDIVIDUALLY REVIEWED","NOT APPLICABLE — product-gallery asset; no project claim approved","Published in this SKU's Tilda product gallery. Visual decor match, role beyond gallery association, quality and rights are not independently confirmed."
"MF-MAR-0030","Калаката","Гибкий мрамор","https://marmixflex.ru/tproduct/1706353951-222208968332-kalakata","https://static.tildacdn.com/stor3934-3564-4135-b435-643739663434/afad93249e91c9aceea7936dfbcbb845.jpg","unknown","NO","Tilda product UID/title match; exact source gallery association","RIGHTS UNKNOWN","NO","","3","2","NOT INDIVIDUALLY REVIEWED","NOT APPLICABLE — product-gallery asset; no project claim approved","Published in this SKU's Tilda product gallery. Visual decor match, role beyond gallery association, quality and rights are not independently confirmed."
"MF-MAR-0030","Калаката","Гибкий мрамор","https://marmixflex.ru/tproduct/1706353951-222208968332-kalakata","https://static.tildacdn.com/stor3766-3263-4562-b431-616262306464/cf54d7420ddc516b6417acf8f575b31f.jpg","unknown","NO","Tilda product UID/title match; exact source gallery association","RIGHTS UNKNOWN","NO","","3","3","NOT INDIVIDUALLY REVIEWED","NOT APPLICABLE — product-gallery asset; no project claim approved","Published in this SKU's Tilda product gallery. Visual decor match, role beyond gallery association, quality and rights are not independently confirmed."
"MF-MAR-0100","Калаката лайт","Гибкий мрамор","https://marmixflex.ru/tproduct/1706353951-611616646342-kalakata-lait","https://static.tildacdn.com/stor3763-6461-4166-a161-343638636438/889a5668e7c7693b7648f4002f5a949b.png","product_primary","YES","Tilda product UID/title match; exact source gallery association","RIGHTS UNKNOWN","NO","«Калаката лайт» (MF-MAR-0100); confirm visually that this depicts the named decor before final alt.","3","1","NOT INDIVIDUALLY REVIEWED","NOT APPLICABLE — product-gallery asset; no project claim approved","Published in this SKU's Tilda product gallery. Visual decor match, role beyond gallery association, quality and rights are not independently confirmed."
"MF-MAR-0100","Калаката лайт","Гибкий мрамор","https://marmixflex.ru/tproduct/1706353951-611616646342-kalakata-lait","https://static.tildacdn.com/stor3932-3565-4937-b438-616664313262/09dd277eb819f26b534b538b697a9627.jpg","unknown","NO","Tilda product UID/title match; exact source gallery association","RIGHTS UNKNOWN","NO","","3","2","NOT INDIVIDUALLY REVIEWED","NOT APPLICABLE — product-gallery asset; no project claim approved","Published in this SKU's Tilda product gallery. Visual decor match, role beyond gallery association, quality and rights are not independently confirmed."
"MF-MAR-0100","Калаката лайт","Гибкий мрамор","https://marmixflex.ru/tproduct/1706353951-611616646342-kalakata-lait","https://static.tildacdn.com/stor3436-3035-4239-b338-383565646461/3ed8e039cb3198e29b148db08eecf225.jpg","unknown","NO","Tilda product UID/title match; exact source gallery association","RIGHTS UNKNOWN","NO","","3","3","NOT INDIVIDUALLY REVIEWED","NOT APPLICABLE — product-gallery asset; no project claim approved","Published in this SKU's Tilda product gallery. Visual decor match, role beyond gallery association, quality and rights are not independently confirmed."
"MF-MAR-0049","Калаката роял","Гибкий мрамор","https://marmixflex.ru/tproduct/1706353951-328903338602-kalakata-royal","https://static.tildacdn.com/stor3938-3864-4665-b063-353564316161/9324687236628073404ba390aa980674.png","product_primary","YES","Tilda product UID/title match; exact source gallery association","RIGHTS UNKNOWN","NO","«Калаката роял» (MF-MAR-0049); confirm visually that this depicts the named decor before final alt.","3","1","NOT INDIVIDUALLY REVIEWED","NOT APPLICABLE — product-gallery asset; no project claim approved","Published in this SKU's Tilda product gallery. Visual decor match, role beyond gallery association, quality and rights are not independently confirmed."
"MF-MAR-0049","Калаката роял","Гибкий мрамор","https://marmixflex.ru/tproduct/1706353951-328903338602-kalakata-royal","https://static.tildacdn.com/stor3435-3565-4230-b538-346461326239/fe5dcdeb3e63b17dedf6dc7a33dd2198.jpg","unknown","NO","Tilda product UID/title match; exact source gallery association","RIGHTS UNKNOWN","NO","","3","2","NOT INDIVIDUALLY REVIEWED","NOT APPLICABLE — product-gallery asset; no project claim approved","Published in this SKU's Tilda product gallery. Visual decor match, role beyond gallery association, quality and rights are not independently confirmed."
"MF-MAR-0049","Калаката роял","Гибкий мрамор","https://marmixflex.ru/tproduct/1706353951-328903338602-kalakata-royal","https://static.tildacdn.com/stor6565-3965-4264-b830-333033323063/f51febefaa27b75cb664c8fd639b3307.jpg","unknown","NO","Tilda product UID/title match; exact source gallery association","RIGHTS UNKNOWN","NO","","3","3","NOT INDIVIDUALLY REVIEWED","NOT APPLICABLE — product-gallery asset; no project claim approved","Published in this SKU's Tilda product gallery. Visual decor match, role beyond gallery association, quality and rights are not independently confirmed."
"MF-MAR-0087","Каприз","Гибкий мрамор","https://marmixflex.ru/tproduct/1706353951-555241104572-kapriz","https://static.tildacdn.com/stor3065-3865-4266-b062-646234333964/dc17e2e48fb14bf8e42475af33da7682.png","product_primary","YES","Tilda product UID/title match; exact source gallery association","RIGHTS UNKNOWN","NO","«Каприз» (MF-MAR-0087); confirm visually that this depicts the named decor before final alt.","3","1","NOT INDIVIDUALLY REVIEWED","NOT APPLICABLE — product-gallery asset; no project claim approved","Published in this SKU's Tilda product gallery. Visual decor match, role beyond gallery association, quality and rights are not independently confirmed."
"MF-MAR-0087","Каприз","Гибкий мрамор","https://marmixflex.ru/tproduct/1706353951-555241104572-kapriz","https://static.tildacdn.com/stor3266-6162-4264-a433-353037323036/8b400d0a5c3f3cc0cd16089fa30393a9.jpg","unknown","NO","Tilda product UID/title match; exact source gallery association","RIGHTS UNKNOWN","NO","","3","2","NOT INDIVIDUALLY REVIEWED","NOT APPLICABLE — product-gallery asset; no project claim approved","Published in this SKU's Tilda product gallery. Visual decor match, role beyond gallery association, quality and rights are not independently confirmed."
"MF-MAR-0087","Каприз","Гибкий мрамор","https://marmixflex.ru/tproduct/1706353951-555241104572-kapriz","https://static.tildacdn.com/stor3464-6131-4966-b263-386432643031/260a18bfc18a80fa08102ff2e1628f61.png","unknown","NO","Tilda product UID/title match; exact source gallery association","RIGHTS UNKNOWN","NO","","3","3","NOT INDIVIDUALLY REVIEWED","NOT APPLICABLE — product-gallery asset; no project claim approved","Published in this SKU's Tilda product gallery. Visual decor match, role beyond gallery association, quality and rights are not independently confirmed."
"MF-MAR-0125","Лабиссо","Гибкий мрамор","https://marmixflex.ru/tproduct/1706353951-738425097132-labisso","https://static.tildacdn.com/stor6664-3164-4230-b431-326264383831/14b1391650f256673f23ea36c3c8a379.png","product_primary","YES","Tilda product UID/title match; exact source gallery association","RIGHTS UNKNOWN","NO","«Лабиссо» (MF-MAR-0125); confirm visually that this depicts the named decor before final alt.","3","1","NOT INDIVIDUALLY REVIEWED","NOT APPLICABLE — product-gallery asset; no project claim approved","Published in this SKU's Tilda product gallery. Visual decor match, role beyond gallery association, quality and rights are not independently confirmed."
"MF-MAR-0125","Лабиссо","Гибкий мрамор","https://marmixflex.ru/tproduct/1706353951-738425097132-labisso","https://static.tildacdn.com/stor3239-6435-4434-b465-616165366664/02d483da2085bdad3dc250cf8dc55437.jpg","unknown","NO","Tilda product UID/title match; exact source gallery association","RIGHTS UNKNOWN","NO","","3","2","NOT INDIVIDUALLY REVIEWED","NOT APPLICABLE — product-gallery asset; no project claim approved","Published in this SKU's Tilda product gallery. Visual decor match, role beyond gallery association, quality and rights are not independently confirmed."
"MF-MAR-0125","Лабиссо","Гибкий мрамор","https://marmixflex.ru/tproduct/1706353951-738425097132-labisso","https://static.tildacdn.com/stor3237-3735-4430-b433-383135303036/d72b3a06be7f6f83094dedd9c88134ac.jpg","unknown","NO","Tilda product UID/title match; exact source gallery association","RIGHTS UNKNOWN","NO","","3","3","NOT INDIVIDUALLY REVIEWED","NOT APPLICABLE — product-gallery asset; no project claim approved","Published in this SKU's Tilda product gallery. Visual decor match, role beyond gallery association, quality and rights are not independently confirmed."
"MF-MAR-0140","Лагуна Адзурро","Гибкий мрамор","https://marmixflex.ru/tproduct/1706353951-830374166382-laguna-adzurro","https://static.tildacdn.com/stor3639-6332-4863-b264-636562636534/91cd41a96a315ffe7f4b95fdb76e54de.png","product_primary","YES","Tilda product UID/title match; exact source gallery association","RIGHTS UNKNOWN","NO","«Лагуна Адзурро» (MF-MAR-0140); confirm visually that this depicts the named decor before final alt.","3","1","NOT INDIVIDUALLY REVIEWED","NOT APPLICABLE — product-gallery asset; no project claim approved","Published in this SKU's Tilda product gallery. Visual decor match, role beyond gallery association, quality and rights are not independently confirmed."
"MF-MAR-0140","Лагуна Адзурро","Гибкий мрамор","https://marmixflex.ru/tproduct/1706353951-830374166382-laguna-adzurro","https://static.tildacdn.com/stor3131-6337-4432-b137-666361353864/fdd0ab478a9e7c2ed250737e038f1832.jpg","unknown","NO","Tilda product UID/title match; exact source gallery association","RIGHTS UNKNOWN","NO","","3","2","NOT INDIVIDUALLY REVIEWED","NOT APPLICABLE — product-gallery asset; no project claim approved","Published in this SKU's Tilda product gallery. Visual decor match, role beyond gallery association, quality and rights are not independently confirmed."
"MF-MAR-0140","Лагуна Адзурро","Гибкий мрамор","https://marmixflex.ru/tproduct/1706353951-830374166382-laguna-adzurro","https://static.tildacdn.com/stor3266-3833-4836-b332-323332646537/1db703e8f982f609962000dd6bb6f231.png","unknown","NO","Tilda product UID/title match; exact source gallery association","RIGHTS UNKNOWN","NO","","3","3","NOT INDIVIDUALLY REVIEWED","NOT APPLICABLE — product-gallery asset; no project claim approved","Published in this SKU's Tilda product gallery. Visual decor match, role beyond gallery association, quality and rights are not independently confirmed."
"MF-MAR-0156","Лазурь","Гибкий мрамор","https://marmixflex.ru/tproduct/1706353951-925487040602-lazur","https://static.tildacdn.com/stor3862-3361-4338-b232-393732346365/e09903b7bbbb45d25c86d40e1b8f488b.png","product_primary","YES","Tilda product UID/title match; exact source gallery association","RIGHTS UNKNOWN","NO","«Лазурь» (MF-MAR-0156); confirm visually that this depicts the named decor before final alt.","3","1","NOT INDIVIDUALLY REVIEWED","NOT APPLICABLE — product-gallery asset; no project claim approved","Published in this SKU's Tilda product gallery. Visual decor match, role beyond gallery association, quality and rights are not independently confirmed."
"MF-MAR-0156","Лазурь","Гибкий мрамор","https://marmixflex.ru/tproduct/1706353951-925487040602-lazur","https://static.tildacdn.com/stor3533-3834-4965-b139-366637633633/73c3d22df621234f6556457a21741fbf.jpg","unknown","NO","Tilda product UID/title match; exact source gallery association","RIGHTS UNKNOWN","NO","","3","2","NOT INDIVIDUALLY REVIEWED","NOT APPLICABLE — product-gallery asset; no project claim approved","Published in this SKU's Tilda product gallery. Visual decor match, role beyond gallery association, quality and rights are not independently confirmed."
"MF-MAR-0156","Лазурь","Гибкий мрамор","https://marmixflex.ru/tproduct/1706353951-925487040602-lazur","https://static.tildacdn.com/stor3133-3335-4339-a631-656637613365/d7c685661a822b88120f1bf356b1c3a1.png","unknown","NO","Tilda product UID/title match; exact source gallery association","RIGHTS UNKNOWN","NO","","3","3","NOT INDIVIDUALLY REVIEWED","NOT APPLICABLE — product-gallery asset; no project claim approved","Published in this SKU's Tilda product gallery. Visual decor match, role beyond gallery association, quality and rights are not independently confirmed."
"MF-MAR-0084","Лаурен","Гибкий мрамор","https://marmixflex.ru/tproduct/1706353951-521896534352-lauren","https://static.tildacdn.com/stor3462-6565-4264-b435-656166656135/0d3ee7559eb64f76cfd70f36a46496dc.png","product_primary","YES","Tilda product UID/title match; exact source gallery association","RIGHTS UNKNOWN","NO","«Лаурен» (MF-MAR-0084); confirm visually that this depicts the named decor before final alt.","3","1","NOT INDIVIDUALLY REVIEWED","NOT APPLICABLE — product-gallery asset; no project claim approved","Published in this SKU's Tilda product gallery. Visual decor match, role beyond gallery association, quality and rights are not independently confirmed."
"MF-MAR-0084","Лаурен","Гибкий мрамор","https://marmixflex.ru/tproduct/1706353951-521896534352-lauren","https://static.tildacdn.com/stor3834-3437-4532-b461-366164366231/60fd1d867101d143c455c434ce996f67.jpg","unknown","NO","Tilda product UID/title match; exact source gallery association","RIGHTS UNKNOWN","NO","","3","2","NOT INDIVIDUALLY REVIEWED","NOT APPLICABLE — product-gallery asset; no project claim approved","Published in this SKU's Tilda product gallery. Visual decor match, role beyond gallery association, quality and rights are not independently confirmed."
"MF-MAR-0084","Лаурен","Гибкий мрамор","https://marmixflex.ru/tproduct/1706353951-521896534352-lauren","https://static.tildacdn.com/stor3035-3533-4231-b439-643632306262/55b2df3fd51f46af6bf03d3a877e4c71.jpg","unknown","NO","Tilda product UID/title match; exact source gallery association","RIGHTS UNKNOWN","NO","","3","3","NOT INDIVIDUALLY REVIEWED","NOT APPLICABLE — product-gallery asset; no project claim approved","Published in this SKU's Tilda product gallery. Visual decor match, role beyond gallery association, quality and rights are not independently confirmed."
"MF-MAR-0123","Магма","Гибкий мрамор","https://marmixflex.ru/tproduct/1706353951-726793103132-magma","https://static.tildacdn.com/stor3066-6665-4864-b961-343638333732/68e0038a2ee4b40f64327fd160c83e4d.png","product_primary","YES","Tilda product UID/title match; exact source gallery association","RIGHTS UNKNOWN","NO","«Магма» (MF-MAR-0123); confirm visually that this depicts the named decor before final alt.","2","1","NOT INDIVIDUALLY REVIEWED","NOT APPLICABLE — product-gallery asset; no project claim approved","Published in this SKU's Tilda product gallery. Visual decor match, role beyond gallery association, quality and rights are not independently confirmed."
"MF-MAR-0123","Магма","Гибкий мрамор","https://marmixflex.ru/tproduct/1706353951-726793103132-magma","https://static.tildacdn.com/stor6264-6139-4931-b336-653235356636/2114de2922cc2bed96782242d05d877c.jpg","unknown","NO","Tilda product UID/title match; exact source gallery association","RIGHTS UNKNOWN","NO","","2","2","NOT INDIVIDUALLY REVIEWED","NOT APPLICABLE — product-gallery asset; no project claim approved","Published in this SKU's Tilda product gallery. Visual decor match, role beyond gallery association, quality and rights are not independently confirmed."
"MF-MAR-0111","Милано","Гибкий мрамор","https://marmixflex.ru/tproduct/1706353951-664135801072-milano","https://static.tildacdn.com/stor3935-3433-4436-b333-656634316633/b5fcfab049dfa90764aaf104db0f368d.png","product_primary","YES","Tilda product UID/title match; exact source gallery association","RIGHTS UNKNOWN","NO","«Милано» (MF-MAR-0111); confirm visually that this depicts the named decor before final alt.","2","1","NOT INDIVIDUALLY REVIEWED","NOT APPLICABLE — product-gallery asset; no project claim approved","Published in this SKU's Tilda product gallery. Visual decor match, role beyond gallery association, quality and rights are not independently confirmed."
"MF-MAR-0111","Милано","Гибкий мрамор","https://marmixflex.ru/tproduct/1706353951-664135801072-milano","https://static.tildacdn.com/stor3662-3035-4830-b531-313636333333/17b166f9e2e8c3d8f2fb9ec0889ec0a4.jpg","unknown","NO","Tilda product UID/title match; exact source gallery association","RIGHTS UNKNOWN","NO","","2","2","NOT INDIVIDUALLY REVIEWED","NOT APPLICABLE — product-gallery asset; no project claim approved","Published in this SKU's Tilda product gallery. Visual decor match, role beyond gallery association, quality and rights are not independently confirmed."
"MF-MAR-0012","Мистико","Гибкий мрамор","https://marmixflex.ru/tproduct/1706353951-130004523192-mistiko","https://static.tildacdn.com/stor6161-6532-4235-b166-363665346338/d3e08257d5c74d40f67116821c1b6283.png","product_primary","YES","Tilda product UID/title match; exact source gallery association","RIGHTS UNKNOWN","NO","«Мистико» (MF-MAR-0012); confirm visually that this depicts the named decor before final alt.","3","1","NOT INDIVIDUALLY REVIEWED","NOT APPLICABLE — product-gallery asset; no project claim approved","Published in this SKU's Tilda product gallery. Visual decor match, role beyond gallery association, quality and rights are not independently confirmed."
"MF-MAR-0012","Мистико","Гибкий мрамор","https://marmixflex.ru/tproduct/1706353951-130004523192-mistiko","https://static.tildacdn.com/stor3334-3235-4037-a437-326162386631/4ec5155398ed9b2a64a2c066f93d4472.jpg","unknown","NO","Tilda product UID/title match; exact source gallery association","RIGHTS UNKNOWN","NO","","3","2","NOT INDIVIDUALLY REVIEWED","NOT APPLICABLE — product-gallery asset; no project claim approved","Published in this SKU's Tilda product gallery. Visual decor match, role beyond gallery association, quality and rights are not independently confirmed."
"MF-MAR-0012","Мистико","Гибкий мрамор","https://marmixflex.ru/tproduct/1706353951-130004523192-mistiko","https://static.tildacdn.com/stor3030-6636-4162-a631-666562656363/acb8f9c12a94d6e7aadc3059bfcbb79d.png","unknown","NO","Tilda product UID/title match; exact source gallery association","RIGHTS UNKNOWN","NO","","3","3","NOT INDIVIDUALLY REVIEWED","NOT APPLICABLE — product-gallery asset; no project claim approved","Published in this SKU's Tilda product gallery. Visual decor match, role beyond gallery association, quality and rights are not independently confirmed."
"MF-MAR-0064","Неаполи","Гибкий мрамор","https://marmixflex.ru/tproduct/1706353951-379322644602-neapoli","https://static.tildacdn.com/stor6135-3233-4530-b438-653435373735/8830d6ea5666fb06dc50b7886b620a62.png","product_primary","YES","Tilda product UID/title match; exact source gallery association","RIGHTS UNKNOWN","NO","«Неаполи» (MF-MAR-0064); confirm visually that this depicts the named decor before final alt.","3","1","NOT INDIVIDUALLY REVIEWED","NOT APPLICABLE — product-gallery asset; no project claim approved","Published in this SKU's Tilda product gallery. Visual decor match, role beyond gallery association, quality and rights are not independently confirmed."
"MF-MAR-0064","Неаполи","Гибкий мрамор","https://marmixflex.ru/tproduct/1706353951-379322644602-neapoli","https://static.tildacdn.com/stor3533-6339-4864-b532-643934306363/f801abfc53082678f649a8b0b3d7b1ed.jpg","unknown","NO","Tilda product UID/title match; exact source gallery association","RIGHTS UNKNOWN","NO","","3","2","NOT INDIVIDUALLY REVIEWED","NOT APPLICABLE — product-gallery asset; no project claim approved","Published in this SKU's Tilda product gallery. Visual decor match, role beyond gallery association, quality and rights are not independently confirmed."
"MF-MAR-0064","Неаполи","Гибкий мрамор","https://marmixflex.ru/tproduct/1706353951-379322644602-neapoli","https://static.tildacdn.com/stor3333-3537-4739-a135-333030343433/7ae57fd6edf0fe8940c132182509d7a7.png","unknown","NO","Tilda product UID/title match; exact source gallery association","RIGHTS UNKNOWN","NO","","3","3","NOT INDIVIDUALLY REVIEWED","NOT APPLICABLE — product-gallery asset; no project claim approved","Published in this SKU's Tilda product gallery. Visual decor match, role beyond gallery association, quality and rights are not independently confirmed."
"MF-MAR-0020","Неббиа","Гибкий мрамор","https://marmixflex.ru/tproduct/1706353951-183493255242-nebbia","https://static.tildacdn.com/stor6137-6361-4062-a261-343336633238/a99666c1945fdf2e9630544bc7141c3d.png","product_primary","YES","Tilda product UID/title match; exact source gallery association","RIGHTS UNKNOWN","NO","«Неббиа» (MF-MAR-0020); confirm visually that this depicts the named decor before final alt.","3","1","NOT INDIVIDUALLY REVIEWED","NOT APPLICABLE — product-gallery asset; no project claim approved","Published in this SKU's Tilda product gallery. Visual decor match, role beyond gallery association, quality and rights are not independently confirmed."
"MF-MAR-0020","Неббиа","Гибкий мрамор","https://marmixflex.ru/tproduct/1706353951-183493255242-nebbia","https://static.tildacdn.com/stor6539-3538-4336-b761-656366613235/27fa55a88b91ac8798f23c3bdc65bb25.jpg","unknown","NO","Tilda product UID/title match; exact source gallery association","RIGHTS UNKNOWN","NO","","3","2","NOT INDIVIDUALLY REVIEWED","NOT APPLICABLE — product-gallery asset; no project claim approved","Published in this SKU's Tilda product gallery. Visual decor match, role beyond gallery association, quality and rights are not independently confirmed."
"MF-MAR-0020","Неббиа","Гибкий мрамор","https://marmixflex.ru/tproduct/1706353951-183493255242-nebbia","https://static.tildacdn.com/stor6534-6132-4564-b861-623563376365/e1dd9e8d13bc19b29b7153007b687718.jpg","unknown","NO","Tilda product UID/title match; exact source gallery association","RIGHTS UNKNOWN","NO","","3","3","NOT INDIVIDUALLY REVIEWED","NOT APPLICABLE — product-gallery asset; no project claim approved","Published in this SKU's Tilda product gallery. Visual decor match, role beyond gallery association, quality and rights are not independently confirmed."
"MF-MAR-0158","Нежность","Гибкий мрамор","https://marmixflex.ru/tproduct/1706353951-939910716622-nezhnost","https://static.tildacdn.com/stor3732-3333-4765-b536-313730356435/9240b6016e0b4c7b8db35d994385e7dc.png","product_primary","YES","Tilda product UID/title match; exact source gallery association","RIGHTS UNKNOWN","NO","«Нежность» (MF-MAR-0158); confirm visually that this depicts the named decor before final alt.","3","1","NOT INDIVIDUALLY REVIEWED","NOT APPLICABLE — product-gallery asset; no project claim approved","Published in this SKU's Tilda product gallery. Visual decor match, role beyond gallery association, quality and rights are not independently confirmed."
"MF-MAR-0158","Нежность","Гибкий мрамор","https://marmixflex.ru/tproduct/1706353951-939910716622-nezhnost","https://static.tildacdn.com/stor6661-3563-4037-b139-363266366662/28c211cc586a05871bf6e99bd5530c0e.jpg","unknown","NO","Tilda product UID/title match; exact source gallery association","RIGHTS UNKNOWN","NO","","3","2","NOT INDIVIDUALLY REVIEWED","NOT APPLICABLE — product-gallery asset; no project claim approved","Published in this SKU's Tilda product gallery. Visual decor match, role beyond gallery association, quality and rights are not independently confirmed."
"MF-MAR-0158","Нежность","Гибкий мрамор","https://marmixflex.ru/tproduct/1706353951-939910716622-nezhnost","https://static.tildacdn.com/stor3434-3334-4537-b536-383631306165/fad4fabd277644c85632794508fb5282.png","unknown","NO","Tilda product UID/title match; exact source gallery association","RIGHTS UNKNOWN","NO","","3","3","NOT INDIVIDUALLY REVIEWED","NOT APPLICABLE — product-gallery asset; no project claim approved","Published in this SKU's Tilda product gallery. Visual decor match, role beyond gallery association, quality and rights are not independently confirmed."
"MF-MAR-0127","Нубия","Гибкий мрамор","https://marmixflex.ru/tproduct/1706353951-743743410332-nubiya","https://static.tildacdn.com/stor3465-3335-4234-a632-356365323334/a74aad949258ff5df8406896d469a6fc.png","product_primary","YES","Tilda product UID/title match; exact source gallery association","RIGHTS UNKNOWN","NO","«Нубия» (MF-MAR-0127); confirm visually that this depicts the named decor before final alt.","3","1","NOT INDIVIDUALLY REVIEWED","NOT APPLICABLE — product-gallery asset; no project claim approved","Published in this SKU's Tilda product gallery. Visual decor match, role beyond gallery association, quality and rights are not independently confirmed."
"MF-MAR-0127","Нубия","Гибкий мрамор","https://marmixflex.ru/tproduct/1706353951-743743410332-nubiya","https://static.tildacdn.com/stor3433-3234-4335-a661-346264343933/306af84b8e25965991d056519ea7aa66.jpg","unknown","NO","Tilda product UID/title match; exact source gallery association","RIGHTS UNKNOWN","NO","","3","2","NOT INDIVIDUALLY REVIEWED","NOT APPLICABLE — product-gallery asset; no project claim approved","Published in this SKU's Tilda product gallery. Visual decor match, role beyond gallery association, quality and rights are not independently confirmed."
"MF-MAR-0127","Нубия","Гибкий мрамор","https://marmixflex.ru/tproduct/1706353951-743743410332-nubiya","https://static.tildacdn.com/stor3831-3634-4431-b736-663938346563/1f538c7ce0533f90282812fa7b039a52.png","unknown","NO","Tilda product UID/title match; exact source gallery association","RIGHTS UNKNOWN","NO","","3","3","NOT INDIVIDUALLY REVIEWED","NOT APPLICABLE — product-gallery asset; no project claim approved","Published in this SKU's Tilda product gallery. Visual decor match, role beyond gallery association, quality and rights are not independently confirmed."
"MF-MAR-0130","Омега","Гибкий мрамор","https://marmixflex.ru/tproduct/1706353951-769007238572-omega","https://static.tildacdn.com/stor6236-3231-4163-a166-376430646538/8b199b29268eacb2c0c49d9776b4e364.png","product_primary","YES","Tilda product UID/title match; exact source gallery association","RIGHTS UNKNOWN","NO","«Омега» (MF-MAR-0130); confirm visually that this depicts the named decor before final alt.","3","1","NOT INDIVIDUALLY REVIEWED","NOT APPLICABLE — product-gallery asset; no project claim approved","Published in this SKU's Tilda product gallery. Visual decor match, role beyond gallery association, quality and rights are not independently confirmed."
"MF-MAR-0130","Омега","Гибкий мрамор","https://marmixflex.ru/tproduct/1706353951-769007238572-omega","https://static.tildacdn.com/stor6331-3434-4765-b364-633966653232/0e87f5782d333791950858d6f5d544d2.jpg","unknown","NO","Tilda product UID/title match; exact source gallery association","RIGHTS UNKNOWN","NO","","3","2","NOT INDIVIDUALLY REVIEWED","NOT APPLICABLE — product-gallery asset; no project claim approved","Published in this SKU's Tilda product gallery. Visual decor match, role beyond gallery association, quality and rights are not independently confirmed."
"MF-MAR-0130","Омега","Гибкий мрамор","https://marmixflex.ru/tproduct/1706353951-769007238572-omega","https://static.tildacdn.com/stor6230-6337-4938-b736-363536633133/8f0f51dfb6987cbef502bc1c7a754174.jpg","unknown","NO","Tilda product UID/title match; exact source gallery association","RIGHTS UNKNOWN","NO","","3","3","NOT INDIVIDUALLY REVIEWED","NOT APPLICABLE — product-gallery asset; no project claim approved","Published in this SKU's Tilda product gallery. Visual decor match, role beyond gallery association, quality and rights are not independently confirmed."
"MF-MAR-0153","Омега мон","Гибкий мрамор","https://marmixflex.ru/tproduct/1706353951-899115612852-omega-mon","https://static.tildacdn.com/stor3036-3930-4132-b033-623634346235/88c2318b786511ede173a3627229397d.png","product_primary","YES","Tilda product UID/title match; exact source gallery association","RIGHTS UNKNOWN","NO","«Омега мон» (MF-MAR-0153); confirm visually that this depicts the named decor before final alt.","2","1","NOT INDIVIDUALLY REVIEWED","NOT APPLICABLE — product-gallery asset; no project claim approved","Published in this SKU's Tilda product gallery. Visual decor match, role beyond gallery association, quality and rights are not independently confirmed."
"MF-MAR-0153","Омега мон","Гибкий мрамор","https://marmixflex.ru/tproduct/1706353951-899115612852-omega-mon","https://static.tildacdn.com/stor3632-6365-4630-a562-613532623764/233a2e55ed455182b01f2ce5f30e0045.jpg","unknown","NO","Tilda product UID/title match; exact source gallery association","RIGHTS UNKNOWN","NO","","2","2","NOT INDIVIDUALLY REVIEWED","NOT APPLICABLE — product-gallery asset; no project claim approved","Published in this SKU's Tilda product gallery. Visual decor match, role beyond gallery association, quality and rights are not independently confirmed."
"MF-MAR-0053","Оникс белый","Гибкий мрамор","https://marmixflex.ru/tproduct/1706353951-337687066422-oniks-belii","https://static.tildacdn.com/stor3836-6239-4334-a333-376538643137/79720c8a528c6e828abf9d07b2d7aa6a.png","product_primary","YES","Tilda product UID/title match; exact source gallery association","RIGHTS UNKNOWN","NO","«Оникс белый» (MF-MAR-0053); confirm visually that this depicts the named decor before final alt.","3","1","NOT INDIVIDUALLY REVIEWED","NOT APPLICABLE — product-gallery asset; no project claim approved","Published in this SKU's Tilda product gallery. Visual decor match, role beyond gallery association, quality and rights are not independently confirmed."
"MF-MAR-0053","Оникс белый","Гибкий мрамор","https://marmixflex.ru/tproduct/1706353951-337687066422-oniks-belii","https://static.tildacdn.com/stor6238-6264-4331-a266-646661356264/885f368923904c2b47430656f8de3a9a.jpg","unknown","NO","Tilda product UID/title match; exact source gallery association","RIGHTS UNKNOWN","NO","","3","2","NOT INDIVIDUALLY REVIEWED","NOT APPLICABLE — product-gallery asset; no project claim approved","Published in this SKU's Tilda product gallery. Visual decor match, role beyond gallery association, quality and rights are not independently confirmed."
"MF-MAR-0053","Оникс белый","Гибкий мрамор","https://marmixflex.ru/tproduct/1706353951-337687066422-oniks-belii","https://static.tildacdn.com/stor3065-3965-4439-b764-623863366434/8cd8c0e06475a8a3c783ef8d56b31ef5.jpg","unknown","NO","Tilda product UID/title match; exact source gallery association","RIGHTS UNKNOWN","NO","","3","3","NOT INDIVIDUALLY REVIEWED","NOT APPLICABLE — product-gallery asset; no project claim approved","Published in this SKU's Tilda product gallery. Visual decor match, role beyond gallery association, quality and rights are not independently confirmed."
"MF-MAR-0097","Орандж Сильвер","Гибкий мрамор","https://marmixflex.ru/tproduct/1706353951-594268424722-orandzh-silver","https://static.tildacdn.com/stor6634-3365-4230-a662-333134663065/8603a5c62f8c9a38e0d65ffae002c971.png","product_primary","YES","Tilda product UID/title match; exact source gallery association","RIGHTS UNKNOWN","NO","«Орандж Сильвер» (MF-MAR-0097); confirm visually that this depicts the named decor before final alt.","3","1","NOT INDIVIDUALLY REVIEWED","NOT APPLICABLE — product-gallery asset; no project claim approved","Published in this SKU's Tilda product gallery. Visual decor match, role beyond gallery association, quality and rights are not independently confirmed."
"MF-MAR-0097","Орандж Сильвер","Гибкий мрамор","https://marmixflex.ru/tproduct/1706353951-594268424722-orandzh-silver","https://static.tildacdn.com/stor6138-3363-4362-b236-346139373465/55efabd59437078b4a8e432e297e29ca.jpg","unknown","NO","Tilda product UID/title match; exact source gallery association","RIGHTS UNKNOWN","NO","","3","2","NOT INDIVIDUALLY REVIEWED","NOT APPLICABLE — product-gallery asset; no project claim approved","Published in this SKU's Tilda product gallery. Visual decor match, role beyond gallery association, quality and rights are not independently confirmed."
"MF-MAR-0097","Орандж Сильвер","Гибкий мрамор","https://marmixflex.ru/tproduct/1706353951-594268424722-orandzh-silver","https://static.tildacdn.com/stor6330-3634-4263-a261-623966663164/70be12e814730330098f1b2f1aba3d52.png","unknown","NO","Tilda product UID/title match; exact source gallery association","RIGHTS UNKNOWN","NO","","3","3","NOT INDIVIDUALLY REVIEWED","NOT APPLICABLE — product-gallery asset; no project claim approved","Published in this SKU's Tilda product gallery. Visual decor match, role beyond gallery association, quality and rights are not independently confirmed."
"MF-MAR-0069","Орех шпон","Гибкий мрамор","https://marmixflex.ru/tproduct/1706353951-411828995762-oreh-shpon","https://static.tildacdn.com/stor3831-3464-4633-a235-623234376463/751bc3410cd8faa3fd138d42760a643e.png","product_primary","YES","Tilda product UID/title match; exact source gallery association","RIGHTS UNKNOWN","NO","«Орех шпон» (MF-MAR-0069); confirm visually that this depicts the named decor before final alt.","2","1","NOT INDIVIDUALLY REVIEWED","NOT APPLICABLE — product-gallery asset; no project claim approved","Published in this SKU's Tilda product gallery. Visual decor match, role beyond gallery association, quality and rights are not independently confirmed."
"MF-MAR-0069","Орех шпон","Гибкий мрамор","https://marmixflex.ru/tproduct/1706353951-411828995762-oreh-shpon","https://static.tildacdn.com/stor6361-3536-4033-a166-636664313533/2b9a26b5c98a96c5fd6f2cc3b2c1e09c.jpg","unknown","NO","Tilda product UID/title match; exact source gallery association","RIGHTS UNKNOWN","NO","","2","2","NOT INDIVIDUALLY REVIEWED","NOT APPLICABLE — product-gallery asset; no project claim approved","Published in this SKU's Tilda product gallery. Visual decor match, role beyond gallery association, quality and rights are not independently confirmed."
"MF-MAR-0155","Орех шпон светлый","Гибкий мрамор","https://marmixflex.ru/tproduct/1706353951-923036221952-oreh-shpon-svetlii","https://static.tildacdn.com/stor6433-6463-4364-b666-336162386431/993a6f266356eb71fa031810f862513a.png","product_primary","YES","Tilda product UID/title match; exact source gallery association","RIGHTS UNKNOWN","NO","«Орех шпон светлый» (MF-MAR-0155); confirm visually that this depicts the named decor before final alt.","2","1","NOT INDIVIDUALLY REVIEWED","NOT APPLICABLE — product-gallery asset; no project claim approved","Published in this SKU's Tilda product gallery. Visual decor match, role beyond gallery association, quality and rights are not independently confirmed."
"MF-MAR-0155","Орех шпон светлый","Гибкий мрамор","https://marmixflex.ru/tproduct/1706353951-923036221952-oreh-shpon-svetlii","https://static.tildacdn.com/stor3238-3435-4636-a663-356362616164/1de5b70cb9a872f366f0301fc198c0b1.jpg","unknown","NO","Tilda product UID/title match; exact source gallery association","RIGHTS UNKNOWN","NO","","2","2","NOT INDIVIDUALLY REVIEWED","NOT APPLICABLE — product-gallery asset; no project claim approved","Published in this SKU's Tilda product gallery. Visual decor match, role beyond gallery association, quality and rights are not independently confirmed."
"MF-MAR-0045","Парма","Гибкий мрамор","https://marmixflex.ru/tproduct/1706353951-309629025202-parma","https://static.tildacdn.com/stor3365-3232-4333-b863-613139323732/1bacd0d3918cb5816918a52efc447972.png","product_primary","YES","Tilda product UID/title match; exact source gallery association","RIGHTS UNKNOWN","NO","«Парма» (MF-MAR-0045); confirm visually that this depicts the named decor before final alt.","3","1","NOT INDIVIDUALLY REVIEWED","NOT APPLICABLE — product-gallery asset; no project claim approved","Published in this SKU's Tilda product gallery. Visual decor match, role beyond gallery association, quality and rights are not independently confirmed."
"MF-MAR-0045","Парма","Гибкий мрамор","https://marmixflex.ru/tproduct/1706353951-309629025202-parma","https://static.tildacdn.com/stor6134-3931-4239-b461-336333396436/b8ee196342b4aa0dbe0cd8a42a98e0c5.jpg","unknown","NO","Tilda product UID/title match; exact source gallery association","RIGHTS UNKNOWN","NO","","3","2","NOT INDIVIDUALLY REVIEWED","NOT APPLICABLE — product-gallery asset; no project claim approved","Published in this SKU's Tilda product gallery. Visual decor match, role beyond gallery association, quality and rights are not independently confirmed."
"MF-MAR-0045","Парма","Гибкий мрамор","https://marmixflex.ru/tproduct/1706353951-309629025202-parma","https://static.tildacdn.com/stor3466-3830-4163-a538-313463303138/6182b885a70972c91c53a494397d1ffa.png","unknown","NO","Tilda product UID/title match; exact source gallery association","RIGHTS UNKNOWN","NO","","3","3","NOT INDIVIDUALLY REVIEWED","NOT APPLICABLE — product-gallery asset; no project claim approved","Published in this SKU's Tilda product gallery. Visual decor match, role beyond gallery association, quality and rights are not independently confirmed."
"MF-MAR-0098","Пегас","Гибкий мрамор","https://marmixflex.ru/tproduct/1706353951-599885697112-pegas","https://static.tildacdn.com/stor3535-3232-4339-b762-643835663535/2c33456f1e63a995e67b47ffba0ea77d.png","product_primary","YES","Tilda product UID/title match; exact source gallery association","RIGHTS UNKNOWN","NO","«Пегас» (MF-MAR-0098); confirm visually that this depicts the named decor before final alt.","3","1","NOT INDIVIDUALLY REVIEWED","NOT APPLICABLE — product-gallery asset; no project claim approved","Published in this SKU's Tilda product gallery. Visual decor match, role beyond gallery association, quality and rights are not independently confirmed."
"MF-MAR-0098","Пегас","Гибкий мрамор","https://marmixflex.ru/tproduct/1706353951-599885697112-pegas","https://static.tildacdn.com/stor3462-3938-4933-a463-396262396538/a568fc733586504de603d0f57c7f8557.jpg","unknown","NO","Tilda product UID/title match; exact source gallery association","RIGHTS UNKNOWN","NO","","3","2","NOT INDIVIDUALLY REVIEWED","NOT APPLICABLE — product-gallery asset; no project claim approved","Published in this SKU's Tilda product gallery. Visual decor match, role beyond gallery association, quality and rights are not independently confirmed."
"MF-MAR-0098","Пегас","Гибкий мрамор","https://marmixflex.ru/tproduct/1706353951-599885697112-pegas","https://static.tildacdn.com/stor3736-6535-4332-b933-313931316462/d6207ae203983922ae7d45e9ada07d1b.jpg","unknown","NO","Tilda product UID/title match; exact source gallery association","RIGHTS UNKNOWN","NO","","3","3","NOT INDIVIDUALLY REVIEWED","NOT APPLICABLE — product-gallery asset; no project claim approved","Published in this SKU's Tilda product gallery. Visual decor match, role beyond gallery association, quality and rights are not independently confirmed."
"MF-MAR-0052","Персидский оникс","Гибкий мрамор","https://marmixflex.ru/tproduct/1706353951-337033124752-persidskii-oniks","https://static.tildacdn.com/stor6265-3934-4236-a232-643362363465/f788a509cbe7c374d3f70c72f04db24c.png","product_primary","YES","Tilda product UID/title match; exact source gallery association","RIGHTS UNKNOWN","NO","«Персидский оникс» (MF-MAR-0052); confirm visually that this depicts the named decor before final alt.","3","1","NOT INDIVIDUALLY REVIEWED","NOT APPLICABLE — product-gallery asset; no project claim approved","Published in this SKU's Tilda product gallery. Visual decor match, role beyond gallery association, quality and rights are not independently confirmed."
"MF-MAR-0052","Персидский оникс","Гибкий мрамор","https://marmixflex.ru/tproduct/1706353951-337033124752-persidskii-oniks","https://static.tildacdn.com/stor6663-6237-4166-a133-326637616163/358353eec9f5751b515974fb438fe9a0.jpg","unknown","NO","Tilda product UID/title match; exact source gallery association","RIGHTS UNKNOWN","NO","","3","2","NOT INDIVIDUALLY REVIEWED","NOT APPLICABLE — product-gallery asset; no project claim approved","Published in this SKU's Tilda product gallery. Visual decor match, role beyond gallery association, quality and rights are not independently confirmed."
"MF-MAR-0052","Персидский оникс","Гибкий мрамор","https://marmixflex.ru/tproduct/1706353951-337033124752-persidskii-oniks","https://static.tildacdn.com/stor3332-6435-4635-a633-363364333331/e753b875d2d21e2362f232f1e406af5f.jpg","unknown","NO","Tilda product UID/title match; exact source gallery association","RIGHTS UNKNOWN","NO","","3","3","NOT INDIVIDUALLY REVIEWED","NOT APPLICABLE — product-gallery asset; no project claim approved","Published in this SKU's Tilda product gallery. Visual decor match, role beyond gallery association, quality and rights are not independently confirmed."
"MF-MAR-0129","Порто голд","Гибкий мрамор","https://marmixflex.ru/tproduct/1706353951-764734884672-porto-gold","https://static.tildacdn.com/stor3237-6536-4131-b931-303538653836/d6e5a5f7e4db79624367013d887e09ce.png","product_primary","YES","Tilda product UID/title match; exact source gallery association","RIGHTS UNKNOWN","NO","«Порто голд» (MF-MAR-0129); confirm visually that this depicts the named decor before final alt.","3","1","NOT INDIVIDUALLY REVIEWED","NOT APPLICABLE — product-gallery asset; no project claim approved","Published in this SKU's Tilda product gallery. Visual decor match, role beyond gallery association, quality and rights are not independently confirmed."
"MF-MAR-0129","Порто голд","Гибкий мрамор","https://marmixflex.ru/tproduct/1706353951-764734884672-porto-gold","https://static.tildacdn.com/stor6664-6562-4262-a363-353834643265/36234d0b24428a9a33838b07976e1de7.jpg","unknown","NO","Tilda product UID/title match; exact source gallery association","RIGHTS UNKNOWN","NO","","3","2","NOT INDIVIDUALLY REVIEWED","NOT APPLICABLE — product-gallery asset; no project claim approved","Published in this SKU's Tilda product gallery. Visual decor match, role beyond gallery association, quality and rights are not independently confirmed."
"MF-MAR-0129","Порто голд","Гибкий мрамор","https://marmixflex.ru/tproduct/1706353951-764734884672-porto-gold","https://static.tildacdn.com/stor6239-6633-4664-a465-643266363534/77f0c48b278ba4992da2f53318f6e80b.png","unknown","NO","Tilda product UID/title match; exact source gallery association","RIGHTS UNKNOWN","NO","","3","3","NOT INDIVIDUALLY REVIEWED","NOT APPLICABLE — product-gallery asset; no project claim approved","Published in this SKU's Tilda product gallery. Visual decor match, role beyond gallery association, quality and rights are not independently confirmed."
"MF-MAR-0128","Поэзия","Гибкий мрамор","https://marmixflex.ru/tproduct/1706353951-745760047562-poeziya","https://static.tildacdn.com/stor3661-3432-4163-b934-363030356639/9cdffc19b55d1943c8079fbcbf81a8fe.png","product_primary","YES","Tilda product UID/title match; exact source gallery association","RIGHTS UNKNOWN","NO","«Поэзия» (MF-MAR-0128); confirm visually that this depicts the named decor before final alt.","3","1","NOT INDIVIDUALLY REVIEWED","NOT APPLICABLE — product-gallery asset; no project claim approved","Published in this SKU's Tilda product gallery. Visual decor match, role beyond gallery association, quality and rights are not independently confirmed."
"MF-MAR-0128","Поэзия","Гибкий мрамор","https://marmixflex.ru/tproduct/1706353951-745760047562-poeziya","https://static.tildacdn.com/stor6538-3133-4731-a439-356538363636/d154d8dfb18d4866b7200f46b652c7f5.jpg","unknown","NO","Tilda product UID/title match; exact source gallery association","RIGHTS UNKNOWN","NO","","3","2","NOT INDIVIDUALLY REVIEWED","NOT APPLICABLE — product-gallery asset; no project claim approved","Published in this SKU's Tilda product gallery. Visual decor match, role beyond gallery association, quality and rights are not independently confirmed."
"MF-MAR-0128","Поэзия","Гибкий мрамор","https://marmixflex.ru/tproduct/1706353951-745760047562-poeziya","https://static.tildacdn.com/stor6633-3362-4761-b964-353033373763/8d94c12627c76db5e830e0c2b5526bdd.jpg","unknown","NO","Tilda product UID/title match; exact source gallery association","RIGHTS UNKNOWN","NO","","3","3","NOT INDIVIDUALLY REVIEWED","NOT APPLICABLE — product-gallery asset; no project claim approved","Published in this SKU's Tilda product gallery. Visual decor match, role beyond gallery association, quality and rights are not independently confirmed."
"MF-MAR-0134","Прима","Гибкий мрамор","https://marmixflex.ru/tproduct/1706353951-799894730082-prima","https://static.tildacdn.com/stor6262-3566-4966-a135-353934303638/4eec0f3c483dfad100267eae5cc160b3.png","product_primary","YES","Tilda product UID/title match; exact source gallery association","RIGHTS UNKNOWN","NO","«Прима» (MF-MAR-0134); confirm visually that this depicts the named decor before final alt.","3","1","NOT INDIVIDUALLY REVIEWED","NOT APPLICABLE — product-gallery asset; no project claim approved","Published in this SKU's Tilda product gallery. Visual decor match, role beyond gallery association, quality and rights are not independently confirmed."
"MF-MAR-0134","Прима","Гибкий мрамор","https://marmixflex.ru/tproduct/1706353951-799894730082-prima","https://static.tildacdn.com/stor3262-3066-4563-b235-333565666439/085dc655cebd7e72c6ea3ae249768fea.jpg","unknown","NO","Tilda product UID/title match; exact source gallery association","RIGHTS UNKNOWN","NO","","3","2","NOT INDIVIDUALLY REVIEWED","NOT APPLICABLE — product-gallery asset; no project claim approved","Published in this SKU's Tilda product gallery. Visual decor match, role beyond gallery association, quality and rights are not independently confirmed."
"MF-MAR-0134","Прима","Гибкий мрамор","https://marmixflex.ru/tproduct/1706353951-799894730082-prima","https://static.tildacdn.com/stor3865-6137-4561-b162-336233303139/a8193a36cf0f136b9d1a836ccc8309da.png","unknown","NO","Tilda product UID/title match; exact source gallery association","RIGHTS UNKNOWN","NO","","3","3","NOT INDIVIDUALLY REVIEWED","NOT APPLICABLE — product-gallery asset; no project claim approved","Published in this SKU's Tilda product gallery. Visual decor match, role beyond gallery association, quality and rights are not independently confirmed."
"MF-MAR-0067","Розовый кварц","Гибкий мрамор","https://marmixflex.ru/tproduct/1706353951-387451765712-rozovii-kvarts","https://static.tildacdn.com/stor6332-6666-4565-b936-383830653766/a5c179c0b3e965392e9127bf1ae77793.png","product_primary","YES","Tilda product UID/title match; exact source gallery association","RIGHTS UNKNOWN","NO","«Розовый кварц» (MF-MAR-0067); confirm visually that this depicts the named decor before final alt.","3","1","NOT INDIVIDUALLY REVIEWED","NOT APPLICABLE — product-gallery asset; no project claim approved","Published in this SKU's Tilda product gallery. Visual decor match, role beyond gallery association, quality and rights are not independently confirmed."
"MF-MAR-0067","Розовый кварц","Гибкий мрамор","https://marmixflex.ru/tproduct/1706353951-387451765712-rozovii-kvarts","https://static.tildacdn.com/stor3862-3035-4863-b261-623363356161/7fc16eac82ba9649c69da0ebd32d1c32.jpg","unknown","NO","Tilda product UID/title match; exact source gallery association","RIGHTS UNKNOWN","NO","","3","2","NOT INDIVIDUALLY REVIEWED","NOT APPLICABLE — product-gallery asset; no project claim approved","Published in this SKU's Tilda product gallery. Visual decor match, role beyond gallery association, quality and rights are not independently confirmed."
"MF-MAR-0067","Розовый кварц","Гибкий мрамор","https://marmixflex.ru/tproduct/1706353951-387451765712-rozovii-kvarts","https://static.tildacdn.com/stor3130-3136-4332-b761-313630353630/8fc54bcdb5452c17ab68f876793b5e7c.png","unknown","NO","Tilda product UID/title match; exact source gallery association","RIGHTS UNKNOWN","NO","","3","3","NOT INDIVIDUALLY REVIEWED","NOT APPLICABLE — product-gallery asset; no project claim approved","Published in this SKU's Tilda product gallery. Visual decor match, role beyond gallery association, quality and rights are not independently confirmed."
"MF-MAR-0099","Эспера","Гибкий мрамор","https://marmixflex.ru/tproduct/1706353951-611052753331-espera","https://static.tildacdn.com/stor6162-6265-4934-b737-303734616138/95635625.png","product_primary","YES","Tilda product UID/title match; exact source gallery association","RIGHTS UNKNOWN","NO","«Эспера» (MF-MAR-0099); confirm visually that this depicts the named decor before final alt.","3","1","NOT INDIVIDUALLY REVIEWED","NOT APPLICABLE — product-gallery asset; no project claim approved","Published in this SKU's Tilda product gallery. Visual decor match, role beyond gallery association, quality and rights are not independently confirmed."
"MF-MAR-0099","Эспера","Гибкий мрамор","https://marmixflex.ru/tproduct/1706353951-611052753331-espera","https://static.tildacdn.com/stor6636-3936-4337-b837-353135353165/88562317.png","unknown","NO","Tilda product UID/title match; exact source gallery association","RIGHTS UNKNOWN","NO","","3","2","NOT INDIVIDUALLY REVIEWED","NOT APPLICABLE — product-gallery asset; no project claim approved","Published in this SKU's Tilda product gallery. Visual decor match, role beyond gallery association, quality and rights are not independently confirmed."
"MF-MAR-0099","Эспера","Гибкий мрамор","https://marmixflex.ru/tproduct/1706353951-611052753331-espera","https://static.tildacdn.com/stor3864-6233-4435-b439-353964336431/48381971.jpg","unknown","NO","Tilda product UID/title match; exact source gallery association","RIGHTS UNKNOWN","NO","","3","3","NOT INDIVIDUALLY REVIEWED","NOT APPLICABLE — product-gallery asset; no project claim approved","Published in this SKU's Tilda product gallery. Visual decor match, role beyond gallery association, quality and rights are not independently confirmed."
"MF-MAR-0145","Сапфировый шарм","Гибкий мрамор","https://marmixflex.ru/tproduct/1706353951-874744475762-sapfirovii-sharm","https://static.tildacdn.com/stor3064-6162-4234-a236-303466646639/fbc41a8f5f425230f8f9224510cf103e.png","product_primary","YES","Tilda product UID/title match; exact source gallery association","RIGHTS UNKNOWN","NO","«Сапфировый шарм» (MF-MAR-0145); confirm visually that this depicts the named decor before final alt.","3","1","NOT INDIVIDUALLY REVIEWED","NOT APPLICABLE — product-gallery asset; no project claim approved","Published in this SKU's Tilda product gallery. Visual decor match, role beyond gallery association, quality and rights are not independently confirmed."
"MF-MAR-0145","Сапфировый шарм","Гибкий мрамор","https://marmixflex.ru/tproduct/1706353951-874744475762-sapfirovii-sharm","https://static.tildacdn.com/stor3765-3437-4538-a332-643365623230/ff1fb1fdd31b189456b0ae093875b05d.jpg","unknown","NO","Tilda product UID/title match; exact source gallery association","RIGHTS UNKNOWN","NO","","3","2","NOT INDIVIDUALLY REVIEWED","NOT APPLICABLE — product-gallery asset; no project claim approved","Published in this SKU's Tilda product gallery. Visual decor match, role beyond gallery association, quality and rights are not independently confirmed."
"MF-MAR-0145","Сапфировый шарм","Гибкий мрамор","https://marmixflex.ru/tproduct/1706353951-874744475762-sapfirovii-sharm","https://static.tildacdn.com/stor6465-6137-4463-a264-323861373737/ef299241231484dda3f1c6303768648d.png","unknown","NO","Tilda product UID/title match; exact source gallery association","RIGHTS UNKNOWN","NO","","3","3","NOT INDIVIDUALLY REVIEWED","NOT APPLICABLE — product-gallery asset; no project claim approved","Published in this SKU's Tilda product gallery. Visual decor match, role beyond gallery association, quality and rights are not independently confirmed."
"MF-MAR-0016","Доминикана","Гибкий мрамор","https://marmixflex.ru/tproduct/1706353951-162357493831-dominikana","https://static.tildacdn.com/stor3764-3733-4333-a566-666535323832/76039600.png","product_primary","YES","Tilda product UID/title match; exact source gallery association","RIGHTS UNKNOWN","NO","«Доминикана» (MF-MAR-0016); confirm visually that this depicts the named decor before final alt.","7","1","NOT INDIVIDUALLY REVIEWED","NOT APPLICABLE — product-gallery asset; no project claim approved","Published in this SKU's Tilda product gallery. Visual decor match, role beyond gallery association, quality and rights are not independently confirmed."
"MF-MAR-0016","Доминикана","Гибкий мрамор","https://marmixflex.ru/tproduct/1706353951-162357493831-dominikana","https://static.tildacdn.com/stor3635-6565-4038-b730-356331643437/91755123.png","unknown","NO","Tilda product UID/title match; exact source gallery association","RIGHTS UNKNOWN","NO","","7","2","NOT INDIVIDUALLY REVIEWED","NOT APPLICABLE — product-gallery asset; no project claim approved","Published in this SKU's Tilda product gallery. Visual decor match, role beyond gallery association, quality and rights are not independently confirmed."
"MF-MAR-0016","Доминикана","Гибкий мрамор","https://marmixflex.ru/tproduct/1706353951-162357493831-dominikana","https://static.tildacdn.com/stor3238-6133-4761-b765-653436646435/98413113.jpg","unknown","NO","Tilda product UID/title match; exact source gallery association","RIGHTS UNKNOWN","NO","","7","3","NOT INDIVIDUALLY REVIEWED","NOT APPLICABLE — product-gallery asset; no project claim approved","Published in this SKU's Tilda product gallery. Visual decor match, role beyond gallery association, quality and rights are not independently confirmed."
"MF-MAR-0016","Доминикана","Гибкий мрамор","https://marmixflex.ru/tproduct/1706353951-162357493831-dominikana","https://static.tildacdn.com/tild6165-3361-4466-a636-356135656166/bleu-fleuri-v-intere.jpg","interior_application","NO","Tilda product UID/title match; exact source gallery association","RIGHTS UNKNOWN","NO","Interior image in product gallery «Доминикана»; object and authorship not attributed.","7","4","NOT INDIVIDUALLY REVIEWED","NOT APPLICABLE — product-gallery asset; no project claim approved","Interior role inferred from filename and a sample visual; not owner-confirmed as a Marmix Flex installation, a rendering, or an authorized image."
"MF-MAR-0016","Доминикана","Гибкий мрамор","https://marmixflex.ru/tproduct/1706353951-162357493831-dominikana","https://static.tildacdn.com/tild3836-3734-4734-b430-633431333634/bleu-fleuri-v-intere.jpg","interior_application","NO","Tilda product UID/title match; exact source gallery association","RIGHTS UNKNOWN","NO","Interior image in product gallery «Доминикана»; object and authorship not attributed.","7","5","NOT INDIVIDUALLY REVIEWED","NOT APPLICABLE — product-gallery asset; no project claim approved","Interior role inferred from filename and a sample visual; not owner-confirmed as a Marmix Flex installation, a rendering, or an authorized image."
"MF-MAR-0016","Доминикана","Гибкий мрамор","https://marmixflex.ru/tproduct/1706353951-162357493831-dominikana","https://static.tildacdn.com/tild6132-3164-4965-a536-346639643638/bleu-fleuri-v-intere.jpg","interior_application","NO","Tilda product UID/title match; exact source gallery association","RIGHTS UNKNOWN","NO","Interior image in product gallery «Доминикана»; object and authorship not attributed.","7","6","NOT INDIVIDUALLY REVIEWED","NOT APPLICABLE — product-gallery asset; no project claim approved","Interior role inferred from filename and a sample visual; not owner-confirmed as a Marmix Flex installation, a rendering, or an authorized image."
"MF-MAR-0016","Доминикана","Гибкий мрамор","https://marmixflex.ru/tproduct/1706353951-162357493831-dominikana","https://static.tildacdn.com/tild6137-3239-4136-a430-376535393466/bleu-fleuri-v-intere.jpg","interior_application","NO","Tilda product UID/title match; exact source gallery association","RIGHTS UNKNOWN","NO","Interior image in product gallery «Доминикана»; object and authorship not attributed.","7","7","NOT INDIVIDUALLY REVIEWED","NOT APPLICABLE — product-gallery asset; no project claim approved","Interior role inferred from filename and a sample visual; not owner-confirmed as a Marmix Flex installation, a rendering, or an authorized image."
"MF-MAR-0070","Сапфир","Гибкий мрамор","https://marmixflex.ru/tproduct/1706353951-424060505111-sapfir","https://static.tildacdn.com/tild6639-6535-4634-b531-386263386561/Group_315.png","product_primary","YES","Tilda product UID/title match; exact source gallery association","RIGHTS UNKNOWN","NO","«Сапфир» (MF-MAR-0070); confirm visually that this depicts the named decor before final alt.","6","1","NOT INDIVIDUALLY REVIEWED","NOT APPLICABLE — product-gallery asset; no project claim approved","Published in this SKU's Tilda product gallery. Visual decor match, role beyond gallery association, quality and rights are not independently confirmed."
"MF-MAR-0070","Сапфир","Гибкий мрамор","https://marmixflex.ru/tproduct/1706353951-424060505111-sapfir","https://static.tildacdn.com/tild6638-3438-4762-a464-343132613232/Group_381.png","unknown","NO","Tilda product UID/title match; exact source gallery association","RIGHTS UNKNOWN","NO","","6","2","NOT INDIVIDUALLY REVIEWED","NOT APPLICABLE — product-gallery asset; no project claim approved","Published in this SKU's Tilda product gallery. Visual decor match, role beyond gallery association, quality and rights are not independently confirmed."
"MF-MAR-0070","Сапфир","Гибкий мрамор","https://marmixflex.ru/tproduct/1706353951-424060505111-sapfir","https://static.tildacdn.com/stor6664-6635-4539-a362-383461303663/26477103.jpg","unknown","NO","Tilda product UID/title match; exact source gallery association","RIGHTS UNKNOWN","NO","","6","3","NOT INDIVIDUALLY REVIEWED","NOT APPLICABLE — product-gallery asset; no project claim approved","Published in this SKU's Tilda product gallery. Visual decor match, role beyond gallery association, quality and rights are not independently confirmed."
"MF-MAR-0070","Сапфир","Гибкий мрамор","https://marmixflex.ru/tproduct/1706353951-424060505111-sapfir","https://static.tildacdn.com/tild3965-3639-4435-b162-363965386262/1-34.jpg","unknown","NO","Tilda product UID/title match; exact source gallery association","RIGHTS UNKNOWN","NO","","6","4","NOT INDIVIDUALLY REVIEWED","NOT APPLICABLE — product-gallery asset; no project claim approved","Published in this SKU's Tilda product gallery. Visual decor match, role beyond gallery association, quality and rights are not independently confirmed."
"MF-MAR-0070","Сапфир","Гибкий мрамор","https://marmixflex.ru/tproduct/1706353951-424060505111-sapfir","https://static.tildacdn.com/tild3664-6237-4265-a661-636662356663/2-33.jpg","unknown","NO","Tilda product UID/title match; exact source gallery association","RIGHTS UNKNOWN","NO","","6","5","NOT INDIVIDUALLY REVIEWED","NOT APPLICABLE — product-gallery asset; no project claim approved","Published in this SKU's Tilda product gallery. Visual decor match, role beyond gallery association, quality and rights are not independently confirmed."
"MF-MAR-0070","Сапфир","Гибкий мрамор","https://marmixflex.ru/tproduct/1706353951-424060505111-sapfir","https://static.tildacdn.com/tild6662-3564-4737-a564-376232356433/4-33.jpg","unknown","NO","Tilda product UID/title match; exact source gallery association","RIGHTS UNKNOWN","NO","","6","6","NOT INDIVIDUALLY REVIEWED","NOT APPLICABLE — product-gallery asset; no project claim approved","Published in this SKU's Tilda product gallery. Visual decor match, role beyond gallery association, quality and rights are not independently confirmed."
"MF-MAR-0050","Лазурит","Гибкий мрамор","https://marmixflex.ru/tproduct/1706353951-333112469361-lazurit","https://static.tildacdn.com/tild6233-3334-4237-b631-386637666666/Group_316.png","product_primary","YES","Tilda product UID/title match; exact source gallery association","RIGHTS UNKNOWN","NO","«Лазурит» (MF-MAR-0050); confirm visually that this depicts the named decor before final alt.","6","1","NOT INDIVIDUALLY REVIEWED","NOT APPLICABLE — product-gallery asset; no project claim approved","Published in this SKU's Tilda product gallery. Visual decor match, role beyond gallery association, quality and rights are not independently confirmed."
"MF-MAR-0050","Лазурит","Гибкий мрамор","https://marmixflex.ru/tproduct/1706353951-333112469361-lazurit","https://static.tildacdn.com/tild6531-3336-4962-b733-333237633030/Group_384.png","unknown","NO","Tilda product UID/title match; exact source gallery association","RIGHTS UNKNOWN","NO","","6","2","NOT INDIVIDUALLY REVIEWED","NOT APPLICABLE — product-gallery asset; no project claim approved","Published in this SKU's Tilda product gallery. Visual decor match, role beyond gallery association, quality and rights are not independently confirmed."
"MF-MAR-0050","Лазурит","Гибкий мрамор","https://marmixflex.ru/tproduct/1706353951-333112469361-lazurit","https://static.tildacdn.com/stor6663-3639-4333-b964-313339663962/59612924.jpg","unknown","NO","Tilda product UID/title match; exact source gallery association","RIGHTS UNKNOWN","NO","","6","3","NOT INDIVIDUALLY REVIEWED","NOT APPLICABLE — product-gallery asset; no project claim approved","Published in this SKU's Tilda product gallery. Visual decor match, role beyond gallery association, quality and rights are not independently confirmed."
"MF-MAR-0050","Лазурит","Гибкий мрамор","https://marmixflex.ru/tproduct/1706353951-333112469361-lazurit","https://static.tildacdn.com/tild3266-3534-4661-a539-343837306165/2-28.jpg","unknown","NO","Tilda product UID/title match; exact source gallery association","RIGHTS UNKNOWN","NO","","6","4","NOT INDIVIDUALLY REVIEWED","NOT APPLICABLE — product-gallery asset; no project claim approved","Published in this SKU's Tilda product gallery. Visual decor match, role beyond gallery association, quality and rights are not independently confirmed."
"MF-MAR-0050","Лазурит","Гибкий мрамор","https://marmixflex.ru/tproduct/1706353951-333112469361-lazurit","https://static.tildacdn.com/tild6161-3732-4038-a538-313031393965/1-29.jpg","unknown","NO","Tilda product UID/title match; exact source gallery association","RIGHTS UNKNOWN","NO","","6","5","NOT INDIVIDUALLY REVIEWED","NOT APPLICABLE — product-gallery asset; no project claim approved","Published in this SKU's Tilda product gallery. Visual decor match, role beyond gallery association, quality and rights are not independently confirmed."
"MF-MAR-0050","Лазурит","Гибкий мрамор","https://marmixflex.ru/tproduct/1706353951-333112469361-lazurit","https://static.tildacdn.com/tild3764-3764-4537-b864-303735646435/4-28.jpg","unknown","NO","Tilda product UID/title match; exact source gallery association","RIGHTS UNKNOWN","NO","","6","6","NOT INDIVIDUALLY REVIEWED","NOT APPLICABLE — product-gallery asset; no project claim approved","Published in this SKU's Tilda product gallery. Visual decor match, role beyond gallery association, quality and rights are not independently confirmed."
"MF-MAR-0159","Малахит","Гибкий мрамор","https://marmixflex.ru/tproduct/1706353951-960725802041-malahit","https://static.tildacdn.com/tild3963-6665-4261-a662-653433636234/Group_317.png","product_primary","YES","Tilda product UID/title match; exact source gallery association","RIGHTS UNKNOWN","NO","«Малахит» (MF-MAR-0159); confirm visually that this depicts the named decor before final alt.","7","1","NOT INDIVIDUALLY REVIEWED","NOT APPLICABLE — product-gallery asset; no project claim approved","Published in this SKU's Tilda product gallery. Visual decor match, role beyond gallery association, quality and rights are not independently confirmed."
"MF-MAR-0159","Малахит","Гибкий мрамор","https://marmixflex.ru/tproduct/1706353951-960725802041-malahit","https://static.tildacdn.com/tild3766-6334-4833-b438-373533306434/Group_387.png","unknown","NO","Tilda product UID/title match; exact source gallery association","RIGHTS UNKNOWN","NO","","7","2","NOT INDIVIDUALLY REVIEWED","NOT APPLICABLE — product-gallery asset; no project claim approved","Published in this SKU's Tilda product gallery. Visual decor match, role beyond gallery association, quality and rights are not independently confirmed."
"MF-MAR-0159","Малахит","Гибкий мрамор","https://marmixflex.ru/tproduct/1706353951-960725802041-malahit","https://static.tildacdn.com/stor3166-3539-4932-b362-663031633631/83785331.jpg","unknown","NO","Tilda product UID/title match; exact source gallery association","RIGHTS UNKNOWN","NO","","7","3","NOT INDIVIDUALLY REVIEWED","NOT APPLICABLE — product-gallery asset; no project claim approved","Published in this SKU's Tilda product gallery. Visual decor match, role beyond gallery association, quality and rights are not independently confirmed."
"MF-MAR-0159","Малахит","Гибкий мрамор","https://marmixflex.ru/tproduct/1706353951-960725802041-malahit","https://static.tildacdn.com/tild6666-3633-4361-b835-656135643332/1-30.jpg","unknown","NO","Tilda product UID/title match; exact source gallery association","RIGHTS UNKNOWN","NO","","7","4","NOT INDIVIDUALLY REVIEWED","NOT APPLICABLE — product-gallery asset; no project claim approved","Published in this SKU's Tilda product gallery. Visual decor match, role beyond gallery association, quality and rights are not independently confirmed."
"MF-MAR-0159","Малахит","Гибкий мрамор","https://marmixflex.ru/tproduct/1706353951-960725802041-malahit","https://static.tildacdn.com/tild3837-6164-4565-b535-643936323833/2-29.jpg","unknown","NO","Tilda product UID/title match; exact source gallery association","RIGHTS UNKNOWN","NO","","7","5","NOT INDIVIDUALLY REVIEWED","NOT APPLICABLE — product-gallery asset; no project claim approved","Published in this SKU's Tilda product gallery. Visual decor match, role beyond gallery association, quality and rights are not independently confirmed."
"MF-MAR-0159","Малахит","Гибкий мрамор","https://marmixflex.ru/tproduct/1706353951-960725802041-malahit","https://static.tildacdn.com/tild6332-3430-4435-b564-653933333432/3-29.jpg","unknown","NO","Tilda product UID/title match; exact source gallery association","RIGHTS UNKNOWN","NO","","7","6","NOT INDIVIDUALLY REVIEWED","NOT APPLICABLE — product-gallery asset; no project claim approved","Published in this SKU's Tilda product gallery. Visual decor match, role beyond gallery association, quality and rights are not independently confirmed."
"MF-MAR-0159","Малахит","Гибкий мрамор","https://marmixflex.ru/tproduct/1706353951-960725802041-malahit","https://static.tildacdn.com/tild3633-3431-4438-a166-643266663536/4-29.jpg","unknown","NO","Tilda product UID/title match; exact source gallery association","RIGHTS UNKNOWN","NO","","7","7","NOT INDIVIDUALLY REVIEWED","NOT APPLICABLE — product-gallery asset; no project claim approved","Published in this SKU's Tilda product gallery. Visual decor match, role beyond gallery association, quality and rights are not independently confirmed."
"MF-MAR-0068","Нефрит","Гибкий мрамор","https://marmixflex.ru/tproduct/1706353951-398551648771-nefrit","https://static.tildacdn.com/tild3364-3035-4336-b832-626138646663/Group_318.png","product_primary","YES","Tilda product UID/title match; exact source gallery association","RIGHTS UNKNOWN","NO","«Нефрит» (MF-MAR-0068); confirm visually that this depicts the named decor before final alt.","7","1","NOT INDIVIDUALLY REVIEWED","NOT APPLICABLE — product-gallery asset; no project claim approved","Published in this SKU's Tilda product gallery. Visual decor match, role beyond gallery association, quality and rights are not independently confirmed."
"MF-MAR-0068","Нефрит","Гибкий мрамор","https://marmixflex.ru/tproduct/1706353951-398551648771-nefrit","https://static.tildacdn.com/tild3662-6231-4130-b365-383662313133/Group_390.png","unknown","NO","Tilda product UID/title match; exact source gallery association","RIGHTS UNKNOWN","NO","","7","2","NOT INDIVIDUALLY REVIEWED","NOT APPLICABLE — product-gallery asset; no project claim approved","Published in this SKU's Tilda product gallery. Visual decor match, role beyond gallery association, quality and rights are not independently confirmed."
"MF-MAR-0068","Нефрит","Гибкий мрамор","https://marmixflex.ru/tproduct/1706353951-398551648771-nefrit","https://static.tildacdn.com/stor3164-6461-4539-b839-333662353834/85103057.jpg","unknown","NO","Tilda product UID/title match; exact source gallery association","RIGHTS UNKNOWN","NO","","7","3","NOT INDIVIDUALLY REVIEWED","NOT APPLICABLE — product-gallery asset; no project claim approved","Published in this SKU's Tilda product gallery. Visual decor match, role beyond gallery association, quality and rights are not independently confirmed."
"MF-MAR-0068","Нефрит","Гибкий мрамор","https://marmixflex.ru/tproduct/1706353951-398551648771-nefrit","https://static.tildacdn.com/tild3737-6166-4633-a333-326430373636/1-31.jpg","unknown","NO","Tilda product UID/title match; exact source gallery association","RIGHTS UNKNOWN","NO","","7","4","NOT INDIVIDUALLY REVIEWED","NOT APPLICABLE — product-gallery asset; no project claim approved","Published in this SKU's Tilda product gallery. Visual decor match, role beyond gallery association, quality and rights are not independently confirmed."
"MF-MAR-0068","Нефрит","Гибкий мрамор","https://marmixflex.ru/tproduct/1706353951-398551648771-nefrit","https://static.tildacdn.com/tild6564-3038-4138-b538-613333613138/2-30.jpg","unknown","NO","Tilda product UID/title match; exact source gallery association","RIGHTS UNKNOWN","NO","","7","5","NOT INDIVIDUALLY REVIEWED","NOT APPLICABLE — product-gallery asset; no project claim approved","Published in this SKU's Tilda product gallery. Visual decor match, role beyond gallery association, quality and rights are not independently confirmed."
"MF-MAR-0068","Нефрит","Гибкий мрамор","https://marmixflex.ru/tproduct/1706353951-398551648771-nefrit","https://static.tildacdn.com/tild3432-3834-4136-b465-393734383265/3-30.jpg","unknown","NO","Tilda product UID/title match; exact source gallery association","RIGHTS UNKNOWN","NO","","7","6","NOT INDIVIDUALLY REVIEWED","NOT APPLICABLE — product-gallery asset; no project claim approved","Published in this SKU's Tilda product gallery. Visual decor match, role beyond gallery association, quality and rights are not independently confirmed."
"MF-MAR-0068","Нефрит","Гибкий мрамор","https://marmixflex.ru/tproduct/1706353951-398551648771-nefrit","https://static.tildacdn.com/tild3231-3732-4966-a435-373239653466/4-30.jpg","unknown","NO","Tilda product UID/title match; exact source gallery association","RIGHTS UNKNOWN","NO","","7","7","NOT INDIVIDUALLY REVIEWED","NOT APPLICABLE — product-gallery asset; no project claim approved","Published in this SKU's Tilda product gallery. Visual decor match, role beyond gallery association, quality and rights are not independently confirmed."
"MF-MAR-0141","Цитрин","Гибкий мрамор","https://marmixflex.ru/tproduct/1706353951-833234525811-tsitrin","https://static.tildacdn.com/tild3436-3038-4664-a130-643765333165/Group_414.png","product_primary","YES","Tilda product UID/title match; exact source gallery association","RIGHTS UNKNOWN","NO","«Цитрин» (MF-MAR-0141); confirm visually that this depicts the named decor before final alt.","6","1","NOT INDIVIDUALLY REVIEWED","NOT APPLICABLE — product-gallery asset; no project claim approved","Published in this SKU's Tilda product gallery. Visual decor match, role beyond gallery association, quality and rights are not independently confirmed."
"MF-MAR-0141","Цитрин","Гибкий мрамор","https://marmixflex.ru/tproduct/1706353951-833234525811-tsitrin","https://static.tildacdn.com/tild3331-3162-4363-b163-623964326138/Group_393.png","unknown","NO","Tilda product UID/title match; exact source gallery association","RIGHTS UNKNOWN","NO","","6","2","NOT INDIVIDUALLY REVIEWED","NOT APPLICABLE — product-gallery asset; no project claim approved","Published in this SKU's Tilda product gallery. Visual decor match, role beyond gallery association, quality and rights are not independently confirmed."
"MF-MAR-0141","Цитрин","Гибкий мрамор","https://marmixflex.ru/tproduct/1706353951-833234525811-tsitrin","https://static.tildacdn.com/stor6139-3335-4433-b566-386663326434/92788875.jpg","unknown","NO","Tilda product UID/title match; exact source gallery association","RIGHTS UNKNOWN","NO","","6","3","NOT INDIVIDUALLY REVIEWED","NOT APPLICABLE — product-gallery asset; no project claim approved","Published in this SKU's Tilda product gallery. Visual decor match, role beyond gallery association, quality and rights are not independently confirmed."
"MF-MAR-0141","Цитрин","Гибкий мрамор","https://marmixflex.ru/tproduct/1706353951-833234525811-tsitrin","https://static.tildacdn.com/tild6239-3634-4732-b235-613934383635/1-38.jpg","unknown","NO","Tilda product UID/title match; exact source gallery association","RIGHTS UNKNOWN","NO","","6","4","NOT INDIVIDUALLY REVIEWED","NOT APPLICABLE — product-gallery asset; no project claim approved","Published in this SKU's Tilda product gallery. Visual decor match, role beyond gallery association, quality and rights are not independently confirmed."
"MF-MAR-0141","Цитрин","Гибкий мрамор","https://marmixflex.ru/tproduct/1706353951-833234525811-tsitrin","https://static.tildacdn.com/tild3062-3739-4966-a534-333664636338/2-37.jpg","unknown","NO","Tilda product UID/title match; exact source gallery association","RIGHTS UNKNOWN","NO","","6","5","NOT INDIVIDUALLY REVIEWED","NOT APPLICABLE — product-gallery asset; no project claim approved","Published in this SKU's Tilda product gallery. Visual decor match, role beyond gallery association, quality and rights are not independently confirmed."
"MF-MAR-0141","Цитрин","Гибкий мрамор","https://marmixflex.ru/tproduct/1706353951-833234525811-tsitrin","https://static.tildacdn.com/tild3931-6138-4736-b032-313639356431/4-37.jpg","unknown","NO","Tilda product UID/title match; exact source gallery association","RIGHTS UNKNOWN","NO","","6","6","NOT INDIVIDUALLY REVIEWED","NOT APPLICABLE — product-gallery asset; no project claim approved","Published in this SKU's Tilda product gallery. Visual decor match, role beyond gallery association, quality and rights are not independently confirmed."
"MF-MAR-0013","Танзанит","Гибкий мрамор","https://marmixflex.ru/tproduct/1706353951-143227488061-tanzanit","https://static.tildacdn.com/tild3834-3433-4438-b561-386130333266/Group_320_1.png","product_primary","YES","Tilda product UID/title match; exact source gallery association","RIGHTS UNKNOWN","NO","«Танзанит» (MF-MAR-0013); confirm visually that this depicts the named decor before final alt.","5","1","NOT INDIVIDUALLY REVIEWED","NOT APPLICABLE — product-gallery asset; no project claim approved","Published in this SKU's Tilda product gallery. Visual decor match, role beyond gallery association, quality and rights are not independently confirmed."
"MF-MAR-0013","Танзанит","Гибкий мрамор","https://marmixflex.ru/tproduct/1706353951-143227488061-tanzanit","https://static.tildacdn.com/tild6136-3066-4331-b537-626231666263/Group_396.png","unknown","NO","Tilda product UID/title match; exact source gallery association","RIGHTS UNKNOWN","NO","","5","2","NOT INDIVIDUALLY REVIEWED","NOT APPLICABLE — product-gallery asset; no project claim approved","Published in this SKU's Tilda product gallery. Visual decor match, role beyond gallery association, quality and rights are not independently confirmed."
"MF-MAR-0013","Танзанит","Гибкий мрамор","https://marmixflex.ru/tproduct/1706353951-143227488061-tanzanit","https://static.tildacdn.com/tild3065-3663-4962-b536-343631323239/1-36.jpg","unknown","NO","Tilda product UID/title match; exact source gallery association","RIGHTS UNKNOWN","NO","","5","3","NOT INDIVIDUALLY REVIEWED","NOT APPLICABLE — product-gallery asset; no project claim approved","Published in this SKU's Tilda product gallery. Visual decor match, role beyond gallery association, quality and rights are not independently confirmed."
"MF-MAR-0013","Танзанит","Гибкий мрамор","https://marmixflex.ru/tproduct/1706353951-143227488061-tanzanit","https://static.tildacdn.com/tild3962-6136-4533-a337-643635653935/2-35.jpg","unknown","NO","Tilda product UID/title match; exact source gallery association","RIGHTS UNKNOWN","NO","","5","4","NOT INDIVIDUALLY REVIEWED","NOT APPLICABLE — product-gallery asset; no project claim approved","Published in this SKU's Tilda product gallery. Visual decor match, role beyond gallery association, quality and rights are not independently confirmed."
"MF-MAR-0013","Танзанит","Гибкий мрамор","https://marmixflex.ru/tproduct/1706353951-143227488061-tanzanit","https://static.tildacdn.com/tild6536-6161-4037-b336-313065633236/4-35.jpg","unknown","NO","Tilda product UID/title match; exact source gallery association","RIGHTS UNKNOWN","NO","","5","5","NOT INDIVIDUALLY REVIEWED","NOT APPLICABLE — product-gallery asset; no project claim approved","Published in this SKU's Tilda product gallery. Visual decor match, role beyond gallery association, quality and rights are not independently confirmed."
"MF-MAR-0037","Сердолик","Гибкий мрамор","https://marmixflex.ru/tproduct/1706353951-250268799191-serdolik","https://static.tildacdn.com/tild6562-6562-4130-b238-303437646534/Group_322.png","product_primary","YES","Tilda product UID/title match; exact source gallery association","RIGHTS UNKNOWN","NO","«Сердолик» (MF-MAR-0037); confirm visually that this depicts the named decor before final alt.","7","1","NOT INDIVIDUALLY REVIEWED","NOT APPLICABLE — product-gallery asset; no project claim approved","Published in this SKU's Tilda product gallery. Visual decor match, role beyond gallery association, quality and rights are not independently confirmed."
"MF-MAR-0037","Сердолик","Гибкий мрамор","https://marmixflex.ru/tproduct/1706353951-250268799191-serdolik","https://static.tildacdn.com/tild6661-3135-4437-b930-353332613535/Group_399.png","unknown","NO","Tilda product UID/title match; exact source gallery association","RIGHTS UNKNOWN","NO","","7","2","NOT INDIVIDUALLY REVIEWED","NOT APPLICABLE — product-gallery asset; no project claim approved","Published in this SKU's Tilda product gallery. Visual decor match, role beyond gallery association, quality and rights are not independently confirmed."
"MF-MAR-0037","Сердолик","Гибкий мрамор","https://marmixflex.ru/tproduct/1706353951-250268799191-serdolik","https://static.tildacdn.com/stor3363-3434-4531-a236-666666313137/80866391.jpg","unknown","NO","Tilda product UID/title match; exact source gallery association","RIGHTS UNKNOWN","NO","","7","3","NOT INDIVIDUALLY REVIEWED","NOT APPLICABLE — product-gallery asset; no project claim approved","Published in this SKU's Tilda product gallery. Visual decor match, role beyond gallery association, quality and rights are not independently confirmed."
"MF-MAR-0037","Сердолик","Гибкий мрамор","https://marmixflex.ru/tproduct/1706353951-250268799191-serdolik","https://static.tildacdn.com/tild6666-3135-4937-a135-613635356265/1-35.jpg","unknown","NO","Tilda product UID/title match; exact source gallery association","RIGHTS UNKNOWN","NO","","7","4","NOT INDIVIDUALLY REVIEWED","NOT APPLICABLE — product-gallery asset; no project claim approved","Published in this SKU's Tilda product gallery. Visual decor match, role beyond gallery association, quality and rights are not independently confirmed."
"MF-MAR-0037","Сердолик","Гибкий мрамор","https://marmixflex.ru/tproduct/1706353951-250268799191-serdolik","https://static.tildacdn.com/tild3734-3937-4235-b431-326465313638/2-34.jpg","unknown","NO","Tilda product UID/title match; exact source gallery association","RIGHTS UNKNOWN","NO","","7","5","NOT INDIVIDUALLY REVIEWED","NOT APPLICABLE — product-gallery asset; no project claim approved","Published in this SKU's Tilda product gallery. Visual decor match, role beyond gallery association, quality and rights are not independently confirmed."
"MF-MAR-0037","Сердолик","Гибкий мрамор","https://marmixflex.ru/tproduct/1706353951-250268799191-serdolik","https://static.tildacdn.com/tild6537-3734-4262-b236-363364663039/3-34.jpg","unknown","NO","Tilda product UID/title match; exact source gallery association","RIGHTS UNKNOWN","NO","","7","6","NOT INDIVIDUALLY REVIEWED","NOT APPLICABLE — product-gallery asset; no project claim approved","Published in this SKU's Tilda product gallery. Visual decor match, role beyond gallery association, quality and rights are not independently confirmed."
"MF-MAR-0037","Сердолик","Гибкий мрамор","https://marmixflex.ru/tproduct/1706353951-250268799191-serdolik","https://static.tildacdn.com/tild3666-6564-4434-b964-663230396166/4-34.jpg","unknown","NO","Tilda product UID/title match; exact source gallery association","RIGHTS UNKNOWN","NO","","7","7","NOT INDIVIDUALLY REVIEWED","NOT APPLICABLE — product-gallery asset; no project claim approved","Published in this SKU's Tilda product gallery. Visual decor match, role beyond gallery association, quality and rights are not independently confirmed."
"MF-MAR-0147","Перламутр","Гибкий мрамор","https://marmixflex.ru/tproduct/1706353951-876875901281-perlamutr","https://static.tildacdn.com/tild3237-3734-4430-a261-366432303663/Group_323.png","product_primary","YES","Tilda product UID/title match; exact source gallery association","RIGHTS UNKNOWN","NO","«Перламутр» (MF-MAR-0147); confirm visually that this depicts the named decor before final alt.","6","1","NOT INDIVIDUALLY REVIEWED","NOT APPLICABLE — product-gallery asset; no project claim approved","Published in this SKU's Tilda product gallery. Visual decor match, role beyond gallery association, quality and rights are not independently confirmed."
"MF-MAR-0147","Перламутр","Гибкий мрамор","https://marmixflex.ru/tproduct/1706353951-876875901281-perlamutr","https://static.tildacdn.com/tild3266-6439-4162-b032-353732346263/Group_402.png","unknown","NO","Tilda product UID/title match; exact source gallery association","RIGHTS UNKNOWN","NO","","6","2","NOT INDIVIDUALLY REVIEWED","NOT APPLICABLE — product-gallery asset; no project claim approved","Published in this SKU's Tilda product gallery. Visual decor match, role beyond gallery association, quality and rights are not independently confirmed."
"MF-MAR-0147","Перламутр","Гибкий мрамор","https://marmixflex.ru/tproduct/1706353951-876875901281-perlamutr","https://static.tildacdn.com/stor3735-3334-4037-b936-363061313033/80328432.jpg","unknown","NO","Tilda product UID/title match; exact source gallery association","RIGHTS UNKNOWN","NO","","6","3","NOT INDIVIDUALLY REVIEWED","NOT APPLICABLE — product-gallery asset; no project claim approved","Published in this SKU's Tilda product gallery. Visual decor match, role beyond gallery association, quality and rights are not independently confirmed."
"MF-MAR-0147","Перламутр","Гибкий мрамор","https://marmixflex.ru/tproduct/1706353951-876875901281-perlamutr","https://static.tildacdn.com/tild3436-3866-4438-b164-316365303636/1-33.jpg","unknown","NO","Tilda product UID/title match; exact source gallery association","RIGHTS UNKNOWN","NO","","6","4","NOT INDIVIDUALLY REVIEWED","NOT APPLICABLE — product-gallery asset; no project claim approved","Published in this SKU's Tilda product gallery. Visual decor match, role beyond gallery association, quality and rights are not independently confirmed."
"MF-MAR-0147","Перламутр","Гибкий мрамор","https://marmixflex.ru/tproduct/1706353951-876875901281-perlamutr","https://static.tildacdn.com/tild3462-3266-4332-b838-663838363066/2-32.jpg","unknown","NO","Tilda product UID/title match; exact source gallery association","RIGHTS UNKNOWN","NO","","6","5","NOT INDIVIDUALLY REVIEWED","NOT APPLICABLE — product-gallery asset; no project claim approved","Published in this SKU's Tilda product gallery. Visual decor match, role beyond gallery association, quality and rights are not independently confirmed."
"MF-MAR-0147","Перламутр","Гибкий мрамор","https://marmixflex.ru/tproduct/1706353951-876875901281-perlamutr","https://static.tildacdn.com/tild3237-3837-4137-b430-393937343733/4-32.jpg","unknown","NO","Tilda product UID/title match; exact source gallery association","RIGHTS UNKNOWN","NO","","6","6","NOT INDIVIDUALLY REVIEWED","NOT APPLICABLE — product-gallery asset; no project claim approved","Published in this SKU's Tilda product gallery. Visual decor match, role beyond gallery association, quality and rights are not independently confirmed."
"MF-MAR-0071","Оникс","Гибкий мрамор","https://marmixflex.ru/tproduct/1706353951-434959721581-oniks","https://static.tildacdn.com/tild3166-6433-4639-b931-373263333033/Group_324.png","product_primary","YES","Tilda product UID/title match; exact source gallery association","RIGHTS UNKNOWN","NO","«Оникс» (MF-MAR-0071); confirm visually that this depicts the named decor before final alt.","7","1","NOT INDIVIDUALLY REVIEWED","NOT APPLICABLE — product-gallery asset; no project claim approved","Published in this SKU's Tilda product gallery. Visual decor match, role beyond gallery association, quality and rights are not independently confirmed."
"MF-MAR-0071","Оникс","Гибкий мрамор","https://marmixflex.ru/tproduct/1706353951-434959721581-oniks","https://static.tildacdn.com/tild6562-6232-4435-b032-373235623431/Group_405.png","unknown","NO","Tilda product UID/title match; exact source gallery association","RIGHTS UNKNOWN","NO","","7","2","NOT INDIVIDUALLY REVIEWED","NOT APPLICABLE — product-gallery asset; no project claim approved","Published in this SKU's Tilda product gallery. Visual decor match, role beyond gallery association, quality and rights are not independently confirmed."
"MF-MAR-0071","Оникс","Гибкий мрамор","https://marmixflex.ru/tproduct/1706353951-434959721581-oniks","https://static.tildacdn.com/stor3638-3361-4238-a532-313731306434/63762814.jpg","unknown","NO","Tilda product UID/title match; exact source gallery association","RIGHTS UNKNOWN","NO","","7","3","NOT INDIVIDUALLY REVIEWED","NOT APPLICABLE — product-gallery asset; no project claim approved","Published in this SKU's Tilda product gallery. Visual decor match, role beyond gallery association, quality and rights are not independently confirmed."
"MF-MAR-0071","Оникс","Гибкий мрамор","https://marmixflex.ru/tproduct/1706353951-434959721581-oniks","https://static.tildacdn.com/tild6535-3963-4132-a533-363461333530/1-32.jpg","unknown","NO","Tilda product UID/title match; exact source gallery association","RIGHTS UNKNOWN","NO","","7","4","NOT INDIVIDUALLY REVIEWED","NOT APPLICABLE — product-gallery asset; no project claim approved","Published in this SKU's Tilda product gallery. Visual decor match, role beyond gallery association, quality and rights are not independently confirmed."
"MF-MAR-0071","Оникс","Гибкий мрамор","https://marmixflex.ru/tproduct/1706353951-434959721581-oniks","https://static.tildacdn.com/tild6431-3762-4964-b335-353666336663/2-31.jpg","unknown","NO","Tilda product UID/title match; exact source gallery association","RIGHTS UNKNOWN","NO","","7","5","NOT INDIVIDUALLY REVIEWED","NOT APPLICABLE — product-gallery asset; no project claim approved","Published in this SKU's Tilda product gallery. Visual decor match, role beyond gallery association, quality and rights are not independently confirmed."
"MF-MAR-0071","Оникс","Гибкий мрамор","https://marmixflex.ru/tproduct/1706353951-434959721581-oniks","https://static.tildacdn.com/tild3230-3836-4533-b536-643537623931/3-31.jpg","unknown","NO","Tilda product UID/title match; exact source gallery association","RIGHTS UNKNOWN","NO","","7","6","NOT INDIVIDUALLY REVIEWED","NOT APPLICABLE — product-gallery asset; no project claim approved","Published in this SKU's Tilda product gallery. Visual decor match, role beyond gallery association, quality and rights are not independently confirmed."
"MF-MAR-0071","Оникс","Гибкий мрамор","https://marmixflex.ru/tproduct/1706353951-434959721581-oniks","https://static.tildacdn.com/tild3362-3335-4233-b661-636338316637/4-31.jpg","unknown","NO","Tilda product UID/title match; exact source gallery association","RIGHTS UNKNOWN","NO","","7","7","NOT INDIVIDUALLY REVIEWED","NOT APPLICABLE — product-gallery asset; no project claim approved","Published in this SKU's Tilda product gallery. Visual decor match, role beyond gallery association, quality and rights are not independently confirmed."
"MF-MAR-0065","Оникс Манго","Гибкий мрамор","https://marmixflex.ru/tproduct/1706353951-381575957241-oniks-mango","https://static.tildacdn.com/stor3233-3766-4439-b238-356535666664/52439264.png","product_primary","YES","Tilda product UID/title match; exact source gallery association","RIGHTS UNKNOWN","NO","«Оникс Манго» (MF-MAR-0065); confirm visually that this depicts the named decor before final alt.","3","1","NOT INDIVIDUALLY REVIEWED","NOT APPLICABLE — product-gallery asset; no project claim approved","Published in this SKU's Tilda product gallery. Visual decor match, role beyond gallery association, quality and rights are not independently confirmed."
"MF-MAR-0065","Оникс Манго","Гибкий мрамор","https://marmixflex.ru/tproduct/1706353951-381575957241-oniks-mango","https://static.tildacdn.com/stor3262-6633-4533-b037-383530336166/60531759.png","unknown","NO","Tilda product UID/title match; exact source gallery association","RIGHTS UNKNOWN","NO","","3","2","NOT INDIVIDUALLY REVIEWED","NOT APPLICABLE — product-gallery asset; no project claim approved","Published in this SKU's Tilda product gallery. Visual decor match, role beyond gallery association, quality and rights are not independently confirmed."
"MF-MAR-0065","Оникс Манго","Гибкий мрамор","https://marmixflex.ru/tproduct/1706353951-381575957241-oniks-mango","https://static.tildacdn.com/stor6264-3936-4262-a235-363230626462/90252409.jpg","unknown","NO","Tilda product UID/title match; exact source gallery association","RIGHTS UNKNOWN","NO","","3","3","NOT INDIVIDUALLY REVIEWED","NOT APPLICABLE — product-gallery asset; no project claim approved","Published in this SKU's Tilda product gallery. Visual decor match, role beyond gallery association, quality and rights are not independently confirmed."
"MF-MAR-0095","Император","Гибкий мрамор","https://marmixflex.ru/tproduct/1706353951-586229473511-imperator","https://static.tildacdn.com/tild6239-3539-4864-a330-663930623963/Group_325.png","product_primary","YES","Tilda product UID/title match; exact source gallery association","RIGHTS UNKNOWN","NO","«Император» (MF-MAR-0095); confirm visually that this depicts the named decor before final alt.","7","1","NOT INDIVIDUALLY REVIEWED","NOT APPLICABLE — product-gallery asset; no project claim approved","Published in this SKU's Tilda product gallery. Visual decor match, role beyond gallery association, quality and rights are not independently confirmed."
"MF-MAR-0095","Император","Гибкий мрамор","https://marmixflex.ru/tproduct/1706353951-586229473511-imperator","https://static.tildacdn.com/tild3639-3661-4932-a234-623963633435/Group_408.png","unknown","NO","Tilda product UID/title match; exact source gallery association","RIGHTS UNKNOWN","NO","","7","2","NOT INDIVIDUALLY REVIEWED","NOT APPLICABLE — product-gallery asset; no project claim approved","Published in this SKU's Tilda product gallery. Visual decor match, role beyond gallery association, quality and rights are not independently confirmed."
"MF-MAR-0095","Император","Гибкий мрамор","https://marmixflex.ru/tproduct/1706353951-586229473511-imperator","https://static.tildacdn.com/stor3032-3164-4264-b838-396162306565/71309541.jpg","unknown","NO","Tilda product UID/title match; exact source gallery association","RIGHTS UNKNOWN","NO","","7","3","NOT INDIVIDUALLY REVIEWED","NOT APPLICABLE — product-gallery asset; no project claim approved","Published in this SKU's Tilda product gallery. Visual decor match, role beyond gallery association, quality and rights are not independently confirmed."
"MF-MAR-0095","Император","Гибкий мрамор","https://marmixflex.ru/tproduct/1706353951-586229473511-imperator","https://static.tildacdn.com/tild3063-3166-4033-b934-333139356636/1-40.jpg","unknown","NO","Tilda product UID/title match; exact source gallery association","RIGHTS UNKNOWN","NO","","7","4","NOT INDIVIDUALLY REVIEWED","NOT APPLICABLE — product-gallery asset; no project claim approved","Published in this SKU's Tilda product gallery. Visual decor match, role beyond gallery association, quality and rights are not independently confirmed."
"MF-MAR-0095","Император","Гибкий мрамор","https://marmixflex.ru/tproduct/1706353951-586229473511-imperator","https://static.tildacdn.com/tild3838-3337-4363-a135-346566383961/2-39.jpg","unknown","NO","Tilda product UID/title match; exact source gallery association","RIGHTS UNKNOWN","NO","","7","5","NOT INDIVIDUALLY REVIEWED","NOT APPLICABLE — product-gallery asset; no project claim approved","Published in this SKU's Tilda product gallery. Visual decor match, role beyond gallery association, quality and rights are not independently confirmed."
"MF-MAR-0095","Император","Гибкий мрамор","https://marmixflex.ru/tproduct/1706353951-586229473511-imperator","https://static.tildacdn.com/tild3861-3964-4162-b861-383031356263/3-39.jpg","unknown","NO","Tilda product UID/title match; exact source gallery association","RIGHTS UNKNOWN","NO","","7","6","NOT INDIVIDUALLY REVIEWED","NOT APPLICABLE — product-gallery asset; no project claim approved","Published in this SKU's Tilda product gallery. Visual decor match, role beyond gallery association, quality and rights are not independently confirmed."
"MF-MAR-0095","Император","Гибкий мрамор","https://marmixflex.ru/tproduct/1706353951-586229473511-imperator","https://static.tildacdn.com/tild3664-6139-4466-b461-303565636132/4-39.jpg","unknown","NO","Tilda product UID/title match; exact source gallery association","RIGHTS UNKNOWN","NO","","7","7","NOT INDIVIDUALLY REVIEWED","NOT APPLICABLE — product-gallery asset; no project claim approved","Published in this SKU's Tilda product gallery. Visual decor match, role beyond gallery association, quality and rights are not independently confirmed."
"MF-MAR-0137","Доломит","Гибкий мрамор","https://marmixflex.ru/tproduct/1706353951-808468252111-dolomit","https://static.tildacdn.com/tild6239-6663-4131-b038-313238646434/Group_409.png","product_primary","YES","Tilda product UID/title match; exact source gallery association","RIGHTS UNKNOWN","NO","«Доломит» (MF-MAR-0137); confirm visually that this depicts the named decor before final alt.","7","1","NOT INDIVIDUALLY REVIEWED","NOT APPLICABLE — product-gallery asset; no project claim approved","Published in this SKU's Tilda product gallery. Visual decor match, role beyond gallery association, quality and rights are not independently confirmed."
"MF-MAR-0137","Доломит","Гибкий мрамор","https://marmixflex.ru/tproduct/1706353951-808468252111-dolomit","https://static.tildacdn.com/tild3836-3362-4565-a362-613563363332/Group_412.png","unknown","NO","Tilda product UID/title match; exact source gallery association","RIGHTS UNKNOWN","NO","","7","2","NOT INDIVIDUALLY REVIEWED","NOT APPLICABLE — product-gallery asset; no project claim approved","Published in this SKU's Tilda product gallery. Visual decor match, role beyond gallery association, quality and rights are not independently confirmed."
"MF-MAR-0137","Доломит","Гибкий мрамор","https://marmixflex.ru/tproduct/1706353951-808468252111-dolomit","https://static.tildacdn.com/stor3330-6636-4634-a461-623166613930/24609216.jpg","unknown","NO","Tilda product UID/title match; exact source gallery association","RIGHTS UNKNOWN","NO","","7","3","NOT INDIVIDUALLY REVIEWED","NOT APPLICABLE — product-gallery asset; no project claim approved","Published in this SKU's Tilda product gallery. Visual decor match, role beyond gallery association, quality and rights are not independently confirmed."
"MF-MAR-0137","Доломит","Гибкий мрамор","https://marmixflex.ru/tproduct/1706353951-808468252111-dolomit","https://static.tildacdn.com/tild6136-3231-4264-a437-343538613432/1-39.jpg","unknown","NO","Tilda product UID/title match; exact source gallery association","RIGHTS UNKNOWN","NO","","7","4","NOT INDIVIDUALLY REVIEWED","NOT APPLICABLE — product-gallery asset; no project claim approved","Published in this SKU's Tilda product gallery. Visual decor match, role beyond gallery association, quality and rights are not independently confirmed."
"MF-MAR-0137","Доломит","Гибкий мрамор","https://marmixflex.ru/tproduct/1706353951-808468252111-dolomit","https://static.tildacdn.com/tild6139-3764-4738-b363-396366323639/2-38.jpg","unknown","NO","Tilda product UID/title match; exact source gallery association","RIGHTS UNKNOWN","NO","","7","5","NOT INDIVIDUALLY REVIEWED","NOT APPLICABLE — product-gallery asset; no project claim approved","Published in this SKU's Tilda product gallery. Visual decor match, role beyond gallery association, quality and rights are not independently confirmed."
"MF-MAR-0137","Доломит","Гибкий мрамор","https://marmixflex.ru/tproduct/1706353951-808468252111-dolomit","https://static.tildacdn.com/tild6237-3363-4131-b664-666535376132/3-38.jpg","unknown","NO","Tilda product UID/title match; exact source gallery association","RIGHTS UNKNOWN","NO","","7","6","NOT INDIVIDUALLY REVIEWED","NOT APPLICABLE — product-gallery asset; no project claim approved","Published in this SKU's Tilda product gallery. Visual decor match, role beyond gallery association, quality and rights are not independently confirmed."
"MF-MAR-0137","Доломит","Гибкий мрамор","https://marmixflex.ru/tproduct/1706353951-808468252111-dolomit","https://static.tildacdn.com/tild3563-3564-4636-a233-383664386666/4-38.jpg","unknown","NO","Tilda product UID/title match; exact source gallery association","RIGHTS UNKNOWN","NO","","7","7","NOT INDIVIDUALLY REVIEWED","NOT APPLICABLE — product-gallery asset; no project claim approved","Published in this SKU's Tilda product gallery. Visual decor match, role beyond gallery association, quality and rights are not independently confirmed."
"MF-MAR-0076","Гранат","Гибкий мрамор","https://marmixflex.ru/tproduct/1706353951-482649389831-granat","https://static.tildacdn.com/tild3737-3939-4165-b233-333536643061/Group_327.png","product_primary","YES","Tilda product UID/title match; exact source gallery association","RIGHTS UNKNOWN","NO","«Гранат» (MF-MAR-0076); confirm visually that this depicts the named decor before final alt.","7","1","NOT INDIVIDUALLY REVIEWED","NOT APPLICABLE — product-gallery asset; no project claim approved","Published in this SKU's Tilda product gallery. Visual decor match, role beyond gallery association, quality and rights are not independently confirmed."
"MF-MAR-0076","Гранат","Гибкий мрамор","https://marmixflex.ru/tproduct/1706353951-482649389831-granat","https://static.tildacdn.com/tild6633-3566-4334-b530-656635636531/Group_417.png","unknown","NO","Tilda product UID/title match; exact source gallery association","RIGHTS UNKNOWN","NO","","7","2","NOT INDIVIDUALLY REVIEWED","NOT APPLICABLE — product-gallery asset; no project claim approved","Published in this SKU's Tilda product gallery. Visual decor match, role beyond gallery association, quality and rights are not independently confirmed."
"MF-MAR-0076","Гранат","Гибкий мрамор","https://marmixflex.ru/tproduct/1706353951-482649389831-granat","https://static.tildacdn.com/stor3765-3034-4237-a336-336662383439/60848390.jpg","unknown","NO","Tilda product UID/title match; exact source gallery association","RIGHTS UNKNOWN","NO","","7","3","NOT INDIVIDUALLY REVIEWED","NOT APPLICABLE — product-gallery asset; no project claim approved","Published in this SKU's Tilda product gallery. Visual decor match, role beyond gallery association, quality and rights are not independently confirmed."
"MF-MAR-0076","Гранат","Гибкий мрамор","https://marmixflex.ru/tproduct/1706353951-482649389831-granat","https://static.tildacdn.com/tild3530-3230-4730-a436-626437376135/1-27.jpg","unknown","NO","Tilda product UID/title match; exact source gallery association","RIGHTS UNKNOWN","NO","","7","4","NOT INDIVIDUALLY REVIEWED","NOT APPLICABLE — product-gallery asset; no project claim approved","Published in this SKU's Tilda product gallery. Visual decor match, role beyond gallery association, quality and rights are not independently confirmed."
"MF-MAR-0076","Гранат","Гибкий мрамор","https://marmixflex.ru/tproduct/1706353951-482649389831-granat","https://static.tildacdn.com/tild3836-3034-4663-a461-326236306334/2-26.jpg","unknown","NO","Tilda product UID/title match; exact source gallery association","RIGHTS UNKNOWN","NO","","7","5","NOT INDIVIDUALLY REVIEWED","NOT APPLICABLE — product-gallery asset; no project claim approved","Published in this SKU's Tilda product gallery. Visual decor match, role beyond gallery association, quality and rights are not independently confirmed."
"MF-MAR-0076","Гранат","Гибкий мрамор","https://marmixflex.ru/tproduct/1706353951-482649389831-granat","https://static.tildacdn.com/tild3639-3035-4265-a466-636634643530/3-26.jpg","unknown","NO","Tilda product UID/title match; exact source gallery association","RIGHTS UNKNOWN","NO","","7","6","NOT INDIVIDUALLY REVIEWED","NOT APPLICABLE — product-gallery asset; no project claim approved","Published in this SKU's Tilda product gallery. Visual decor match, role beyond gallery association, quality and rights are not independently confirmed."
"MF-MAR-0076","Гранат","Гибкий мрамор","https://marmixflex.ru/tproduct/1706353951-482649389831-granat","https://static.tildacdn.com/tild3633-3932-4164-b632-626464363161/4-26.jpg","unknown","NO","Tilda product UID/title match; exact source gallery association","RIGHTS UNKNOWN","NO","","7","7","NOT INDIVIDUALLY REVIEWED","NOT APPLICABLE — product-gallery asset; no project claim approved","Published in this SKU's Tilda product gallery. Visual decor match, role beyond gallery association, quality and rights are not independently confirmed."
"MF-MAR-0104","Гессонит","Гибкий мрамор","https://marmixflex.ru/tproduct/1706353951-643392414251-gessonit","https://static.tildacdn.com/tild3861-3136-4437-b834-353030313332/Group_328.png","product_primary","YES","Tilda product UID/title match; exact source gallery association","RIGHTS UNKNOWN","NO","«Гессонит» (MF-MAR-0104); confirm visually that this depicts the named decor before final alt.","6","1","NOT INDIVIDUALLY REVIEWED","NOT APPLICABLE — product-gallery asset; no project claim approved","Published in this SKU's Tilda product gallery. Visual decor match, role beyond gallery association, quality and rights are not independently confirmed."
"MF-MAR-0104","Гессонит","Гибкий мрамор","https://marmixflex.ru/tproduct/1706353951-643392414251-gessonit","https://static.tildacdn.com/tild6665-6433-4137-b030-373835353166/Group_420.png","unknown","NO","Tilda product UID/title match; exact source gallery association","RIGHTS UNKNOWN","NO","","6","2","NOT INDIVIDUALLY REVIEWED","NOT APPLICABLE — product-gallery asset; no project claim approved","Published in this SKU's Tilda product gallery. Visual decor match, role beyond gallery association, quality and rights are not independently confirmed."
"MF-MAR-0104","Гессонит","Гибкий мрамор","https://marmixflex.ru/tproduct/1706353951-643392414251-gessonit","https://static.tildacdn.com/stor3461-3964-4432-a333-643230616265/66930249.jpg","unknown","NO","Tilda product UID/title match; exact source gallery association","RIGHTS UNKNOWN","NO","","6","3","NOT INDIVIDUALLY REVIEWED","NOT APPLICABLE — product-gallery asset; no project claim approved","Published in this SKU's Tilda product gallery. Visual decor match, role beyond gallery association, quality and rights are not independently confirmed."
"MF-MAR-0104","Гессонит","Гибкий мрамор","https://marmixflex.ru/tproduct/1706353951-643392414251-gessonit","https://static.tildacdn.com/tild3839-3732-4361-b038-346663616266/1-26.jpg","unknown","NO","Tilda product UID/title match; exact source gallery association","RIGHTS UNKNOWN","NO","","6","4","NOT INDIVIDUALLY REVIEWED","NOT APPLICABLE — product-gallery asset; no project claim approved","Published in this SKU's Tilda product gallery. Visual decor match, role beyond gallery association, quality and rights are not independently confirmed."
"MF-MAR-0104","Гессонит","Гибкий мрамор","https://marmixflex.ru/tproduct/1706353951-643392414251-gessonit","https://static.tildacdn.com/tild6434-3235-4561-a564-353238373737/2-25.jpg","unknown","NO","Tilda product UID/title match; exact source gallery association","RIGHTS UNKNOWN","NO","","6","5","NOT INDIVIDUALLY REVIEWED","NOT APPLICABLE — product-gallery asset; no project claim approved","Published in this SKU's Tilda product gallery. Visual decor match, role beyond gallery association, quality and rights are not independently confirmed."
"MF-MAR-0104","Гессонит","Гибкий мрамор","https://marmixflex.ru/tproduct/1706353951-643392414251-gessonit","https://static.tildacdn.com/tild3837-3432-4764-a336-326438633439/4-25.jpg","unknown","NO","Tilda product UID/title match; exact source gallery association","RIGHTS UNKNOWN","NO","","6","6","NOT INDIVIDUALLY REVIEWED","NOT APPLICABLE — product-gallery asset; no project claim approved","Published in this SKU's Tilda product gallery. Visual decor match, role beyond gallery association, quality and rights are not independently confirmed."
"MF-MAR-0031","Гелиодор","Гибкий мрамор","https://marmixflex.ru/tproduct/1706353951-232351938811-geliodor","https://static.tildacdn.com/tild3933-3662-4436-a638-376165663632/Group_329.png","product_primary","YES","Tilda product UID/title match; exact source gallery association","RIGHTS UNKNOWN","NO","«Гелиодор» (MF-MAR-0031); confirm visually that this depicts the named decor before final alt.","5","1","NOT INDIVIDUALLY REVIEWED","NOT APPLICABLE — product-gallery asset; no project claim approved","Published in this SKU's Tilda product gallery. Visual decor match, role beyond gallery association, quality and rights are not independently confirmed."
"MF-MAR-0031","Гелиодор","Гибкий мрамор","https://marmixflex.ru/tproduct/1706353951-232351938811-geliodor","https://static.tildacdn.com/tild6333-3361-4630-b738-383138303236/Group_423.png","unknown","NO","Tilda product UID/title match; exact source gallery association","RIGHTS UNKNOWN","NO","","5","2","NOT INDIVIDUALLY REVIEWED","NOT APPLICABLE — product-gallery asset; no project claim approved","Published in this SKU's Tilda product gallery. Visual decor match, role beyond gallery association, quality and rights are not independently confirmed."
"MF-MAR-0031","Гелиодор","Гибкий мрамор","https://marmixflex.ru/tproduct/1706353951-232351938811-geliodor","https://static.tildacdn.com/tild3832-3333-4764-a365-356235343062/1-25.jpg","unknown","NO","Tilda product UID/title match; exact source gallery association","RIGHTS UNKNOWN","NO","","5","3","NOT INDIVIDUALLY REVIEWED","NOT APPLICABLE — product-gallery asset; no project claim approved","Published in this SKU's Tilda product gallery. Visual decor match, role beyond gallery association, quality and rights are not independently confirmed."
"MF-MAR-0031","Гелиодор","Гибкий мрамор","https://marmixflex.ru/tproduct/1706353951-232351938811-geliodor","https://static.tildacdn.com/tild3832-3633-4139-b066-386564653031/2-24.jpg","unknown","NO","Tilda product UID/title match; exact source gallery association","RIGHTS UNKNOWN","NO","","5","4","NOT INDIVIDUALLY REVIEWED","NOT APPLICABLE — product-gallery asset; no project claim approved","Published in this SKU's Tilda product gallery. Visual decor match, role beyond gallery association, quality and rights are not independently confirmed."
"MF-MAR-0031","Гелиодор","Гибкий мрамор","https://marmixflex.ru/tproduct/1706353951-232351938811-geliodor","https://static.tildacdn.com/tild3730-6531-4139-a566-393364373962/4-24.jpg","unknown","NO","Tilda product UID/title match; exact source gallery association","RIGHTS UNKNOWN","NO","","5","5","NOT INDIVIDUALLY REVIEWED","NOT APPLICABLE — product-gallery asset; no project claim approved","Published in this SKU's Tilda product gallery. Visual decor match, role beyond gallery association, quality and rights are not independently confirmed."
"MF-MAR-0035","Альмадин","Гибкий мрамор","https://marmixflex.ru/tproduct/1706353951-242902559051-almadin","https://static.tildacdn.com/tild3130-3236-4136-a365-333530636232/Group_330_2.png","product_primary","YES","Tilda product UID/title match; exact source gallery association","RIGHTS UNKNOWN","NO","«Альмадин» (MF-MAR-0035); confirm visually that this depicts the named decor before final alt.","6","1","NOT INDIVIDUALLY REVIEWED","NOT APPLICABLE — product-gallery asset; no project claim approved","Published in this SKU's Tilda product gallery. Visual decor match, role beyond gallery association, quality and rights are not independently confirmed."
"MF-MAR-0035","Альмадин","Гибкий мрамор","https://marmixflex.ru/tproduct/1706353951-242902559051-almadin","https://static.tildacdn.com/tild6463-3636-4832-b437-343761656333/Group_426.png","unknown","NO","Tilda product UID/title match; exact source gallery association","RIGHTS UNKNOWN","NO","","6","2","NOT INDIVIDUALLY REVIEWED","NOT APPLICABLE — product-gallery asset; no project claim approved","Published in this SKU's Tilda product gallery. Visual decor match, role beyond gallery association, quality and rights are not independently confirmed."
"MF-MAR-0035","Альмадин","Гибкий мрамор","https://marmixflex.ru/tproduct/1706353951-242902559051-almadin","https://static.tildacdn.com/stor3239-3532-4561-a230-313764346537/53915638.jpg","unknown","NO","Tilda product UID/title match; exact source gallery association","RIGHTS UNKNOWN","NO","","6","3","NOT INDIVIDUALLY REVIEWED","NOT APPLICABLE — product-gallery asset; no project claim approved","Published in this SKU's Tilda product gallery. Visual decor match, role beyond gallery association, quality and rights are not independently confirmed."
"MF-MAR-0035","Альмадин","Гибкий мрамор","https://marmixflex.ru/tproduct/1706353951-242902559051-almadin","https://static.tildacdn.com/tild6161-3664-4439-b535-623736336334/1-21.jpg","unknown","NO","Tilda product UID/title match; exact source gallery association","RIGHTS UNKNOWN","NO","","6","4","NOT INDIVIDUALLY REVIEWED","NOT APPLICABLE — product-gallery asset; no project claim approved","Published in this SKU's Tilda product gallery. Visual decor match, role beyond gallery association, quality and rights are not independently confirmed."
"MF-MAR-0035","Альмадин","Гибкий мрамор","https://marmixflex.ru/tproduct/1706353951-242902559051-almadin","https://static.tildacdn.com/tild6236-6132-4333-a461-623061343064/2-20.jpg","unknown","NO","Tilda product UID/title match; exact source gallery association","RIGHTS UNKNOWN","NO","","6","5","NOT INDIVIDUALLY REVIEWED","NOT APPLICABLE — product-gallery asset; no project claim approved","Published in this SKU's Tilda product gallery. Visual decor match, role beyond gallery association, quality and rights are not independently confirmed."
"MF-MAR-0035","Альмадин","Гибкий мрамор","https://marmixflex.ru/tproduct/1706353951-242902559051-almadin","https://static.tildacdn.com/tild3137-6334-4939-b435-396463373964/4-20.jpg","unknown","NO","Tilda product UID/title match; exact source gallery association","RIGHTS UNKNOWN","NO","","6","6","NOT INDIVIDUALLY REVIEWED","NOT APPLICABLE — product-gallery asset; no project claim approved","Published in this SKU's Tilda product gallery. Visual decor match, role beyond gallery association, quality and rights are not independently confirmed."
"MF-MAR-0060","Аквамарин","Гибкий мрамор","https://marmixflex.ru/tproduct/1706353951-364254959161-akvamarin","https://static.tildacdn.com/tild3964-6665-4137-b263-363631336363/Group_331_2.png","product_primary","YES","Tilda product UID/title match; exact source gallery association","RIGHTS UNKNOWN","NO","«Аквамарин» (MF-MAR-0060); confirm visually that this depicts the named decor before final alt.","6","1","NOT INDIVIDUALLY REVIEWED","NOT APPLICABLE — product-gallery asset; no project claim approved","Published in this SKU's Tilda product gallery. Visual decor match, role beyond gallery association, quality and rights are not independently confirmed."
"MF-MAR-0060","Аквамарин","Гибкий мрамор","https://marmixflex.ru/tproduct/1706353951-364254959161-akvamarin","https://static.tildacdn.com/tild3964-6236-4432-a133-616132356330/Group_429.png","unknown","NO","Tilda product UID/title match; exact source gallery association","RIGHTS UNKNOWN","NO","","6","2","NOT INDIVIDUALLY REVIEWED","NOT APPLICABLE — product-gallery asset; no project claim approved","Published in this SKU's Tilda product gallery. Visual decor match, role beyond gallery association, quality and rights are not independently confirmed."
"MF-MAR-0060","Аквамарин","Гибкий мрамор","https://marmixflex.ru/tproduct/1706353951-364254959161-akvamarin","https://static.tildacdn.com/stor3766-3838-4361-a165-636136643961/37745804.jpg","unknown","NO","Tilda product UID/title match; exact source gallery association","RIGHTS UNKNOWN","NO","","6","3","NOT INDIVIDUALLY REVIEWED","NOT APPLICABLE — product-gallery asset; no project claim approved","Published in this SKU's Tilda product gallery. Visual decor match, role beyond gallery association, quality and rights are not independently confirmed."
"MF-MAR-0060","Аквамарин","Гибкий мрамор","https://marmixflex.ru/tproduct/1706353951-364254959161-akvamarin","https://static.tildacdn.com/tild3830-6165-4231-b133-313137376362/2-18.jpg","unknown","NO","Tilda product UID/title match; exact source gallery association","RIGHTS UNKNOWN","NO","","6","4","NOT INDIVIDUALLY REVIEWED","NOT APPLICABLE — product-gallery asset; no project claim approved","Published in this SKU's Tilda product gallery. Visual decor match, role beyond gallery association, quality and rights are not independently confirmed."
"MF-MAR-0060","Аквамарин","Гибкий мрамор","https://marmixflex.ru/tproduct/1706353951-364254959161-akvamarin","https://static.tildacdn.com/tild3337-3038-4666-a630-333533623235/4-18.jpg","unknown","NO","Tilda product UID/title match; exact source gallery association","RIGHTS UNKNOWN","NO","","6","5","NOT INDIVIDUALLY REVIEWED","NOT APPLICABLE — product-gallery asset; no project claim approved","Published in this SKU's Tilda product gallery. Visual decor match, role beyond gallery association, quality and rights are not independently confirmed."
"MF-MAR-0060","Аквамарин","Гибкий мрамор","https://marmixflex.ru/tproduct/1706353951-364254959161-akvamarin","https://static.tildacdn.com/tild6662-6533-4966-b031-393430343730/1-19.jpg","unknown","NO","Tilda product UID/title match; exact source gallery association","RIGHTS UNKNOWN","NO","","6","6","NOT INDIVIDUALLY REVIEWED","NOT APPLICABLE — product-gallery asset; no project claim approved","Published in this SKU's Tilda product gallery. Visual decor match, role beyond gallery association, quality and rights are not independently confirmed."
"MF-MAR-0122","Авантюрин","Гибкий мрамор","https://marmixflex.ru/tproduct/1706353951-726314120881-avantyurin","https://static.tildacdn.com/tild6265-3634-4637-b164-386461383432/Group_332.png","product_primary","YES","Tilda product UID/title match; exact source gallery association","RIGHTS UNKNOWN","NO","«Авантюрин» (MF-MAR-0122); confirm visually that this depicts the named decor before final alt.","7","1","NOT INDIVIDUALLY REVIEWED","NOT APPLICABLE — product-gallery asset; no project claim approved","Published in this SKU's Tilda product gallery. Visual decor match, role beyond gallery association, quality and rights are not independently confirmed."
"MF-MAR-0122","Авантюрин","Гибкий мрамор","https://marmixflex.ru/tproduct/1706353951-726314120881-avantyurin","https://static.tildacdn.com/tild3561-3264-4934-b137-373065626165/Group_432.png","unknown","NO","Tilda product UID/title match; exact source gallery association","RIGHTS UNKNOWN","NO","","7","2","NOT INDIVIDUALLY REVIEWED","NOT APPLICABLE — product-gallery asset; no project claim approved","Published in this SKU's Tilda product gallery. Visual decor match, role beyond gallery association, quality and rights are not independently confirmed."
"MF-MAR-0122","Авантюрин","Гибкий мрамор","https://marmixflex.ru/tproduct/1706353951-726314120881-avantyurin","https://static.tildacdn.com/stor3438-6561-4230-b164-646663353939/21204513.jpg","unknown","NO","Tilda product UID/title match; exact source gallery association","RIGHTS UNKNOWN","NO","","7","3","NOT INDIVIDUALLY REVIEWED","NOT APPLICABLE — product-gallery asset; no project claim approved","Published in this SKU's Tilda product gallery. Visual decor match, role beyond gallery association, quality and rights are not independently confirmed."
"MF-MAR-0122","Авантюрин","Гибкий мрамор","https://marmixflex.ru/tproduct/1706353951-726314120881-avantyurin","https://static.tildacdn.com/tild6430-3865-4465-b833-373137623735/1-18.jpg","unknown","NO","Tilda product UID/title match; exact source gallery association","RIGHTS UNKNOWN","NO","","7","4","NOT INDIVIDUALLY REVIEWED","NOT APPLICABLE — product-gallery asset; no project claim approved","Published in this SKU's Tilda product gallery. Visual decor match, role beyond gallery association, quality and rights are not independently confirmed."
"MF-MAR-0122","Авантюрин","Гибкий мрамор","https://marmixflex.ru/tproduct/1706353951-726314120881-avantyurin","https://static.tildacdn.com/tild6532-3638-4530-b136-666533626531/2-17.jpg","unknown","NO","Tilda product UID/title match; exact source gallery association","RIGHTS UNKNOWN","NO","","7","5","NOT INDIVIDUALLY REVIEWED","NOT APPLICABLE — product-gallery asset; no project claim approved","Published in this SKU's Tilda product gallery. Visual decor match, role beyond gallery association, quality and rights are not independently confirmed."
"MF-MAR-0122","Авантюрин","Гибкий мрамор","https://marmixflex.ru/tproduct/1706353951-726314120881-avantyurin","https://static.tildacdn.com/tild6263-3565-4632-b661-643836626464/4-17.jpg","unknown","NO","Tilda product UID/title match; exact source gallery association","RIGHTS UNKNOWN","NO","","7","6","NOT INDIVIDUALLY REVIEWED","NOT APPLICABLE — product-gallery asset; no project claim approved","Published in this SKU's Tilda product gallery. Visual decor match, role beyond gallery association, quality and rights are not independently confirmed."
"MF-MAR-0122","Авантюрин","Гибкий мрамор","https://marmixflex.ru/tproduct/1706353951-726314120881-avantyurin","https://static.tildacdn.com/tild6530-3934-4864-a432-326439643939/3-17.jpg","unknown","NO","Tilda product UID/title match; exact source gallery association","RIGHTS UNKNOWN","NO","","7","7","NOT INDIVIDUALLY REVIEWED","NOT APPLICABLE — product-gallery asset; no project claim approved","Published in this SKU's Tilda product gallery. Visual decor match, role beyond gallery association, quality and rights are not independently confirmed."
"MF-MAR-0109","Агат","Гибкий мрамор","https://marmixflex.ru/tproduct/1706353951-662632303701-agat","https://static.tildacdn.com/tild6333-6265-4434-b964-633930326261/Group_443.png","product_primary","YES","Tilda product UID/title match; exact source gallery association","RIGHTS UNKNOWN","NO","«Агат» (MF-MAR-0109); confirm visually that this depicts the named decor before final alt.","3","1","NOT INDIVIDUALLY REVIEWED","NOT APPLICABLE — product-gallery asset; no project claim approved","Published in this SKU's Tilda product gallery. Visual decor match, role beyond gallery association, quality and rights are not independently confirmed."
"MF-MAR-0109","Агат","Гибкий мрамор","https://marmixflex.ru/tproduct/1706353951-662632303701-agat","https://static.tildacdn.com/tild3066-6663-4466-b134-303136626163/Group_446.png","unknown","NO","Tilda product UID/title match; exact source gallery association","RIGHTS UNKNOWN","NO","","3","2","NOT INDIVIDUALLY REVIEWED","NOT APPLICABLE — product-gallery asset; no project claim approved","Published in this SKU's Tilda product gallery. Visual decor match, role beyond gallery association, quality and rights are not independently confirmed."
"MF-MAR-0109","Агат","Гибкий мрамор","https://marmixflex.ru/tproduct/1706353951-662632303701-agat","https://static.tildacdn.com/stor3865-6630-4364-a435-656338316364/80808428.jpg","unknown","NO","Tilda product UID/title match; exact source gallery association","RIGHTS UNKNOWN","NO","","3","3","NOT INDIVIDUALLY REVIEWED","NOT APPLICABLE — product-gallery asset; no project claim approved","Published in this SKU's Tilda product gallery. Visual decor match, role beyond gallery association, quality and rights are not independently confirmed."
"MF-MAR-0047","Альба","Гибкий мрамор","https://marmixflex.ru/tproduct/1706353951-319465827121-alba","https://static.tildacdn.com/tild6535-3162-4266-b566-656438363065/Group_450.png","product_primary","YES","Tilda product UID/title match; exact source gallery association","RIGHTS UNKNOWN","NO","«Альба» (MF-MAR-0047); confirm visually that this depicts the named decor before final alt.","5","1","NOT INDIVIDUALLY REVIEWED","NOT APPLICABLE — product-gallery asset; no project claim approved","Published in this SKU's Tilda product gallery. Visual decor match, role beyond gallery association, quality and rights are not independently confirmed."
"MF-MAR-0047","Альба","Гибкий мрамор","https://marmixflex.ru/tproduct/1706353951-319465827121-alba","https://static.tildacdn.com/tild6135-3436-4739-b264-613030323635/Group_449.png","unknown","NO","Tilda product UID/title match; exact source gallery association","RIGHTS UNKNOWN","NO","","5","2","NOT INDIVIDUALLY REVIEWED","NOT APPLICABLE — product-gallery asset; no project claim approved","Published in this SKU's Tilda product gallery. Visual decor match, role beyond gallery association, quality and rights are not independently confirmed."
"MF-MAR-0047","Альба","Гибкий мрамор","https://marmixflex.ru/tproduct/1706353951-319465827121-alba","https://static.tildacdn.com/stor6138-3730-4566-a336-643239396537/62833118.jpg","unknown","NO","Tilda product UID/title match; exact source gallery association","RIGHTS UNKNOWN","NO","","5","3","NOT INDIVIDUALLY REVIEWED","NOT APPLICABLE — product-gallery asset; no project claim approved","Published in this SKU's Tilda product gallery. Visual decor match, role beyond gallery association, quality and rights are not independently confirmed."
"MF-MAR-0047","Альба","Гибкий мрамор","https://marmixflex.ru/tproduct/1706353951-319465827121-alba","https://static.tildacdn.com/tild3565-3565-4538-b739-346537326434/205_original.png","unknown","NO","Tilda product UID/title match; exact source gallery association","RIGHTS UNKNOWN","NO","","5","4","NOT INDIVIDUALLY REVIEWED","NOT APPLICABLE — product-gallery asset; no project claim approved","Published in this SKU's Tilda product gallery. Visual decor match, role beyond gallery association, quality and rights are not independently confirmed."
"MF-MAR-0047","Альба","Гибкий мрамор","https://marmixflex.ru/tproduct/1706353951-319465827121-alba","https://static.tildacdn.com/tild6234-3134-4163-a537-613537376130/232_original.png","unknown","NO","Tilda product UID/title match; exact source gallery association","RIGHTS UNKNOWN","NO","","5","5","NOT INDIVIDUALLY REVIEWED","NOT APPLICABLE — product-gallery asset; no project claim approved","Published in this SKU's Tilda product gallery. Visual decor match, role beyond gallery association, quality and rights are not independently confirmed."
"MF-MAR-0096","Аметист","Гибкий мрамор","https://marmixflex.ru/tproduct/1706353951-586686683901-ametist","https://static.tildacdn.com/tild3036-3531-4132-a138-613964316666/Group_451.png","product_primary","YES","Tilda product UID/title match; exact source gallery association","RIGHTS UNKNOWN","NO","«Аметист» (MF-MAR-0096); confirm visually that this depicts the named decor before final alt.","6","1","NOT INDIVIDUALLY REVIEWED","NOT APPLICABLE — product-gallery asset; no project claim approved","Published in this SKU's Tilda product gallery. Visual decor match, role beyond gallery association, quality and rights are not independently confirmed."
"MF-MAR-0096","Аметист","Гибкий мрамор","https://marmixflex.ru/tproduct/1706353951-586686683901-ametist","https://static.tildacdn.com/tild6265-3335-4664-a261-653364623932/Group_454.png","unknown","NO","Tilda product UID/title match; exact source gallery association","RIGHTS UNKNOWN","NO","","6","2","NOT INDIVIDUALLY REVIEWED","NOT APPLICABLE — product-gallery asset; no project claim approved","Published in this SKU's Tilda product gallery. Visual decor match, role beyond gallery association, quality and rights are not independently confirmed."
"MF-MAR-0096","Аметист","Гибкий мрамор","https://marmixflex.ru/tproduct/1706353951-586686683901-ametist","https://static.tildacdn.com/stor3936-3532-4638-a136-383634306436/10961210.jpg","unknown","NO","Tilda product UID/title match; exact source gallery association","RIGHTS UNKNOWN","NO","","6","3","NOT INDIVIDUALLY REVIEWED","NOT APPLICABLE — product-gallery asset; no project claim approved","Published in this SKU's Tilda product gallery. Visual decor match, role beyond gallery association, quality and rights are not independently confirmed."
"MF-MAR-0096","Аметист","Гибкий мрамор","https://marmixflex.ru/tproduct/1706353951-586686683901-ametist","https://static.tildacdn.com/tild3137-6636-4638-a333-633238386132/1-22.jpg","unknown","NO","Tilda product UID/title match; exact source gallery association","RIGHTS UNKNOWN","NO","","6","4","NOT INDIVIDUALLY REVIEWED","NOT APPLICABLE — product-gallery asset; no project claim approved","Published in this SKU's Tilda product gallery. Visual decor match, role beyond gallery association, quality and rights are not independently confirmed."
"MF-MAR-0096","Аметист","Гибкий мрамор","https://marmixflex.ru/tproduct/1706353951-586686683901-ametist","https://static.tildacdn.com/tild3231-3535-4232-b432-346537363064/2-21.jpg","unknown","NO","Tilda product UID/title match; exact source gallery association","RIGHTS UNKNOWN","NO","","6","5","NOT INDIVIDUALLY REVIEWED","NOT APPLICABLE — product-gallery asset; no project claim approved","Published in this SKU's Tilda product gallery. Visual decor match, role beyond gallery association, quality and rights are not independently confirmed."
"MF-MAR-0096","Аметист","Гибкий мрамор","https://marmixflex.ru/tproduct/1706353951-586686683901-ametist","https://static.tildacdn.com/tild6666-6534-4639-a137-393363643039/4-21.jpg","unknown","NO","Tilda product UID/title match; exact source gallery association","RIGHTS UNKNOWN","NO","","6","6","NOT INDIVIDUALLY REVIEWED","NOT APPLICABLE — product-gallery asset; no project claim approved","Published in this SKU's Tilda product gallery. Visual decor match, role beyond gallery association, quality and rights are not independently confirmed."
"MF-MAR-0142","Пирит","Гибкий мрамор","https://marmixflex.ru/tproduct/1706353951-836129281691-pirit","https://static.tildacdn.com/tild3837-3432-4438-b933-656437663032/Group_455.png","product_primary","YES","Tilda product UID/title match; exact source gallery association","RIGHTS UNKNOWN","NO","«Пирит» (MF-MAR-0142); confirm visually that this depicts the named decor before final alt.","3","1","NOT INDIVIDUALLY REVIEWED","NOT APPLICABLE — product-gallery asset; no project claim approved","Published in this SKU's Tilda product gallery. Visual decor match, role beyond gallery association, quality and rights are not independently confirmed."
"MF-MAR-0142","Пирит","Гибкий мрамор","https://marmixflex.ru/tproduct/1706353951-836129281691-pirit","https://static.tildacdn.com/tild6563-3439-4333-b330-313830313531/Group_458.png","unknown","NO","Tilda product UID/title match; exact source gallery association","RIGHTS UNKNOWN","NO","","3","2","NOT INDIVIDUALLY REVIEWED","NOT APPLICABLE — product-gallery asset; no project claim approved","Published in this SKU's Tilda product gallery. Visual decor match, role beyond gallery association, quality and rights are not independently confirmed."
"MF-MAR-0142","Пирит","Гибкий мрамор","https://marmixflex.ru/tproduct/1706353951-836129281691-pirit","https://static.tildacdn.com/stor6634-3835-4637-a633-346361326366/21410050.jpg","unknown","NO","Tilda product UID/title match; exact source gallery association","RIGHTS UNKNOWN","NO","","3","3","NOT INDIVIDUALLY REVIEWED","NOT APPLICABLE — product-gallery asset; no project claim approved","Published in this SKU's Tilda product gallery. Visual decor match, role beyond gallery association, quality and rights are not independently confirmed."
"MF-MAR-0138","Апатит","Гибкий мрамор","https://marmixflex.ru/tproduct/1706353951-822556664241-apatit","https://static.tildacdn.com/tild3431-3564-4630-a531-323033393034/Group_459.png","product_primary","YES","Tilda product UID/title match; exact source gallery association","RIGHTS UNKNOWN","NO","«Апатит» (MF-MAR-0138); confirm visually that this depicts the named decor before final alt.","6","1","NOT INDIVIDUALLY REVIEWED","NOT APPLICABLE — product-gallery asset; no project claim approved","Published in this SKU's Tilda product gallery. Visual decor match, role beyond gallery association, quality and rights are not independently confirmed."
"MF-MAR-0138","Апатит","Гибкий мрамор","https://marmixflex.ru/tproduct/1706353951-822556664241-apatit","https://static.tildacdn.com/tild3165-3539-4136-b964-613666336531/Group_462.png","unknown","NO","Tilda product UID/title match; exact source gallery association","RIGHTS UNKNOWN","NO","","6","2","NOT INDIVIDUALLY REVIEWED","NOT APPLICABLE — product-gallery asset; no project claim approved","Published in this SKU's Tilda product gallery. Visual decor match, role beyond gallery association, quality and rights are not independently confirmed."
"MF-MAR-0138","Апатит","Гибкий мрамор","https://marmixflex.ru/tproduct/1706353951-822556664241-apatit","https://static.tildacdn.com/stor6163-3130-4734-a163-343432353863/43795601.jpg","unknown","NO","Tilda product UID/title match; exact source gallery association","RIGHTS UNKNOWN","NO","","6","3","NOT INDIVIDUALLY REVIEWED","NOT APPLICABLE — product-gallery asset; no project claim approved","Published in this SKU's Tilda product gallery. Visual decor match, role beyond gallery association, quality and rights are not independently confirmed."
"MF-MAR-0138","Апатит","Гибкий мрамор","https://marmixflex.ru/tproduct/1706353951-822556664241-apatit","https://static.tildacdn.com/tild3961-3861-4663-b065-653963383239/1-23.jpg","unknown","NO","Tilda product UID/title match; exact source gallery association","RIGHTS UNKNOWN","NO","","6","4","NOT INDIVIDUALLY REVIEWED","NOT APPLICABLE — product-gallery asset; no project claim approved","Published in this SKU's Tilda product gallery. Visual decor match, role beyond gallery association, quality and rights are not independently confirmed."
"MF-MAR-0138","Апатит","Гибкий мрамор","https://marmixflex.ru/tproduct/1706353951-822556664241-apatit","https://static.tildacdn.com/tild3063-6562-4561-b063-323362616130/2-22.jpg","unknown","NO","Tilda product UID/title match; exact source gallery association","RIGHTS UNKNOWN","NO","","6","5","NOT INDIVIDUALLY REVIEWED","NOT APPLICABLE — product-gallery asset; no project claim approved","Published in this SKU's Tilda product gallery. Visual decor match, role beyond gallery association, quality and rights are not independently confirmed."
"MF-MAR-0138","Апатит","Гибкий мрамор","https://marmixflex.ru/tproduct/1706353951-822556664241-apatit","https://static.tildacdn.com/tild3432-3966-4339-b133-666430613562/4-22.jpg","unknown","NO","Tilda product UID/title match; exact source gallery association","RIGHTS UNKNOWN","NO","","6","6","NOT INDIVIDUALLY REVIEWED","NOT APPLICABLE — product-gallery asset; no project claim approved","Published in this SKU's Tilda product gallery. Visual decor match, role beyond gallery association, quality and rights are not independently confirmed."
"MF-MAR-0021","Бирюза","Гибкий мрамор","https://marmixflex.ru/tproduct/1706353951-186522482261-biryuza","https://static.tildacdn.com/tild3264-3337-4232-b233-353239306435/Group_463.png","product_primary","YES","Tilda product UID/title match; exact source gallery association","RIGHTS UNKNOWN","NO","«Бирюза» (MF-MAR-0021); confirm visually that this depicts the named decor before final alt.","3","1","NOT INDIVIDUALLY REVIEWED","NOT APPLICABLE — product-gallery asset; no project claim approved","Published in this SKU's Tilda product gallery. Visual decor match, role beyond gallery association, quality and rights are not independently confirmed."
"MF-MAR-0021","Бирюза","Гибкий мрамор","https://marmixflex.ru/tproduct/1706353951-186522482261-biryuza","https://static.tildacdn.com/tild3562-3237-4265-a138-343830316331/Group_466.png","unknown","NO","Tilda product UID/title match; exact source gallery association","RIGHTS UNKNOWN","NO","","3","2","NOT INDIVIDUALLY REVIEWED","NOT APPLICABLE — product-gallery asset; no project claim approved","Published in this SKU's Tilda product gallery. Visual decor match, role beyond gallery association, quality and rights are not independently confirmed."
"MF-MAR-0021","Бирюза","Гибкий мрамор","https://marmixflex.ru/tproduct/1706353951-186522482261-biryuza","https://static.tildacdn.com/stor6333-3734-4030-a132-393061623435/94535262.jpg","unknown","NO","Tilda product UID/title match; exact source gallery association","RIGHTS UNKNOWN","NO","","3","3","NOT INDIVIDUALLY REVIEWED","NOT APPLICABLE — product-gallery asset; no project claim approved","Published in this SKU's Tilda product gallery. Visual decor match, role beyond gallery association, quality and rights are not independently confirmed."
"MF-MAR-0002","Черный Аист","Гибкий мрамор","https://marmixflex.ru/tproduct/1706353951-104108682721-chernii-aist","https://static.tildacdn.com/tild3033-6436-4632-a332-326334363535/Group_467.png","product_primary","YES","Tilda product UID/title match; exact source gallery association","RIGHTS UNKNOWN","NO","«Черный Аист» (MF-MAR-0002); confirm visually that this depicts the named decor before final alt.","4","1","NOT INDIVIDUALLY REVIEWED","NOT APPLICABLE — product-gallery asset; no project claim approved","Published in this SKU's Tilda product gallery. Visual decor match, role beyond gallery association, quality and rights are not independently confirmed."
"MF-MAR-0002","Черный Аист","Гибкий мрамор","https://marmixflex.ru/tproduct/1706353951-104108682721-chernii-aist","https://static.tildacdn.com/tild6464-6433-4762-a135-333239373062/Group_474.png","unknown","NO","Tilda product UID/title match; exact source gallery association","RIGHTS UNKNOWN","NO","","4","2","NOT INDIVIDUALLY REVIEWED","NOT APPLICABLE — product-gallery asset; no project claim approved","Published in this SKU's Tilda product gallery. Visual decor match, role beyond gallery association, quality and rights are not independently confirmed."
"MF-MAR-0002","Черный Аист","Гибкий мрамор","https://marmixflex.ru/tproduct/1706353951-104108682721-chernii-aist","https://static.tildacdn.com/stor6632-3132-4138-b430-313837643966/47457972.jpg","unknown","NO","Tilda product UID/title match; exact source gallery association","RIGHTS UNKNOWN","NO","","4","3","NOT INDIVIDUALLY REVIEWED","NOT APPLICABLE — product-gallery asset; no project claim approved","Published in this SKU's Tilda product gallery. Visual decor match, role beyond gallery association, quality and rights are not independently confirmed."
"MF-MAR-0002","Черный Аист","Гибкий мрамор","https://marmixflex.ru/tproduct/1706353951-104108682721-chernii-aist","https://static.tildacdn.com/tild3464-3263-4339-a330-383536616135/vO0_COVERLAMMARQUINA.jpg","unknown","NO","Tilda product UID/title match; exact source gallery association","RIGHTS UNKNOWN","NO","","4","4","NOT INDIVIDUALLY REVIEWED","NOT APPLICABLE — product-gallery asset; no project claim approved","Published in this SKU's Tilda product gallery. Visual decor match, role beyond gallery association, quality and rights are not independently confirmed."
"MF-MAR-0157","Голубой оникс","Гибкий мрамор","https://marmixflex.ru/tproduct/1706353951-927247404191-goluboi-oniks","https://static.tildacdn.com/tild3830-3938-4666-a631-373732343331/Group_470.png","product_primary","YES","Tilda product UID/title match; exact source gallery association","RIGHTS UNKNOWN","NO","«Голубой оникс» (MF-MAR-0157); confirm visually that this depicts the named decor before final alt.","4","1","NOT INDIVIDUALLY REVIEWED","NOT APPLICABLE — product-gallery asset; no project claim approved","Published in this SKU's Tilda product gallery. Visual decor match, role beyond gallery association, quality and rights are not independently confirmed."
"MF-MAR-0157","Голубой оникс","Гибкий мрамор","https://marmixflex.ru/tproduct/1706353951-927247404191-goluboi-oniks","https://static.tildacdn.com/tild6638-6634-4464-a431-373431626537/Group_473.png","unknown","NO","Tilda product UID/title match; exact source gallery association","RIGHTS UNKNOWN","NO","","4","2","NOT INDIVIDUALLY REVIEWED","NOT APPLICABLE — product-gallery asset; no project claim approved","Published in this SKU's Tilda product gallery. Visual decor match, role beyond gallery association, quality and rights are not independently confirmed."
"MF-MAR-0157","Голубой оникс","Гибкий мрамор","https://marmixflex.ru/tproduct/1706353951-927247404191-goluboi-oniks","https://static.tildacdn.com/stor6432-3061-4135-b130-333834386434/15508265.jpg","unknown","NO","Tilda product UID/title match; exact source gallery association","RIGHTS UNKNOWN","NO","","4","3","NOT INDIVIDUALLY REVIEWED","NOT APPLICABLE — product-gallery asset; no project claim approved","Published in this SKU's Tilda product gallery. Visual decor match, role beyond gallery association, quality and rights are not independently confirmed."
"MF-MAR-0157","Голубой оникс","Гибкий мрамор","https://marmixflex.ru/tproduct/1706353951-927247404191-goluboi-oniks","https://static.tildacdn.com/tild6337-3130-4561-b365-633234323765/f73616780e1e56e1a1aa.jpg","unknown","NO","Tilda product UID/title match; exact source gallery association","RIGHTS UNKNOWN","NO","","4","4","NOT INDIVIDUALLY REVIEWED","NOT APPLICABLE — product-gallery asset; no project claim approved","Published in this SKU's Tilda product gallery. Visual decor match, role beyond gallery association, quality and rights are not independently confirmed."
"MF-MAR-0162","Каприз айс","Гибкий мрамор","https://marmixflex.ru/tproduct/1706353951-983723135661-kapriz-ais","https://static.tildacdn.com/tild3439-3834-4738-b039-663363643531/Group_475.png","product_primary","YES","Tilda product UID/title match; exact source gallery association","RIGHTS UNKNOWN","NO","«Каприз айс» (MF-MAR-0162); confirm visually that this depicts the named decor before final alt.","4","1","NOT INDIVIDUALLY REVIEWED","NOT APPLICABLE — product-gallery asset; no project claim approved","Published in this SKU's Tilda product gallery. Visual decor match, role beyond gallery association, quality and rights are not independently confirmed."
"MF-MAR-0162","Каприз айс","Гибкий мрамор","https://marmixflex.ru/tproduct/1706353951-983723135661-kapriz-ais","https://static.tildacdn.com/tild3962-6666-4463-a564-373964653632/Group_478.png","unknown","NO","Tilda product UID/title match; exact source gallery association","RIGHTS UNKNOWN","NO","","4","2","NOT INDIVIDUALLY REVIEWED","NOT APPLICABLE — product-gallery asset; no project claim approved","Published in this SKU's Tilda product gallery. Visual decor match, role beyond gallery association, quality and rights are not independently confirmed."
"MF-MAR-0162","Каприз айс","Гибкий мрамор","https://marmixflex.ru/tproduct/1706353951-983723135661-kapriz-ais","https://static.tildacdn.com/stor3136-3762-4732-a636-663764353832/87402002.jpg","unknown","NO","Tilda product UID/title match; exact source gallery association","RIGHTS UNKNOWN","NO","","4","3","NOT INDIVIDUALLY REVIEWED","NOT APPLICABLE — product-gallery asset; no project claim approved","Published in this SKU's Tilda product gallery. Visual decor match, role beyond gallery association, quality and rights are not independently confirmed."
"MF-MAR-0162","Каприз айс","Гибкий мрамор","https://marmixflex.ru/tproduct/1706353951-983723135661-kapriz-ais","https://static.tildacdn.com/tild6661-3831-4536-b363-646234303461/unnamed.jpg","unknown","NO","Tilda product UID/title match; exact source gallery association","RIGHTS UNKNOWN","NO","","4","4","NOT INDIVIDUALLY REVIEWED","NOT APPLICABLE — product-gallery asset; no project claim approved","Published in this SKU's Tilda product gallery. Visual decor match, role beyond gallery association, quality and rights are not independently confirmed."
"MF-MAR-0112","Кабошон","Гибкий мрамор","https://marmixflex.ru/tproduct/1706353951-670512256141-kaboshon","https://static.tildacdn.com/tild6338-3438-4161-b566-343136313538/Group_479.png","product_primary","YES","Tilda product UID/title match; exact source gallery association","RIGHTS UNKNOWN","NO","«Кабошон» (MF-MAR-0112); confirm visually that this depicts the named decor before final alt.","3","1","NOT INDIVIDUALLY REVIEWED","NOT APPLICABLE — product-gallery asset; no project claim approved","Published in this SKU's Tilda product gallery. Visual decor match, role beyond gallery association, quality and rights are not independently confirmed."
"MF-MAR-0112","Кабошон","Гибкий мрамор","https://marmixflex.ru/tproduct/1706353951-670512256141-kaboshon","https://static.tildacdn.com/stor3665-3933-4034-a165-393664623137/49658227.jpg","unknown","NO","Tilda product UID/title match; exact source gallery association","RIGHTS UNKNOWN","NO","","3","2","NOT INDIVIDUALLY REVIEWED","NOT APPLICABLE — product-gallery asset; no project claim approved","Published in this SKU's Tilda product gallery. Visual decor match, role beyond gallery association, quality and rights are not independently confirmed."
"MF-MAR-0112","Кабошон","Гибкий мрамор","https://marmixflex.ru/tproduct/1706353951-670512256141-kaboshon","https://static.tildacdn.com/tild3836-6534-4539-b466-616532653239/Group_482.png","unknown","NO","Tilda product UID/title match; exact source gallery association","RIGHTS UNKNOWN","NO","","3","3","NOT INDIVIDUALLY REVIEWED","NOT APPLICABLE — product-gallery asset; no project claim approved","Published in this SKU's Tilda product gallery. Visual decor match, role beyond gallery association, quality and rights are not independently confirmed."
"MF-MAR-0146","Крема","Гибкий мрамор","https://marmixflex.ru/tproduct/1706353951-876744235111-krema","https://static.tildacdn.com/tild3035-3036-4734-b233-623635363961/Group_483.png","product_primary","YES","Tilda product UID/title match; exact source gallery association","RIGHTS UNKNOWN","NO","«Крема» (MF-MAR-0146); confirm visually that this depicts the named decor before final alt.","7","1","NOT INDIVIDUALLY REVIEWED","NOT APPLICABLE — product-gallery asset; no project claim approved","Published in this SKU's Tilda product gallery. Visual decor match, role beyond gallery association, quality and rights are not independently confirmed."
"MF-MAR-0146","Крема","Гибкий мрамор","https://marmixflex.ru/tproduct/1706353951-876744235111-krema","https://static.tildacdn.com/tild3461-3639-4763-b537-353864386631/Group_486.png","unknown","NO","Tilda product UID/title match; exact source gallery association","RIGHTS UNKNOWN","NO","","7","2","NOT INDIVIDUALLY REVIEWED","NOT APPLICABLE — product-gallery asset; no project claim approved","Published in this SKU's Tilda product gallery. Visual decor match, role beyond gallery association, quality and rights are not independently confirmed."
"MF-MAR-0146","Крема","Гибкий мрамор","https://marmixflex.ru/tproduct/1706353951-876744235111-krema","https://static.tildacdn.com/stor6366-3766-4866-b761-383032343462/79175607.jpg","unknown","NO","Tilda product UID/title match; exact source gallery association","RIGHTS UNKNOWN","NO","","7","3","NOT INDIVIDUALLY REVIEWED","NOT APPLICABLE — product-gallery asset; no project claim approved","Published in this SKU's Tilda product gallery. Visual decor match, role beyond gallery association, quality and rights are not independently confirmed."
"MF-MAR-0146","Крема","Гибкий мрамор","https://marmixflex.ru/tproduct/1706353951-876744235111-krema","https://static.tildacdn.com/tild3665-3564-4761-b866-333935626632/moca-cream-v-interer.jpg","interior_application","NO","Tilda product UID/title match; exact source gallery association","RIGHTS UNKNOWN","NO","Interior image in product gallery «Крема»; object and authorship not attributed.","7","4","NOT INDIVIDUALLY REVIEWED","NOT APPLICABLE — product-gallery asset; no project claim approved","Interior role inferred from filename and a sample visual; not owner-confirmed as a Marmix Flex installation, a rendering, or an authorized image."
"MF-MAR-0146","Крема","Гибкий мрамор","https://marmixflex.ru/tproduct/1706353951-876744235111-krema","https://static.tildacdn.com/tild3665-3865-4336-b830-656362363932/moca-cream-v-interer.jpg","interior_application","NO","Tilda product UID/title match; exact source gallery association","RIGHTS UNKNOWN","NO","Interior image in product gallery «Крема»; object and authorship not attributed.","7","5","NOT INDIVIDUALLY REVIEWED","NOT APPLICABLE — product-gallery asset; no project claim approved","Interior role inferred from filename and a sample visual; not owner-confirmed as a Marmix Flex installation, a rendering, or an authorized image."
"MF-MAR-0146","Крема","Гибкий мрамор","https://marmixflex.ru/tproduct/1706353951-876744235111-krema","https://static.tildacdn.com/tild3361-3662-4166-a466-363732356535/moca-cream-v-interer.jpg","interior_application","NO","Tilda product UID/title match; exact source gallery association","RIGHTS UNKNOWN","NO","Interior image in product gallery «Крема»; object and authorship not attributed.","7","6","NOT INDIVIDUALLY REVIEWED","NOT APPLICABLE — product-gallery asset; no project claim approved","Interior role inferred from filename and a sample visual; not owner-confirmed as a Marmix Flex installation, a rendering, or an authorized image."
"MF-MAR-0146","Крема","Гибкий мрамор","https://marmixflex.ru/tproduct/1706353951-876744235111-krema","https://static.tildacdn.com/tild6131-3064-4034-b465-386664316433/moca-cream-v-interer.jpg","interior_application","NO","Tilda product UID/title match; exact source gallery association","RIGHTS UNKNOWN","NO","Interior image in product gallery «Крема»; object and authorship not attributed.","7","7","NOT INDIVIDUALLY REVIEWED","NOT APPLICABLE — product-gallery asset; no project claim approved","Interior role inferred from filename and a sample visual; not owner-confirmed as a Marmix Flex installation, a rendering, or an authorized image."
"MF-MAR-0094","Драго","Гибкий мрамор","https://marmixflex.ru/tproduct/1706353951-582271973831-drago","https://static.tildacdn.com/tild3736-3634-4162-a261-393634626135/Group_487.png","product_primary","YES","Tilda product UID/title match; exact source gallery association","RIGHTS UNKNOWN","NO","«Драго» (MF-MAR-0094); confirm visually that this depicts the named decor before final alt.","2","1","NOT INDIVIDUALLY REVIEWED","NOT APPLICABLE — product-gallery asset; no project claim approved","Published in this SKU's Tilda product gallery. Visual decor match, role beyond gallery association, quality and rights are not independently confirmed."
"MF-MAR-0094","Драго","Гибкий мрамор","https://marmixflex.ru/tproduct/1706353951-582271973831-drago","https://static.tildacdn.com/tild3037-3834-4665-b130-323434666265/Group_491.png","unknown","NO","Tilda product UID/title match; exact source gallery association","RIGHTS UNKNOWN","NO","","2","2","NOT INDIVIDUALLY REVIEWED","NOT APPLICABLE — product-gallery asset; no project claim approved","Published in this SKU's Tilda product gallery. Visual decor match, role beyond gallery association, quality and rights are not independently confirmed."
"MF-MAR-0136","Древний мир","Гибкий мрамор","https://marmixflex.ru/tproduct/1706353951-804064514511-drevnii-mir","https://static.tildacdn.com/tild6332-6461-4261-a238-656166383432/Group_492.png","product_primary","YES","Tilda product UID/title match; exact source gallery association","RIGHTS UNKNOWN","NO","«Древний мир» (MF-MAR-0136); confirm visually that this depicts the named decor before final alt.","3","1","NOT INDIVIDUALLY REVIEWED","NOT APPLICABLE — product-gallery asset; no project claim approved","Published in this SKU's Tilda product gallery. Visual decor match, role beyond gallery association, quality and rights are not independently confirmed."
"MF-MAR-0136","Древний мир","Гибкий мрамор","https://marmixflex.ru/tproduct/1706353951-804064514511-drevnii-mir","https://static.tildacdn.com/tild3134-6364-4537-a361-623931623831/Group_495.png","unknown","NO","Tilda product UID/title match; exact source gallery association","RIGHTS UNKNOWN","NO","","3","2","NOT INDIVIDUALLY REVIEWED","NOT APPLICABLE — product-gallery asset; no project claim approved","Published in this SKU's Tilda product gallery. Visual decor match, role beyond gallery association, quality and rights are not independently confirmed."
"MF-MAR-0136","Древний мир","Гибкий мрамор","https://marmixflex.ru/tproduct/1706353951-804064514511-drevnii-mir","https://static.tildacdn.com/stor3766-6433-4036-b365-633330316233/10970186.jpg","unknown","NO","Tilda product UID/title match; exact source gallery association","RIGHTS UNKNOWN","NO","","3","3","NOT INDIVIDUALLY REVIEWED","NOT APPLICABLE — product-gallery asset; no project claim approved","Published in this SKU's Tilda product gallery. Visual decor match, role beyond gallery association, quality and rights are not independently confirmed."
"MF-MAR-0007","Песчаная дюна","Гибкий мрамор","https://marmixflex.ru/tproduct/1706353951-121221097201-peschanaya-dyuna","https://static.tildacdn.com/tild6538-3134-4665-b164-353066656335/Group_496.png","product_primary","YES","Tilda product UID/title match; exact source gallery association","RIGHTS UNKNOWN","NO","«Песчаная дюна» (MF-MAR-0007); confirm visually that this depicts the named decor before final alt.","3","1","NOT INDIVIDUALLY REVIEWED","NOT APPLICABLE — product-gallery asset; no project claim approved","Published in this SKU's Tilda product gallery. Visual decor match, role beyond gallery association, quality and rights are not independently confirmed."
"MF-MAR-0007","Песчаная дюна","Гибкий мрамор","https://marmixflex.ru/tproduct/1706353951-121221097201-peschanaya-dyuna","https://static.tildacdn.com/tild6162-3962-4132-b461-616638653433/Group_499.png","unknown","NO","Tilda product UID/title match; exact source gallery association","RIGHTS UNKNOWN","NO","","3","2","NOT INDIVIDUALLY REVIEWED","NOT APPLICABLE — product-gallery asset; no project claim approved","Published in this SKU's Tilda product gallery. Visual decor match, role beyond gallery association, quality and rights are not independently confirmed."
"MF-MAR-0007","Песчаная дюна","Гибкий мрамор","https://marmixflex.ru/tproduct/1706353951-121221097201-peschanaya-dyuna","https://static.tildacdn.com/stor3033-3536-4665-b639-386136393862/36711892.jpg","unknown","NO","Tilda product UID/title match; exact source gallery association","RIGHTS UNKNOWN","NO","","3","3","NOT INDIVIDUALLY REVIEWED","NOT APPLICABLE — product-gallery asset; no project claim approved","Published in this SKU's Tilda product gallery. Visual decor match, role beyond gallery association, quality and rights are not independently confirmed."
"MF-MAR-0082","Энигма","Гибкий мрамор","https://marmixflex.ru/tproduct/1706353951-513814794801-enigma","https://static.tildacdn.com/tild3362-6232-4939-a464-633234666631/Group_500.png","product_primary","YES","Tilda product UID/title match; exact source gallery association","RIGHTS UNKNOWN","NO","«Энигма» (MF-MAR-0082); confirm visually that this depicts the named decor before final alt.","4","1","NOT INDIVIDUALLY REVIEWED","NOT APPLICABLE — product-gallery asset; no project claim approved","Published in this SKU's Tilda product gallery. Visual decor match, role beyond gallery association, quality and rights are not independently confirmed."
"MF-MAR-0082","Энигма","Гибкий мрамор","https://marmixflex.ru/tproduct/1706353951-513814794801-enigma","https://static.tildacdn.com/tild3066-6565-4264-b836-613165653764/Group_503.png","unknown","NO","Tilda product UID/title match; exact source gallery association","RIGHTS UNKNOWN","NO","","4","2","NOT INDIVIDUALLY REVIEWED","NOT APPLICABLE — product-gallery asset; no project claim approved","Published in this SKU's Tilda product gallery. Visual decor match, role beyond gallery association, quality and rights are not independently confirmed."
"MF-MAR-0082","Энигма","Гибкий мрамор","https://marmixflex.ru/tproduct/1706353951-513814794801-enigma","https://static.tildacdn.com/stor3138-6163-4334-b431-616264373665/63666993.jpg","unknown","NO","Tilda product UID/title match; exact source gallery association","RIGHTS UNKNOWN","NO","","4","3","NOT INDIVIDUALLY REVIEWED","NOT APPLICABLE — product-gallery asset; no project claim approved","Published in this SKU's Tilda product gallery. Visual decor match, role beyond gallery association, quality and rights are not independently confirmed."
"MF-MAR-0082","Энигма","Гибкий мрамор","https://marmixflex.ru/tproduct/1706353951-513814794801-enigma","https://static.tildacdn.com/tild3332-6435-4132-b731-363730636532/396_original.png","unknown","NO","Tilda product UID/title match; exact source gallery association","RIGHTS UNKNOWN","NO","","4","4","NOT INDIVIDUALLY REVIEWED","NOT APPLICABLE — product-gallery asset; no project claim approved","Published in this SKU's Tilda product gallery. Visual decor match, role beyond gallery association, quality and rights are not independently confirmed."
"MF-MAR-0055","Эрта але","Гибкий мрамор","https://marmixflex.ru/tproduct/1706353951-343447437511-erta-ale","https://static.tildacdn.com/tild3165-3831-4764-b936-356239613432/Group_504.png","product_primary","YES","Tilda product UID/title match; exact source gallery association","RIGHTS UNKNOWN","NO","«Эрта але» (MF-MAR-0055); confirm visually that this depicts the named decor before final alt.","4","1","NOT INDIVIDUALLY REVIEWED","NOT APPLICABLE — product-gallery asset; no project claim approved","Published in this SKU's Tilda product gallery. Visual decor match, role beyond gallery association, quality and rights are not independently confirmed."
"MF-MAR-0055","Эрта але","Гибкий мрамор","https://marmixflex.ru/tproduct/1706353951-343447437511-erta-ale","https://static.tildacdn.com/tild6439-3339-4961-b236-333030643135/Group_507.png","unknown","NO","Tilda product UID/title match; exact source gallery association","RIGHTS UNKNOWN","NO","","4","2","NOT INDIVIDUALLY REVIEWED","NOT APPLICABLE — product-gallery asset; no project claim approved","Published in this SKU's Tilda product gallery. Visual decor match, role beyond gallery association, quality and rights are not independently confirmed."
"MF-MAR-0055","Эрта але","Гибкий мрамор","https://marmixflex.ru/tproduct/1706353951-343447437511-erta-ale","https://static.tildacdn.com/stor6461-3137-4132-b734-653065346663/86365408.jpg","unknown","NO","Tilda product UID/title match; exact source gallery association","RIGHTS UNKNOWN","NO","","4","3","NOT INDIVIDUALLY REVIEWED","NOT APPLICABLE — product-gallery asset; no project claim approved","Published in this SKU's Tilda product gallery. Visual decor match, role beyond gallery association, quality and rights are not independently confirmed."
"MF-MAR-0055","Эрта але","Гибкий мрамор","https://marmixflex.ru/tproduct/1706353951-343447437511-erta-ale","https://static.tildacdn.com/tild3538-3532-4639-b232-333066323239/i.jpg","unknown","NO","Tilda product UID/title match; exact source gallery association","RIGHTS UNKNOWN","NO","","4","4","NOT INDIVIDUALLY REVIEWED","NOT APPLICABLE — product-gallery asset; no project claim approved","Published in this SKU's Tilda product gallery. Visual decor match, role beyond gallery association, quality and rights are not independently confirmed."
"MF-MAR-0102","Гематит","Гибкий мрамор","https://marmixflex.ru/tproduct/1706353951-620465675221-gematit","https://static.tildacdn.com/tild3061-3139-4539-a662-353766393836/Group_508.png","product_primary","YES","Tilda product UID/title match; exact source gallery association","RIGHTS UNKNOWN","NO","«Гематит» (MF-MAR-0102); confirm visually that this depicts the named decor before final alt.","3","1","NOT INDIVIDUALLY REVIEWED","NOT APPLICABLE — product-gallery asset; no project claim approved","Published in this SKU's Tilda product gallery. Visual decor match, role beyond gallery association, quality and rights are not independently confirmed."
"MF-MAR-0102","Гематит","Гибкий мрамор","https://marmixflex.ru/tproduct/1706353951-620465675221-gematit","https://static.tildacdn.com/tild6233-6136-4636-a161-306432343131/Group_511.png","unknown","NO","Tilda product UID/title match; exact source gallery association","RIGHTS UNKNOWN","NO","","3","2","NOT INDIVIDUALLY REVIEWED","NOT APPLICABLE — product-gallery asset; no project claim approved","Published in this SKU's Tilda product gallery. Visual decor match, role beyond gallery association, quality and rights are not independently confirmed."
"MF-MAR-0102","Гематит","Гибкий мрамор","https://marmixflex.ru/tproduct/1706353951-620465675221-gematit","https://static.tildacdn.com/stor3738-3135-4365-a166-353935333032/17098512.jpg","unknown","NO","Tilda product UID/title match; exact source gallery association","RIGHTS UNKNOWN","NO","","3","3","NOT INDIVIDUALLY REVIEWED","NOT APPLICABLE — product-gallery asset; no project claim approved","Published in this SKU's Tilda product gallery. Visual decor match, role beyond gallery association, quality and rights are not independently confirmed."
"MF-MAR-0105","Айсберг","Гибкий мрамор","https://marmixflex.ru/tproduct/1706353951-644960283181-aisberg","https://static.tildacdn.com/tild3365-3263-4533-b736-633166303165/Group_512.png","product_primary","YES","Tilda product UID/title match; exact source gallery association","RIGHTS UNKNOWN","NO","«Айсберг» (MF-MAR-0105); confirm visually that this depicts the named decor before final alt.","3","1","NOT INDIVIDUALLY REVIEWED","NOT APPLICABLE — product-gallery asset; no project claim approved","Published in this SKU's Tilda product gallery. Visual decor match, role beyond gallery association, quality and rights are not independently confirmed."
"MF-MAR-0105","Айсберг","Гибкий мрамор","https://marmixflex.ru/tproduct/1706353951-644960283181-aisberg","https://static.tildacdn.com/tild3563-3866-4435-a664-316630336235/Group_516.png","unknown","NO","Tilda product UID/title match; exact source gallery association","RIGHTS UNKNOWN","NO","","3","2","NOT INDIVIDUALLY REVIEWED","NOT APPLICABLE — product-gallery asset; no project claim approved","Published in this SKU's Tilda product gallery. Visual decor match, role beyond gallery association, quality and rights are not independently confirmed."
"MF-MAR-0105","Айсберг","Гибкий мрамор","https://marmixflex.ru/tproduct/1706353951-644960283181-aisberg","https://static.tildacdn.com/stor3037-3566-4538-b836-306330636635/14687652.jpg","unknown","NO","Tilda product UID/title match; exact source gallery association","RIGHTS UNKNOWN","NO","","3","3","NOT INDIVIDUALLY REVIEWED","NOT APPLICABLE — product-gallery asset; no project claim approved","Published in this SKU's Tilda product gallery. Visual decor match, role beyond gallery association, quality and rights are not independently confirmed."
"MF-MAR-0018","Яшма","Гибкий мрамор","https://marmixflex.ru/tproduct/1706353951-175383528681-yashma","https://static.tildacdn.com/tild6466-3437-4739-b335-323834653563/Group_517.png","product_primary","YES","Tilda product UID/title match; exact source gallery association","RIGHTS UNKNOWN","NO","«Яшма» (MF-MAR-0018); confirm visually that this depicts the named decor before final alt.","7","1","NOT INDIVIDUALLY REVIEWED","NOT APPLICABLE — product-gallery asset; no project claim approved","Published in this SKU's Tilda product gallery. Visual decor match, role beyond gallery association, quality and rights are not independently confirmed."
"MF-MAR-0018","Яшма","Гибкий мрамор","https://marmixflex.ru/tproduct/1706353951-175383528681-yashma","https://static.tildacdn.com/tild6264-6337-4130-a266-633065643038/Group_520.png","unknown","NO","Tilda product UID/title match; exact source gallery association","RIGHTS UNKNOWN","NO","","7","2","NOT INDIVIDUALLY REVIEWED","NOT APPLICABLE — product-gallery asset; no project claim approved","Published in this SKU's Tilda product gallery. Visual decor match, role beyond gallery association, quality and rights are not independently confirmed."
"MF-MAR-0018","Яшма","Гибкий мрамор","https://marmixflex.ru/tproduct/1706353951-175383528681-yashma","https://static.tildacdn.com/stor3466-6332-4061-a565-313234363761/63994719.jpg","unknown","NO","Tilda product UID/title match; exact source gallery association","RIGHTS UNKNOWN","NO","","7","3","NOT INDIVIDUALLY REVIEWED","NOT APPLICABLE — product-gallery asset; no project claim approved","Published in this SKU's Tilda product gallery. Visual decor match, role beyond gallery association, quality and rights are not independently confirmed."
"MF-MAR-0018","Яшма","Гибкий мрамор","https://marmixflex.ru/tproduct/1706353951-175383528681-yashma","https://static.tildacdn.com/tild6436-3735-4565-b330-663530313330/598_original.png","unknown","NO","Tilda product UID/title match; exact source gallery association","RIGHTS UNKNOWN","NO","","7","4","NOT INDIVIDUALLY REVIEWED","NOT APPLICABLE — product-gallery asset; no project claim approved","Published in this SKU's Tilda product gallery. Visual decor match, role beyond gallery association, quality and rights are not independently confirmed."
"MF-MAR-0018","Яшма","Гибкий мрамор","https://marmixflex.ru/tproduct/1706353951-175383528681-yashma","https://static.tildacdn.com/tild6466-3035-4234-b266-353130306564/655_original.png","unknown","NO","Tilda product UID/title match; exact source gallery association","RIGHTS UNKNOWN","NO","","7","5","NOT INDIVIDUALLY REVIEWED","NOT APPLICABLE — product-gallery asset; no project claim approved","Published in this SKU's Tilda product gallery. Visual decor match, role beyond gallery association, quality and rights are not independently confirmed."
"MF-MAR-0018","Яшма","Гибкий мрамор","https://marmixflex.ru/tproduct/1706353951-175383528681-yashma","https://static.tildacdn.com/tild6333-6130-4466-a466-383036393132/758_original.png","unknown","NO","Tilda product UID/title match; exact source gallery association","RIGHTS UNKNOWN","NO","","7","6","NOT INDIVIDUALLY REVIEWED","NOT APPLICABLE — product-gallery asset; no project claim approved","Published in this SKU's Tilda product gallery. Visual decor match, role beyond gallery association, quality and rights are not independently confirmed."
"MF-MAR-0018","Яшма","Гибкий мрамор","https://marmixflex.ru/tproduct/1706353951-175383528681-yashma","https://static.tildacdn.com/tild3334-6438-4830-b037-616134653664/811_original.png","unknown","NO","Tilda product UID/title match; exact source gallery association","RIGHTS UNKNOWN","NO","","7","7","NOT INDIVIDUALLY REVIEWED","NOT APPLICABLE — product-gallery asset; no project claim approved","Published in this SKU's Tilda product gallery. Visual decor match, role beyond gallery association, quality and rights are not independently confirmed."
"MF-MAR-0051","Ларимар","Гибкий мрамор","https://marmixflex.ru/tproduct/1706353951-334273197601-larimar","https://static.tildacdn.com/tild6330-3437-4765-b136-343033646466/Group_521.png","product_primary","YES","Tilda product UID/title match; exact source gallery association","RIGHTS UNKNOWN","NO","«Ларимар» (MF-MAR-0051); confirm visually that this depicts the named decor before final alt.","3","1","NOT INDIVIDUALLY REVIEWED","NOT APPLICABLE — product-gallery asset; no project claim approved","Published in this SKU's Tilda product gallery. Visual decor match, role beyond gallery association, quality and rights are not independently confirmed."
"MF-MAR-0051","Ларимар","Гибкий мрамор","https://marmixflex.ru/tproduct/1706353951-334273197601-larimar","https://static.tildacdn.com/tild3262-6132-4666-b239-643634646363/Group_524.png","unknown","NO","Tilda product UID/title match; exact source gallery association","RIGHTS UNKNOWN","NO","","3","2","NOT INDIVIDUALLY REVIEWED","NOT APPLICABLE — product-gallery asset; no project claim approved","Published in this SKU's Tilda product gallery. Visual decor match, role beyond gallery association, quality and rights are not independently confirmed."
"MF-MAR-0051","Ларимар","Гибкий мрамор","https://marmixflex.ru/tproduct/1706353951-334273197601-larimar","https://static.tildacdn.com/stor3031-6365-4561-b335-366533626235/36334679.jpg","unknown","NO","Tilda product UID/title match; exact source gallery association","RIGHTS UNKNOWN","NO","","3","3","NOT INDIVIDUALLY REVIEWED","NOT APPLICABLE — product-gallery asset; no project claim approved","Published in this SKU's Tilda product gallery. Visual decor match, role beyond gallery association, quality and rights are not independently confirmed."
"MF-MAR-0152","Луна","Гибкий мрамор","https://marmixflex.ru/tproduct/1706353951-892628883271-luna","https://static.tildacdn.com/tild3335-6130-4839-a162-303533386463/Group_525.png","product_primary","YES","Tilda product UID/title match; exact source gallery association","RIGHTS UNKNOWN","NO","«Луна» (MF-MAR-0152); confirm visually that this depicts the named decor before final alt.","3","1","NOT INDIVIDUALLY REVIEWED","NOT APPLICABLE — product-gallery asset; no project claim approved","Published in this SKU's Tilda product gallery. Visual decor match, role beyond gallery association, quality and rights are not independently confirmed."
"MF-MAR-0152","Луна","Гибкий мрамор","https://marmixflex.ru/tproduct/1706353951-892628883271-luna","https://static.tildacdn.com/tild3334-6530-4234-b239-656136613139/Group_529.png","unknown","NO","Tilda product UID/title match; exact source gallery association","RIGHTS UNKNOWN","NO","","3","2","NOT INDIVIDUALLY REVIEWED","NOT APPLICABLE — product-gallery asset; no project claim approved","Published in this SKU's Tilda product gallery. Visual decor match, role beyond gallery association, quality and rights are not independently confirmed."
"MF-MAR-0152","Луна","Гибкий мрамор","https://marmixflex.ru/tproduct/1706353951-892628883271-luna","https://static.tildacdn.com/stor3434-6239-4161-b338-356532373766/34383682.jpg","unknown","NO","Tilda product UID/title match; exact source gallery association","RIGHTS UNKNOWN","NO","","3","3","NOT INDIVIDUALLY REVIEWED","NOT APPLICABLE — product-gallery asset; no project claim approved","Published in this SKU's Tilda product gallery. Visual decor match, role beyond gallery association, quality and rights are not independently confirmed."
"MF-MAR-0014","Мадагаскар","Гибкий мрамор","https://marmixflex.ru/tproduct/1706353951-144392410561-madagaskar","https://static.tildacdn.com/tild3362-3737-4336-b333-366437313936/Group_530.png","product_primary","YES","Tilda product UID/title match; exact source gallery association","RIGHTS UNKNOWN","NO","«Мадагаскар» (MF-MAR-0014); confirm visually that this depicts the named decor before final alt.","3","1","NOT INDIVIDUALLY REVIEWED","NOT APPLICABLE — product-gallery asset; no project claim approved","Published in this SKU's Tilda product gallery. Visual decor match, role beyond gallery association, quality and rights are not independently confirmed."
"MF-MAR-0014","Мадагаскар","Гибкий мрамор","https://marmixflex.ru/tproduct/1706353951-144392410561-madagaskar","https://static.tildacdn.com/tild3637-3232-4637-a666-313339616136/Group_533.png","unknown","NO","Tilda product UID/title match; exact source gallery association","RIGHTS UNKNOWN","NO","","3","2","NOT INDIVIDUALLY REVIEWED","NOT APPLICABLE — product-gallery asset; no project claim approved","Published in this SKU's Tilda product gallery. Visual decor match, role beyond gallery association, quality and rights are not independently confirmed."
"MF-MAR-0014","Мадагаскар","Гибкий мрамор","https://marmixflex.ru/tproduct/1706353951-144392410561-madagaskar","https://static.tildacdn.com/stor3938-6631-4134-a638-356339656463/31196882.jpg","unknown","NO","Tilda product UID/title match; exact source gallery association","RIGHTS UNKNOWN","NO","","3","3","NOT INDIVIDUALLY REVIEWED","NOT APPLICABLE — product-gallery asset; no project claim approved","Published in this SKU's Tilda product gallery. Visual decor match, role beyond gallery association, quality and rights are not independently confirmed."
"MF-MAR-0058","Нирвана","Гибкий мрамор","https://marmixflex.ru/tproduct/1706353951-362184156311-nirvana","https://static.tildacdn.com/tild3861-3435-4137-b534-376537386238/Group_534.png","product_primary","YES","Tilda product UID/title match; exact source gallery association","RIGHTS UNKNOWN","NO","«Нирвана» (MF-MAR-0058); confirm visually that this depicts the named decor before final alt.","7","1","NOT INDIVIDUALLY REVIEWED","NOT APPLICABLE — product-gallery asset; no project claim approved","Published in this SKU's Tilda product gallery. Visual decor match, role beyond gallery association, quality and rights are not independently confirmed."
"MF-MAR-0058","Нирвана","Гибкий мрамор","https://marmixflex.ru/tproduct/1706353951-362184156311-nirvana","https://static.tildacdn.com/tild3464-3663-4061-b632-343162313738/Group_537.png","unknown","NO","Tilda product UID/title match; exact source gallery association","RIGHTS UNKNOWN","NO","","7","2","NOT INDIVIDUALLY REVIEWED","NOT APPLICABLE — product-gallery asset; no project claim approved","Published in this SKU's Tilda product gallery. Visual decor match, role beyond gallery association, quality and rights are not independently confirmed."
"MF-MAR-0058","Нирвана","Гибкий мрамор","https://marmixflex.ru/tproduct/1706353951-362184156311-nirvana","https://static.tildacdn.com/stor3762-3338-4136-a132-613265393062/94879622.jpg","unknown","NO","Tilda product UID/title match; exact source gallery association","RIGHTS UNKNOWN","NO","","7","3","NOT INDIVIDUALLY REVIEWED","NOT APPLICABLE — product-gallery asset; no project claim approved","Published in this SKU's Tilda product gallery. Visual decor match, role beyond gallery association, quality and rights are not independently confirmed."
"MF-MAR-0058","Нирвана","Гибкий мрамор","https://marmixflex.ru/tproduct/1706353951-362184156311-nirvana","https://static.tildacdn.com/tild6665-6639-4234-a566-623834613939/016_original.png","unknown","NO","Tilda product UID/title match; exact source gallery association","RIGHTS UNKNOWN","NO","","7","4","NOT INDIVIDUALLY REVIEWED","NOT APPLICABLE — product-gallery asset; no project claim approved","Published in this SKU's Tilda product gallery. Visual decor match, role beyond gallery association, quality and rights are not independently confirmed."
"MF-MAR-0058","Нирвана","Гибкий мрамор","https://marmixflex.ru/tproduct/1706353951-362184156311-nirvana","https://static.tildacdn.com/tild3236-3237-4532-b238-663561333466/314_original.png","unknown","NO","Tilda product UID/title match; exact source gallery association","RIGHTS UNKNOWN","NO","","7","5","NOT INDIVIDUALLY REVIEWED","NOT APPLICABLE — product-gallery asset; no project claim approved","Published in this SKU's Tilda product gallery. Visual decor match, role beyond gallery association, quality and rights are not independently confirmed."
"MF-MAR-0058","Нирвана","Гибкий мрамор","https://marmixflex.ru/tproduct/1706353951-362184156311-nirvana","https://static.tildacdn.com/tild3265-3865-4934-b666-393330343235/672_original.png","unknown","NO","Tilda product UID/title match; exact source gallery association","RIGHTS UNKNOWN","NO","","7","6","NOT INDIVIDUALLY REVIEWED","NOT APPLICABLE — product-gallery asset; no project claim approved","Published in this SKU's Tilda product gallery. Visual decor match, role beyond gallery association, quality and rights are not independently confirmed."
"MF-MAR-0058","Нирвана","Гибкий мрамор","https://marmixflex.ru/tproduct/1706353951-362184156311-nirvana","https://static.tildacdn.com/tild6434-6239-4539-b337-336238613537/948_original.png","unknown","NO","Tilda product UID/title match; exact source gallery association","RIGHTS UNKNOWN","NO","","7","7","NOT INDIVIDUALLY REVIEWED","NOT APPLICABLE — product-gallery asset; no project claim approved","Published in this SKU's Tilda product gallery. Visual decor match, role beyond gallery association, quality and rights are not independently confirmed."
"MF-MAR-0121","Обсидиан","Гибкий мрамор","https://marmixflex.ru/tproduct/1706353951-723219781801-obsidian","https://static.tildacdn.com/tild3466-3661-4638-b061-653734303564/Group_538.png","product_primary","YES","Tilda product UID/title match; exact source gallery association","RIGHTS UNKNOWN","NO","«Обсидиан» (MF-MAR-0121); confirm visually that this depicts the named decor before final alt.","3","1","NOT INDIVIDUALLY REVIEWED","NOT APPLICABLE — product-gallery asset; no project claim approved","Published in this SKU's Tilda product gallery. Visual decor match, role beyond gallery association, quality and rights are not independently confirmed."
"MF-MAR-0121","Обсидиан","Гибкий мрамор","https://marmixflex.ru/tproduct/1706353951-723219781801-obsidian","https://static.tildacdn.com/tild6361-6236-4162-a464-396462313539/Group_541.png","unknown","NO","Tilda product UID/title match; exact source gallery association","RIGHTS UNKNOWN","NO","","3","2","NOT INDIVIDUALLY REVIEWED","NOT APPLICABLE — product-gallery asset; no project claim approved","Published in this SKU's Tilda product gallery. Visual decor match, role beyond gallery association, quality and rights are not independently confirmed."
"MF-MAR-0121","Обсидиан","Гибкий мрамор","https://marmixflex.ru/tproduct/1706353951-723219781801-obsidian","https://static.tildacdn.com/stor3637-6434-4265-b237-643561663735/41223298.jpg","unknown","NO","Tilda product UID/title match; exact source gallery association","RIGHTS UNKNOWN","NO","","3","3","NOT INDIVIDUALLY REVIEWED","NOT APPLICABLE — product-gallery asset; no project claim approved","Published in this SKU's Tilda product gallery. Visual decor match, role beyond gallery association, quality and rights are not independently confirmed."
"MF-MAR-0107","Зеленый оникс","Гибкий мрамор","https://marmixflex.ru/tproduct/1706353951-656213354851-zelenii-oniks","https://static.tildacdn.com/tild6433-3361-4032-a236-306336306138/Group_542.png","product_primary","YES","Tilda product UID/title match; exact source gallery association","RIGHTS UNKNOWN","NO","«Зеленый оникс» (MF-MAR-0107); confirm visually that this depicts the named decor before final alt.","6","1","NOT INDIVIDUALLY REVIEWED","NOT APPLICABLE — product-gallery asset; no project claim approved","Published in this SKU's Tilda product gallery. Visual decor match, role beyond gallery association, quality and rights are not independently confirmed."
"MF-MAR-0107","Зеленый оникс","Гибкий мрамор","https://marmixflex.ru/tproduct/1706353951-656213354851-zelenii-oniks","https://static.tildacdn.com/tild3962-3433-4363-b735-373765396464/Group_545.png","unknown","NO","Tilda product UID/title match; exact source gallery association","RIGHTS UNKNOWN","NO","","6","2","NOT INDIVIDUALLY REVIEWED","NOT APPLICABLE — product-gallery asset; no project claim approved","Published in this SKU's Tilda product gallery. Visual decor match, role beyond gallery association, quality and rights are not independently confirmed."
"MF-MAR-0107","Зеленый оникс","Гибкий мрамор","https://marmixflex.ru/tproduct/1706353951-656213354851-zelenii-oniks","https://static.tildacdn.com/stor3830-6433-4532-a635-316463633035/22967121.jpg","unknown","NO","Tilda product UID/title match; exact source gallery association","RIGHTS UNKNOWN","NO","","6","3","NOT INDIVIDUALLY REVIEWED","NOT APPLICABLE — product-gallery asset; no project claim approved","Published in this SKU's Tilda product gallery. Visual decor match, role beyond gallery association, quality and rights are not independently confirmed."
"MF-MAR-0107","Зеленый оникс","Гибкий мрамор","https://marmixflex.ru/tproduct/1706353951-656213354851-zelenii-oniks","https://static.tildacdn.com/tild3634-3965-4430-b034-366664616532/810_original.png","unknown","NO","Tilda product UID/title match; exact source gallery association","RIGHTS UNKNOWN","NO","","6","4","NOT INDIVIDUALLY REVIEWED","NOT APPLICABLE — product-gallery asset; no project claim approved","Published in this SKU's Tilda product gallery. Visual decor match, role beyond gallery association, quality and rights are not independently confirmed."
"MF-MAR-0107","Зеленый оникс","Гибкий мрамор","https://marmixflex.ru/tproduct/1706353951-656213354851-zelenii-oniks","https://static.tildacdn.com/tild3163-3536-4933-b131-626238303332/944_original.png","unknown","NO","Tilda product UID/title match; exact source gallery association","RIGHTS UNKNOWN","NO","","6","5","NOT INDIVIDUALLY REVIEWED","NOT APPLICABLE — product-gallery asset; no project claim approved","Published in this SKU's Tilda product gallery. Visual decor match, role beyond gallery association, quality and rights are not independently confirmed."
"MF-MAR-0107","Зеленый оникс","Гибкий мрамор","https://marmixflex.ru/tproduct/1706353951-656213354851-zelenii-oniks","https://static.tildacdn.com/tild3230-3265-4062-b236-643533633062/Similux_Green_bookma.jpg","unknown","NO","Tilda product UID/title match; exact source gallery association","RIGHTS UNKNOWN","NO","","6","6","NOT INDIVIDUALLY REVIEWED","NOT APPLICABLE — product-gallery asset; no project claim approved","Published in this SKU's Tilda product gallery. Visual decor match, role beyond gallery association, quality and rights are not independently confirmed."
"MF-MAR-0056","Желтый оникс","Гибкий мрамор","https://marmixflex.ru/tproduct/1706353951-344979786601-zheltii-oniks","https://static.tildacdn.com/tild3265-6137-4466-b561-363864343261/Group_546.png","product_primary","YES","Tilda product UID/title match; exact source gallery association","RIGHTS UNKNOWN","NO","«Желтый оникс» (MF-MAR-0056); confirm visually that this depicts the named decor before final alt.","4","1","NOT INDIVIDUALLY REVIEWED","NOT APPLICABLE — product-gallery asset; no project claim approved","Published in this SKU's Tilda product gallery. Visual decor match, role beyond gallery association, quality and rights are not independently confirmed."
"MF-MAR-0056","Желтый оникс","Гибкий мрамор","https://marmixflex.ru/tproduct/1706353951-344979786601-zheltii-oniks","https://static.tildacdn.com/tild6265-6238-4530-b262-626137656335/Group_549.png","unknown","NO","Tilda product UID/title match; exact source gallery association","RIGHTS UNKNOWN","NO","","4","2","NOT INDIVIDUALLY REVIEWED","NOT APPLICABLE — product-gallery asset; no project claim approved","Published in this SKU's Tilda product gallery. Visual decor match, role beyond gallery association, quality and rights are not independently confirmed."
"MF-MAR-0056","Желтый оникс","Гибкий мрамор","https://marmixflex.ru/tproduct/1706353951-344979786601-zheltii-oniks","https://static.tildacdn.com/stor6638-6631-4164-a239-306463366534/29927447.jpg","unknown","NO","Tilda product UID/title match; exact source gallery association","RIGHTS UNKNOWN","NO","","4","3","NOT INDIVIDUALLY REVIEWED","NOT APPLICABLE — product-gallery asset; no project claim approved","Published in this SKU's Tilda product gallery. Visual decor match, role beyond gallery association, quality and rights are not independently confirmed."
"MF-MAR-0056","Желтый оникс","Гибкий мрамор","https://marmixflex.ru/tproduct/1706353951-344979786601-zheltii-oniks","https://static.tildacdn.com/tild3938-3839-4538-a436-373766373630/o5.jpeg","unknown","NO","Tilda product UID/title match; exact source gallery association","RIGHTS UNKNOWN","NO","","4","4","NOT INDIVIDUALLY REVIEWED","NOT APPLICABLE — product-gallery asset; no project claim approved","Published in this SKU's Tilda product gallery. Visual decor match, role beyond gallery association, quality and rights are not independently confirmed."
"MF-MAR-0160","Опал","Гибкий мрамор","https://marmixflex.ru/tproduct/1706353951-969452260051-opal","https://static.tildacdn.com/tild3237-3038-4730-a235-633830386531/Group_550.png","product_primary","YES","Tilda product UID/title match; exact source gallery association","RIGHTS UNKNOWN","NO","«Опал» (MF-MAR-0160); confirm visually that this depicts the named decor before final alt.","3","1","NOT INDIVIDUALLY REVIEWED","NOT APPLICABLE — product-gallery asset; no project claim approved","Published in this SKU's Tilda product gallery. Visual decor match, role beyond gallery association, quality and rights are not independently confirmed."
"MF-MAR-0160","Опал","Гибкий мрамор","https://marmixflex.ru/tproduct/1706353951-969452260051-opal","https://static.tildacdn.com/tild6464-3737-4164-b430-666364343361/Group_553.png","unknown","NO","Tilda product UID/title match; exact source gallery association","RIGHTS UNKNOWN","NO","","3","2","NOT INDIVIDUALLY REVIEWED","NOT APPLICABLE — product-gallery asset; no project claim approved","Published in this SKU's Tilda product gallery. Visual decor match, role beyond gallery association, quality and rights are not independently confirmed."
"MF-MAR-0160","Опал","Гибкий мрамор","https://marmixflex.ru/tproduct/1706353951-969452260051-opal","https://static.tildacdn.com/stor6537-6238-4937-b735-346261626335/89750394.jpg","unknown","NO","Tilda product UID/title match; exact source gallery association","RIGHTS UNKNOWN","NO","","3","3","NOT INDIVIDUALLY REVIEWED","NOT APPLICABLE — product-gallery asset; no project claim approved","Published in this SKU's Tilda product gallery. Visual decor match, role beyond gallery association, quality and rights are not independently confirmed."
"MF-MAR-0148","Палисандро","Гибкий мрамор","https://marmixflex.ru/tproduct/1706353951-880554699141-palisandro","https://static.tildacdn.com/tild6531-3863-4432-a162-653633396539/Group_554.png","product_primary","YES","Tilda product UID/title match; exact source gallery association","RIGHTS UNKNOWN","NO","«Палисандро» (MF-MAR-0148); confirm visually that this depicts the named decor before final alt.","3","1","NOT INDIVIDUALLY REVIEWED","NOT APPLICABLE — product-gallery asset; no project claim approved","Published in this SKU's Tilda product gallery. Visual decor match, role beyond gallery association, quality and rights are not independently confirmed."
"MF-MAR-0148","Палисандро","Гибкий мрамор","https://marmixflex.ru/tproduct/1706353951-880554699141-palisandro","https://static.tildacdn.com/tild3134-6533-4434-b830-643233376566/Group_557.png","unknown","NO","Tilda product UID/title match; exact source gallery association","RIGHTS UNKNOWN","NO","","3","2","NOT INDIVIDUALLY REVIEWED","NOT APPLICABLE — product-gallery asset; no project claim approved","Published in this SKU's Tilda product gallery. Visual decor match, role beyond gallery association, quality and rights are not independently confirmed."
"MF-MAR-0148","Палисандро","Гибкий мрамор","https://marmixflex.ru/tproduct/1706353951-880554699141-palisandro","https://static.tildacdn.com/stor6332-3235-4739-b031-643765646434/19301087.jpg","unknown","NO","Tilda product UID/title match; exact source gallery association","RIGHTS UNKNOWN","NO","","3","3","NOT INDIVIDUALLY REVIEWED","NOT APPLICABLE — product-gallery asset; no project claim approved","Published in this SKU's Tilda product gallery. Visual decor match, role beyond gallery association, quality and rights are not independently confirmed."
"MF-MAR-0044","Солидат","Гибкий мрамор","https://marmixflex.ru/tproduct/1706353951-304961450821-solidat","https://static.tildacdn.com/tild3066-3039-4466-b463-633835663839/Group_558.png","product_primary","YES","Tilda product UID/title match; exact source gallery association","RIGHTS UNKNOWN","NO","«Солидат» (MF-MAR-0044); confirm visually that this depicts the named decor before final alt.","3","1","NOT INDIVIDUALLY REVIEWED","NOT APPLICABLE — product-gallery asset; no project claim approved","Published in this SKU's Tilda product gallery. Visual decor match, role beyond gallery association, quality and rights are not independently confirmed."
"MF-MAR-0044","Солидат","Гибкий мрамор","https://marmixflex.ru/tproduct/1706353951-304961450821-solidat","https://static.tildacdn.com/tild3563-3233-4539-b732-643737663164/Group_561.png","unknown","NO","Tilda product UID/title match; exact source gallery association","RIGHTS UNKNOWN","NO","","3","2","NOT INDIVIDUALLY REVIEWED","NOT APPLICABLE — product-gallery asset; no project claim approved","Published in this SKU's Tilda product gallery. Visual decor match, role beyond gallery association, quality and rights are not independently confirmed."
"MF-MAR-0044","Солидат","Гибкий мрамор","https://marmixflex.ru/tproduct/1706353951-304961450821-solidat","https://static.tildacdn.com/stor6564-3236-4038-b036-393033383336/55730215.jpg","unknown","NO","Tilda product UID/title match; exact source gallery association","RIGHTS UNKNOWN","NO","","3","3","NOT INDIVIDUALLY REVIEWED","NOT APPLICABLE — product-gallery asset; no project claim approved","Published in this SKU's Tilda product gallery. Visual decor match, role beyond gallery association, quality and rights are not independently confirmed."
"MF-MAR-0143","Статуарио","Гибкий мрамор","https://marmixflex.ru/tproduct/1706353951-841249083041-statuario","https://static.tildacdn.com/tild3066-6432-4666-b065-653461306662/Group_562.png","product_primary","YES","Tilda product UID/title match; exact source gallery association","RIGHTS UNKNOWN","NO","«Статуарио» (MF-MAR-0143); confirm visually that this depicts the named decor before final alt.","6","1","NOT INDIVIDUALLY REVIEWED","NOT APPLICABLE — product-gallery asset; no project claim approved","Published in this SKU's Tilda product gallery. Visual decor match, role beyond gallery association, quality and rights are not independently confirmed."
"MF-MAR-0143","Статуарио","Гибкий мрамор","https://marmixflex.ru/tproduct/1706353951-841249083041-statuario","https://static.tildacdn.com/tild6636-6562-4462-b732-303966336230/Group_565.png","unknown","NO","Tilda product UID/title match; exact source gallery association","RIGHTS UNKNOWN","NO","","6","2","NOT INDIVIDUALLY REVIEWED","NOT APPLICABLE — product-gallery asset; no project claim approved","Published in this SKU's Tilda product gallery. Visual decor match, role beyond gallery association, quality and rights are not independently confirmed."
"MF-MAR-0143","Статуарио","Гибкий мрамор","https://marmixflex.ru/tproduct/1706353951-841249083041-statuario","https://static.tildacdn.com/stor6666-3835-4239-a635-656539326332/44949541.jpg","unknown","NO","Tilda product UID/title match; exact source gallery association","RIGHTS UNKNOWN","NO","","6","3","NOT INDIVIDUALLY REVIEWED","NOT APPLICABLE — product-gallery asset; no project claim approved","Published in this SKU's Tilda product gallery. Visual decor match, role beyond gallery association, quality and rights are not independently confirmed."
"MF-MAR-0143","Статуарио","Гибкий мрамор","https://marmixflex.ru/tproduct/1706353951-841249083041-statuario","https://static.tildacdn.com/tild3363-3336-4536-b031-373733323666/459_original.png","unknown","NO","Tilda product UID/title match; exact source gallery association","RIGHTS UNKNOWN","NO","","6","4","NOT INDIVIDUALLY REVIEWED","NOT APPLICABLE — product-gallery asset; no project claim approved","Published in this SKU's Tilda product gallery. Visual decor match, role beyond gallery association, quality and rights are not independently confirmed."
"MF-MAR-0143","Статуарио","Гибкий мрамор","https://marmixflex.ru/tproduct/1706353951-841249083041-statuario","https://static.tildacdn.com/tild3761-3734-4561-b635-336433626533/671_original.png","unknown","NO","Tilda product UID/title match; exact source gallery association","RIGHTS UNKNOWN","NO","","6","5","NOT INDIVIDUALLY REVIEWED","NOT APPLICABLE — product-gallery asset; no project claim approved","Published in this SKU's Tilda product gallery. Visual decor match, role beyond gallery association, quality and rights are not independently confirmed."
"MF-MAR-0143","Статуарио","Гибкий мрамор","https://marmixflex.ru/tproduct/1706353951-841249083041-statuario","https://static.tildacdn.com/tild3130-3463-4532-a230-313234336663/232_original.png","unknown","NO","Tilda product UID/title match; exact source gallery association","RIGHTS UNKNOWN","NO","","6","6","NOT INDIVIDUALLY REVIEWED","NOT APPLICABLE — product-gallery asset; no project claim approved","Published in this SKU's Tilda product gallery. Visual decor match, role beyond gallery association, quality and rights are not independently confirmed."
"MF-MAR-0092","Титан","Гибкий мрамор","https://marmixflex.ru/tproduct/1706353951-573726724421-titan","https://static.tildacdn.com/tild6130-3364-4236-a635-343434346234/Group_566.png","product_primary","YES","Tilda product UID/title match; exact source gallery association","RIGHTS UNKNOWN","NO","«Титан» (MF-MAR-0092); confirm visually that this depicts the named decor before final alt.","3","1","NOT INDIVIDUALLY REVIEWED","NOT APPLICABLE — product-gallery asset; no project claim approved","Published in this SKU's Tilda product gallery. Visual decor match, role beyond gallery association, quality and rights are not independently confirmed."
"MF-MAR-0092","Титан","Гибкий мрамор","https://marmixflex.ru/tproduct/1706353951-573726724421-titan","https://static.tildacdn.com/tild6362-3063-4531-a539-356335663839/Group_569.png","unknown","NO","Tilda product UID/title match; exact source gallery association","RIGHTS UNKNOWN","NO","","3","2","NOT INDIVIDUALLY REVIEWED","NOT APPLICABLE — product-gallery asset; no project claim approved","Published in this SKU's Tilda product gallery. Visual decor match, role beyond gallery association, quality and rights are not independently confirmed."
"MF-MAR-0092","Титан","Гибкий мрамор","https://marmixflex.ru/tproduct/1706353951-573726724421-titan","https://static.tildacdn.com/stor6535-3439-4332-a466-663665333332/52780220.jpg","unknown","NO","Tilda product UID/title match; exact source gallery association","RIGHTS UNKNOWN","NO","","3","3","NOT INDIVIDUALLY REVIEWED","NOT APPLICABLE — product-gallery asset; no project claim approved","Published in this SKU's Tilda product gallery. Visual decor match, role beyond gallery association, quality and rights are not independently confirmed."
"MF-MAR-0083","Турмалин","Гибкий мрамор","https://marmixflex.ru/tproduct/1706353951-521862914951-turmalin","https://static.tildacdn.com/tild3964-3637-4365-a631-353936623038/Group_570.png","product_primary","YES","Tilda product UID/title match; exact source gallery association","RIGHTS UNKNOWN","NO","«Турмалин» (MF-MAR-0083); confirm visually that this depicts the named decor before final alt.","3","1","NOT INDIVIDUALLY REVIEWED","NOT APPLICABLE — product-gallery asset; no project claim approved","Published in this SKU's Tilda product gallery. Visual decor match, role beyond gallery association, quality and rights are not independently confirmed."
"MF-MAR-0083","Турмалин","Гибкий мрамор","https://marmixflex.ru/tproduct/1706353951-521862914951-turmalin","https://static.tildacdn.com/tild3538-3765-4235-b166-316461346536/Group_574.png","unknown","NO","Tilda product UID/title match; exact source gallery association","RIGHTS UNKNOWN","NO","","3","2","NOT INDIVIDUALLY REVIEWED","NOT APPLICABLE — product-gallery asset; no project claim approved","Published in this SKU's Tilda product gallery. Visual decor match, role beyond gallery association, quality and rights are not independently confirmed."
"MF-MAR-0083","Турмалин","Гибкий мрамор","https://marmixflex.ru/tproduct/1706353951-521862914951-turmalin","https://static.tildacdn.com/stor3537-6166-4263-b735-666538653031/96120540.jpg","unknown","NO","Tilda product UID/title match; exact source gallery association","RIGHTS UNKNOWN","NO","","3","3","NOT INDIVIDUALLY REVIEWED","NOT APPLICABLE — product-gallery asset; no project claim approved","Published in this SKU's Tilda product gallery. Visual decor match, role beyond gallery association, quality and rights are not independently confirmed."
"MF-MAR-0015","Уральский самоцвет","Гибкий мрамор","https://marmixflex.ru/tproduct/1706353951-161819278021-uralskii-samotsvet","https://static.tildacdn.com/tild3930-3561-4262-b032-326537353139/Group_575.png","product_primary","YES","Tilda product UID/title match; exact source gallery association","RIGHTS UNKNOWN","NO","«Уральский самоцвет» (MF-MAR-0015); confirm visually that this depicts the named decor before final alt.","3","1","NOT INDIVIDUALLY REVIEWED","NOT APPLICABLE — product-gallery asset; no project claim approved","Published in this SKU's Tilda product gallery. Visual decor match, role beyond gallery association, quality and rights are not independently confirmed."
"MF-MAR-0015","Уральский самоцвет","Гибкий мрамор","https://marmixflex.ru/tproduct/1706353951-161819278021-uralskii-samotsvet","https://static.tildacdn.com/tild6439-3833-4364-a661-633263383265/Group_579.png","unknown","NO","Tilda product UID/title match; exact source gallery association","RIGHTS UNKNOWN","NO","","3","2","NOT INDIVIDUALLY REVIEWED","NOT APPLICABLE — product-gallery asset; no project claim approved","Published in this SKU's Tilda product gallery. Visual decor match, role beyond gallery association, quality and rights are not independently confirmed."
"MF-MAR-0015","Уральский самоцвет","Гибкий мрамор","https://marmixflex.ru/tproduct/1706353951-161819278021-uralskii-samotsvet","https://static.tildacdn.com/stor6138-6132-4264-b864-336439343630/48503699.jpg","unknown","NO","Tilda product UID/title match; exact source gallery association","RIGHTS UNKNOWN","NO","","3","3","NOT INDIVIDUALLY REVIEWED","NOT APPLICABLE — product-gallery asset; no project claim approved","Published in this SKU's Tilda product gallery. Visual decor match, role beyond gallery association, quality and rights are not independently confirmed."
"MF-MAR-0006","Циркон","Гибкий мрамор","https://marmixflex.ru/tproduct/1706353951-116357670261-tsirkon","https://static.tildacdn.com/tild6361-3538-4265-b866-636364633061/Group_580.png","product_primary","YES","Tilda product UID/title match; exact source gallery association","RIGHTS UNKNOWN","NO","«Циркон» (MF-MAR-0006); confirm visually that this depicts the named decor before final alt.","3","1","NOT INDIVIDUALLY REVIEWED","NOT APPLICABLE — product-gallery asset; no project claim approved","Published in this SKU's Tilda product gallery. Visual decor match, role beyond gallery association, quality and rights are not independently confirmed."
"MF-MAR-0006","Циркон","Гибкий мрамор","https://marmixflex.ru/tproduct/1706353951-116357670261-tsirkon","https://static.tildacdn.com/tild3665-3833-4263-b435-636361613066/Group_583.png","unknown","NO","Tilda product UID/title match; exact source gallery association","RIGHTS UNKNOWN","NO","","3","2","NOT INDIVIDUALLY REVIEWED","NOT APPLICABLE — product-gallery asset; no project claim approved","Published in this SKU's Tilda product gallery. Visual decor match, role beyond gallery association, quality and rights are not independently confirmed."
"MF-MAR-0006","Циркон","Гибкий мрамор","https://marmixflex.ru/tproduct/1706353951-116357670261-tsirkon","https://static.tildacdn.com/stor3232-6363-4333-a536-613265343436/11102459.jpg","unknown","NO","Tilda product UID/title match; exact source gallery association","RIGHTS UNKNOWN","NO","","3","3","NOT INDIVIDUALLY REVIEWED","NOT APPLICABLE — product-gallery asset; no project claim approved","Published in this SKU's Tilda product gallery. Visual decor match, role beyond gallery association, quality and rights are not independently confirmed."
"MF-MAR-0131","Златолит","Гибкий мрамор","https://marmixflex.ru/tproduct/1706353951-777774729301-zlatolit","https://static.tildacdn.com/tild6462-3164-4663-a266-643432376135/Group_584.png","product_primary","YES","Tilda product UID/title match; exact source gallery association","RIGHTS UNKNOWN","NO","«Златолит» (MF-MAR-0131); confirm visually that this depicts the named decor before final alt.","3","1","NOT INDIVIDUALLY REVIEWED","NOT APPLICABLE — product-gallery asset; no project claim approved","Published in this SKU's Tilda product gallery. Visual decor match, role beyond gallery association, quality and rights are not independently confirmed."
"MF-MAR-0131","Златолит","Гибкий мрамор","https://marmixflex.ru/tproduct/1706353951-777774729301-zlatolit","https://static.tildacdn.com/tild6266-3835-4763-a266-653439356438/Group_588.png","unknown","NO","Tilda product UID/title match; exact source gallery association","RIGHTS UNKNOWN","NO","","3","2","NOT INDIVIDUALLY REVIEWED","NOT APPLICABLE — product-gallery asset; no project claim approved","Published in this SKU's Tilda product gallery. Visual decor match, role beyond gallery association, quality and rights are not independently confirmed."
"MF-MAR-0131","Златолит","Гибкий мрамор","https://marmixflex.ru/tproduct/1706353951-777774729301-zlatolit","https://static.tildacdn.com/stor3833-3663-4430-b661-376565643761/82246167.jpg","unknown","NO","Tilda product UID/title match; exact source gallery association","RIGHTS UNKNOWN","NO","","3","3","NOT INDIVIDUALLY REVIEWED","NOT APPLICABLE — product-gallery asset; no project claim approved","Published in this SKU's Tilda product gallery. Visual decor match, role beyond gallery association, quality and rights are not independently confirmed."
"MF-BRD-0011","Доска 1","Гибкая доска","https://marmixflex.ru/tproduct/1706353951-692560429502-doska-1","https://static.tildacdn.com/stor3237-6530-4563-b430-626536643333/28d6d1308f61e97c440ec2e356c391f5.jpg","product_primary","YES","Tilda product UID/title match; exact source gallery association","RIGHTS UNKNOWN","NO","«Доска 1» (MF-BRD-0011); confirm visually that this depicts the named decor before final alt.","1","1","NOT INDIVIDUALLY REVIEWED","NOT APPLICABLE — product-gallery asset; no project claim approved","Published in this SKU's Tilda product gallery. Visual decor match, role beyond gallery association, quality and rights are not independently confirmed."
"MF-BRD-0010","Доска 2","Гибкая доска","https://marmixflex.ru/tproduct/1706353951-658831862442-doska-2","https://static.tildacdn.com/stor6437-6336-4731-b232-373839333861/0a971fa2a637c4c0f3fab8664faad8c4.jpg","product_primary","YES","Tilda product UID/title match; exact source gallery association","RIGHTS UNKNOWN","NO","«Доска 2» (MF-BRD-0010); confirm visually that this depicts the named decor before final alt.","1","1","NOT INDIVIDUALLY REVIEWED","NOT APPLICABLE — product-gallery asset; no project claim approved","Published in this SKU's Tilda product gallery. Visual decor match, role beyond gallery association, quality and rights are not independently confirmed."
"MF-BRD-0001","Доска 3","Гибкая доска","https://marmixflex.ru/tproduct/1706353951-103020232652-doska-3","https://static.tildacdn.com/stor3531-3430-4337-b264-383662613037/b7b11c55750007e146ea5da7a27e85d6.jpg","product_primary","YES","Tilda product UID/title match; exact source gallery association","RIGHTS UNKNOWN","NO","«Доска 3» (MF-BRD-0001); confirm visually that this depicts the named decor before final alt.","1","1","NOT INDIVIDUALLY REVIEWED","NOT APPLICABLE — product-gallery asset; no project claim approved","Published in this SKU's Tilda product gallery. Visual decor match, role beyond gallery association, quality and rights are not independently confirmed."
"MF-BRD-0004","Доска 4","Гибкая доска","https://marmixflex.ru/tproduct/1706353951-214889373772-doska-4","https://static.tildacdn.com/stor3730-6566-4537-a436-333433616635/12b8e8a7bbdce3896a33b973c6772c3e.jpg","product_primary","YES","Tilda product UID/title match; exact source gallery association","RIGHTS UNKNOWN","NO","«Доска 4» (MF-BRD-0004); confirm visually that this depicts the named decor before final alt.","1","1","NOT INDIVIDUALLY REVIEWED","NOT APPLICABLE — product-gallery asset; no project claim approved","Published in this SKU's Tilda product gallery. Visual decor match, role beyond gallery association, quality and rights are not independently confirmed."
"MF-BRD-0013","Доска 5","Гибкая доска","https://marmixflex.ru/tproduct/1706353951-720649332162-doska-5","https://static.tildacdn.com/stor3736-3765-4434-b332-386233303930/4f3d38bc5f53283e76ee581b2c53734d.jpg","product_primary","YES","Tilda product UID/title match; exact source gallery association","RIGHTS UNKNOWN","NO","«Доска 5» (MF-BRD-0013); confirm visually that this depicts the named decor before final alt.","1","1","NOT INDIVIDUALLY REVIEWED","NOT APPLICABLE — product-gallery asset; no project claim approved","Published in this SKU's Tilda product gallery. Visual decor match, role beyond gallery association, quality and rights are not independently confirmed."
"MF-BRD-0014","Доска 6","Гибкая доска","https://marmixflex.ru/tproduct/1706353951-962918344982-doska-6","https://static.tildacdn.com/stor6365-6636-4962-b964-343936393664/7cffc7f9edef3a421ea5ed47e5c9e188.jpg","product_primary","YES","Tilda product UID/title match; exact source gallery association","RIGHTS UNKNOWN","NO","«Доска 6» (MF-BRD-0014); confirm visually that this depicts the named decor before final alt.","1","1","NOT INDIVIDUALLY REVIEWED","NOT APPLICABLE — product-gallery asset; no project claim approved","Published in this SKU's Tilda product gallery. Visual decor match, role beyond gallery association, quality and rights are not independently confirmed."
"MF-BRD-0009","Доска 7","Гибкая доска","https://marmixflex.ru/tproduct/1706353951-600267836482-doska-7","https://static.tildacdn.com/stor3563-3666-4632-b961-643262313633/09aa3154f6d8d2584ef9c1a5c0dc1b40.jpg","product_primary","YES","Tilda product UID/title match; exact source gallery association","RIGHTS UNKNOWN","NO","«Доска 7» (MF-BRD-0009); confirm visually that this depicts the named decor before final alt.","1","1","NOT INDIVIDUALLY REVIEWED","NOT APPLICABLE — product-gallery asset; no project claim approved","Published in this SKU's Tilda product gallery. Visual decor match, role beyond gallery association, quality and rights are not independently confirmed."
"MF-BRD-0003","Доска 8 (инверсия)","Гибкая доска","https://marmixflex.ru/tproduct/1706353951-139958723692-doska-8-inversiya","https://static.tildacdn.com/stor6161-3038-4964-a562-626134643138/5c45c00cf5cab5e0c24c28701941c27a.jpg","product_primary","YES","Tilda product UID/title match; exact source gallery association","RIGHTS UNKNOWN","NO","«Доска 8 (инверсия)» (MF-BRD-0003); confirm visually that this depicts the named decor before final alt.","1","1","NOT INDIVIDUALLY REVIEWED","NOT APPLICABLE — product-gallery asset; no project claim approved","Published in this SKU's Tilda product gallery. Visual decor match, role beyond gallery association, quality and rights are not independently confirmed."
"MF-BRD-0007","Доска 8","Гибкая доска","https://marmixflex.ru/tproduct/1706353951-588331833592-doska-8","https://static.tildacdn.com/stor3139-3761-4339-b166-313330623664/30a53b3dde214e6f1bbfaaf7cd4e2f14.jpg","product_primary","YES","Tilda product UID/title match; exact source gallery association","RIGHTS UNKNOWN","NO","«Доска 8» (MF-BRD-0007); confirm visually that this depicts the named decor before final alt.","1","1","NOT INDIVIDUALLY REVIEWED","NOT APPLICABLE — product-gallery asset; no project claim approved","Published in this SKU's Tilda product gallery. Visual decor match, role beyond gallery association, quality and rights are not independently confirmed."
"MF-BRD-0005","Доска 9 (инверсия)","Гибкая доска","https://marmixflex.ru/tproduct/1706353951-408804392782-doska-9-inversiya","https://static.tildacdn.com/stor6337-6261-4838-a362-643433306332/a6cbcf3d5e741c58abb94c3c795c0ba9.jpg","product_primary","YES","Tilda product UID/title match; exact source gallery association","RIGHTS UNKNOWN","NO","«Доска 9 (инверсия)» (MF-BRD-0005); confirm visually that this depicts the named decor before final alt.","1","1","NOT INDIVIDUALLY REVIEWED","NOT APPLICABLE — product-gallery asset; no project claim approved","Published in this SKU's Tilda product gallery. Visual decor match, role beyond gallery association, quality and rights are not independently confirmed."
"MF-BRD-0012","Доска 9","Гибкая доска","https://marmixflex.ru/tproduct/1706353951-712572963012-doska-9","https://static.tildacdn.com/stor3161-6235-4665-b665-346366346363/68a59cb1d6a51cab2b38bb6f94c8ac4b.jpg","product_primary","YES","Tilda product UID/title match; exact source gallery association","RIGHTS UNKNOWN","NO","«Доска 9» (MF-BRD-0012); confirm visually that this depicts the named decor before final alt.","1","1","NOT INDIVIDUALLY REVIEWED","NOT APPLICABLE — product-gallery asset; no project claim approved","Published in this SKU's Tilda product gallery. Visual decor match, role beyond gallery association, quality and rights are not independently confirmed."
"MF-BRD-0008","Доска 10 (инверсия)","Гибкая доска","https://marmixflex.ru/tproduct/1706353951-596142871272-doska-10-inversiya","https://static.tildacdn.com/stor6532-3364-4761-b431-623135636661/1d1afcab42328e8cc0f0391553033b14.jpg","product_primary","YES","Tilda product UID/title match; exact source gallery association","RIGHTS UNKNOWN","NO","«Доска 10 (инверсия)» (MF-BRD-0008); confirm visually that this depicts the named decor before final alt.","1","1","NOT INDIVIDUALLY REVIEWED","NOT APPLICABLE — product-gallery asset; no project claim approved","Published in this SKU's Tilda product gallery. Visual decor match, role beyond gallery association, quality and rights are not independently confirmed."
"MF-BRD-0006","Доска 10","Гибкая доска","https://marmixflex.ru/tproduct/1706353951-426916158772-doska-10","https://static.tildacdn.com/stor6532-6230-4161-a161-313734643133/364b00f8e326762679ba98fcc7fa4615.jpg","product_primary","YES","Tilda product UID/title match; exact source gallery association","RIGHTS UNKNOWN","NO","«Доска 10» (MF-BRD-0006); confirm visually that this depicts the named decor before final alt.","1","1","NOT INDIVIDUALLY REVIEWED","NOT APPLICABLE — product-gallery asset; no project claim approved","Published in this SKU's Tilda product gallery. Visual decor match, role beyond gallery association, quality and rights are not independently confirmed."
"MF-BRD-0002","Доска Микс","Гибкая доска","https://marmixflex.ru/tproduct/1706353951-124045043222-doska-miks","https://static.tildacdn.com/stor3334-6565-4239-b732-353034393736/89ac7c2c396c120c7fbac60ffdc3d9d5.png","product_primary","YES","Tilda product UID/title match; exact source gallery association","RIGHTS UNKNOWN","NO","«Доска Микс» (MF-BRD-0002); confirm visually that this depicts the named decor before final alt.","2","1","NOT INDIVIDUALLY REVIEWED","NOT APPLICABLE — product-gallery asset; no project claim approved","Published in this SKU's Tilda product gallery. Visual decor match, role beyond gallery association, quality and rights are not independently confirmed."
"MF-BRD-0002","Доска Микс","Гибкая доска","https://marmixflex.ru/tproduct/1706353951-124045043222-doska-miks","https://static.tildacdn.com/stor3433-3835-4339-a336-623038643137/73eb7f82d6535752a168a23c7b2d5f71.png","unknown","NO","Tilda product UID/title match; exact source gallery association","RIGHTS UNKNOWN","NO","","2","2","NOT INDIVIDUALLY REVIEWED","NOT APPLICABLE — product-gallery asset; no project claim approved","Published in this SKU's Tilda product gallery. Visual decor match, role beyond gallery association, quality and rights are not independently confirmed."
"MF-CER-0014","Керамика 1","Гибкая керамика","https://marmixflex.ru/tproduct/1706353951-985632589252-keramika-1","https://static.tildacdn.com/stor3134-3337-4434-b966-653961316234/14135815903895c285a1bfaec95a1be4.png","product_primary","YES","Tilda product UID/title match; exact source gallery association","RIGHTS UNKNOWN","NO","«Керамика 1» (MF-CER-0014); confirm visually that this depicts the named decor before final alt.","3","1","NOT INDIVIDUALLY REVIEWED","NOT APPLICABLE — product-gallery asset; no project claim approved","Published in this SKU's Tilda product gallery. Visual decor match, role beyond gallery association, quality and rights are not independently confirmed."
"MF-CER-0014","Керамика 1","Гибкая керамика","https://marmixflex.ru/tproduct/1706353951-985632589252-keramika-1","https://static.tildacdn.com/stor3238-3730-4535-b137-343739643430/5452c3cc18099f97b03607cbb23ce450.png","unknown","NO","Tilda product UID/title match; exact source gallery association","RIGHTS UNKNOWN","NO","","3","2","NOT INDIVIDUALLY REVIEWED","NOT APPLICABLE — product-gallery asset; no project claim approved","Published in this SKU's Tilda product gallery. Visual decor match, role beyond gallery association, quality and rights are not independently confirmed."
"MF-CER-0014","Керамика 1","Гибкая керамика","https://marmixflex.ru/tproduct/1706353951-985632589252-keramika-1","https://static.tildacdn.com/stor6433-6330-4664-b036-323337653464/72b4f7547d755d979db470476501328f.png","unknown","NO","Tilda product UID/title match; exact source gallery association","RIGHTS UNKNOWN","NO","","3","3","NOT INDIVIDUALLY REVIEWED","NOT APPLICABLE — product-gallery asset; no project claim approved","Published in this SKU's Tilda product gallery. Visual decor match, role beyond gallery association, quality and rights are not independently confirmed."
"MF-CER-0008","Керамика 2","Гибкая керамика","https://marmixflex.ru/tproduct/1706353951-512814306602-keramika-2","https://static.tildacdn.com/stor6261-3262-4431-b432-373165383864/34b195a86da8abf48618d099535a7f0d.png","product_primary","YES","Tilda product UID/title match; exact source gallery association","RIGHTS UNKNOWN","NO","«Керамика 2» (MF-CER-0008); confirm visually that this depicts the named decor before final alt.","3","1","NOT INDIVIDUALLY REVIEWED","NOT APPLICABLE — product-gallery asset; no project claim approved","Published in this SKU's Tilda product gallery. Visual decor match, role beyond gallery association, quality and rights are not independently confirmed."
"MF-CER-0008","Керамика 2","Гибкая керамика","https://marmixflex.ru/tproduct/1706353951-512814306602-keramika-2","https://static.tildacdn.com/stor6162-3830-4465-a332-373231646565/00c8b6d1874e7ea3eb95a0c26edf00ae.png","unknown","NO","Tilda product UID/title match; exact source gallery association","RIGHTS UNKNOWN","NO","","3","2","NOT INDIVIDUALLY REVIEWED","NOT APPLICABLE — product-gallery asset; no project claim approved","Published in this SKU's Tilda product gallery. Visual decor match, role beyond gallery association, quality and rights are not independently confirmed."
"MF-CER-0008","Керамика 2","Гибкая керамика","https://marmixflex.ru/tproduct/1706353951-512814306602-keramika-2","https://static.tildacdn.com/stor3435-6135-4632-b663-393735643536/98f176b183cfbac99b46c057defcd261.png","unknown","NO","Tilda product UID/title match; exact source gallery association","RIGHTS UNKNOWN","NO","","3","3","NOT INDIVIDUALLY REVIEWED","NOT APPLICABLE — product-gallery asset; no project claim approved","Published in this SKU's Tilda product gallery. Visual decor match, role beyond gallery association, quality and rights are not independently confirmed."
"MF-CER-0004","Керамика 3","Гибкая керамика","https://marmixflex.ru/tproduct/1706353951-476946234012-keramika-3","https://static.tildacdn.com/stor6438-3235-4235-b933-373936346237/db47ee3a6d21f02ced5b91fa31edfbef.png","product_primary","YES","Tilda product UID/title match; exact source gallery association","RIGHTS UNKNOWN","NO","«Керамика 3» (MF-CER-0004); confirm visually that this depicts the named decor before final alt.","3","1","NOT INDIVIDUALLY REVIEWED","NOT APPLICABLE — product-gallery asset; no project claim approved","Published in this SKU's Tilda product gallery. Visual decor match, role beyond gallery association, quality and rights are not independently confirmed."
"MF-CER-0004","Керамика 3","Гибкая керамика","https://marmixflex.ru/tproduct/1706353951-476946234012-keramika-3","https://static.tildacdn.com/stor3362-6538-4563-b030-386130393135/3aa7d92cf18214900840d93c1424a97a.png","unknown","NO","Tilda product UID/title match; exact source gallery association","RIGHTS UNKNOWN","NO","","3","2","NOT INDIVIDUALLY REVIEWED","NOT APPLICABLE — product-gallery asset; no project claim approved","Published in this SKU's Tilda product gallery. Visual decor match, role beyond gallery association, quality and rights are not independently confirmed."
"MF-CER-0004","Керамика 3","Гибкая керамика","https://marmixflex.ru/tproduct/1706353951-476946234012-keramika-3","https://static.tildacdn.com/stor6463-3536-4036-b831-666131343765/facabffaf38d02693987157c79e06f08.png","unknown","NO","Tilda product UID/title match; exact source gallery association","RIGHTS UNKNOWN","NO","","3","3","NOT INDIVIDUALLY REVIEWED","NOT APPLICABLE — product-gallery asset; no project claim approved","Published in this SKU's Tilda product gallery. Visual decor match, role beyond gallery association, quality and rights are not independently confirmed."
"MF-CER-0011","Керамика 4","Гибкая керамика","https://marmixflex.ru/tproduct/1706353951-916715286062-keramika-4","https://static.tildacdn.com/stor3766-3733-4634-a662-343239623032/97b323f67306c7d6544c4961300dd928.png","product_primary","YES","Tilda product UID/title match; exact source gallery association","RIGHTS UNKNOWN","NO","«Керамика 4» (MF-CER-0011); confirm visually that this depicts the named decor before final alt.","3","1","NOT INDIVIDUALLY REVIEWED","NOT APPLICABLE — product-gallery asset; no project claim approved","Published in this SKU's Tilda product gallery. Visual decor match, role beyond gallery association, quality and rights are not independently confirmed."
"MF-CER-0011","Керамика 4","Гибкая керамика","https://marmixflex.ru/tproduct/1706353951-916715286062-keramika-4","https://static.tildacdn.com/stor3439-3330-4635-a264-333230306561/7bb700476714c457589e7702ad942d5a.png","unknown","NO","Tilda product UID/title match; exact source gallery association","RIGHTS UNKNOWN","NO","","3","2","NOT INDIVIDUALLY REVIEWED","NOT APPLICABLE — product-gallery asset; no project claim approved","Published in this SKU's Tilda product gallery. Visual decor match, role beyond gallery association, quality and rights are not independently confirmed."
"MF-CER-0011","Керамика 4","Гибкая керамика","https://marmixflex.ru/tproduct/1706353951-916715286062-keramika-4","https://static.tildacdn.com/stor3662-3039-4533-b266-396435636332/6009942814e5ad517c3d3bca2a879cc9.png","unknown","NO","Tilda product UID/title match; exact source gallery association","RIGHTS UNKNOWN","NO","","3","3","NOT INDIVIDUALLY REVIEWED","NOT APPLICABLE — product-gallery asset; no project claim approved","Published in this SKU's Tilda product gallery. Visual decor match, role beyond gallery association, quality and rights are not independently confirmed."
"MF-CER-0006","Керамика 5","Гибкая керамика","https://marmixflex.ru/tproduct/1706353951-485989999942-keramika-5","https://static.tildacdn.com/stor6166-6466-4766-a664-646561373165/d9c08d9d37adb1d02dd42468271cae72.png","product_primary","YES","Tilda product UID/title match; exact source gallery association","RIGHTS UNKNOWN","NO","«Керамика 5» (MF-CER-0006); confirm visually that this depicts the named decor before final alt.","3","1","NOT INDIVIDUALLY REVIEWED","NOT APPLICABLE — product-gallery asset; no project claim approved","Published in this SKU's Tilda product gallery. Visual decor match, role beyond gallery association, quality and rights are not independently confirmed."
"MF-CER-0006","Керамика 5","Гибкая керамика","https://marmixflex.ru/tproduct/1706353951-485989999942-keramika-5","https://static.tildacdn.com/stor3239-3433-4132-b666-363437303935/aaea7c565a8b5846ff3da03b07cb8221.png","unknown","NO","Tilda product UID/title match; exact source gallery association","RIGHTS UNKNOWN","NO","","3","2","NOT INDIVIDUALLY REVIEWED","NOT APPLICABLE — product-gallery asset; no project claim approved","Published in this SKU's Tilda product gallery. Visual decor match, role beyond gallery association, quality and rights are not independently confirmed."
"MF-CER-0006","Керамика 5","Гибкая керамика","https://marmixflex.ru/tproduct/1706353951-485989999942-keramika-5","https://static.tildacdn.com/stor3838-3437-4162-b761-393163653932/e41d23803bb1b868c191e86cba98589e.png","unknown","NO","Tilda product UID/title match; exact source gallery association","RIGHTS UNKNOWN","NO","","3","3","NOT INDIVIDUALLY REVIEWED","NOT APPLICABLE — product-gallery asset; no project claim approved","Published in this SKU's Tilda product gallery. Visual decor match, role beyond gallery association, quality and rights are not independently confirmed."
"MF-CER-0010","Керамика 6","Гибкая керамика","https://marmixflex.ru/tproduct/1706353951-854206719552-keramika-6","https://static.tildacdn.com/stor3531-6432-4763-b833-333263346164/64fac5385936971edb4e2c19cc1759e8.png","product_primary","YES","Tilda product UID/title match; exact source gallery association","RIGHTS UNKNOWN","NO","«Керамика 6» (MF-CER-0010); confirm visually that this depicts the named decor before final alt.","3","1","NOT INDIVIDUALLY REVIEWED","NOT APPLICABLE — product-gallery asset; no project claim approved","Published in this SKU's Tilda product gallery. Visual decor match, role beyond gallery association, quality and rights are not independently confirmed."
"MF-CER-0010","Керамика 6","Гибкая керамика","https://marmixflex.ru/tproduct/1706353951-854206719552-keramika-6","https://static.tildacdn.com/stor6437-6132-4162-b230-303038626530/c50dc84ca21b6ad135159b7a863156d1.png","unknown","NO","Tilda product UID/title match; exact source gallery association","RIGHTS UNKNOWN","NO","","3","2","NOT INDIVIDUALLY REVIEWED","NOT APPLICABLE — product-gallery asset; no project claim approved","Published in this SKU's Tilda product gallery. Visual decor match, role beyond gallery association, quality and rights are not independently confirmed."
"MF-CER-0010","Керамика 6","Гибкая керамика","https://marmixflex.ru/tproduct/1706353951-854206719552-keramika-6","https://static.tildacdn.com/stor6639-3633-4039-b965-393338653436/5ba22f6cdd6f03b6613b2351dec43a50.png","unknown","NO","Tilda product UID/title match; exact source gallery association","RIGHTS UNKNOWN","NO","","3","3","NOT INDIVIDUALLY REVIEWED","NOT APPLICABLE — product-gallery asset; no project claim approved","Published in this SKU's Tilda product gallery. Visual decor match, role beyond gallery association, quality and rights are not independently confirmed."
"MF-CER-0013","Керамика 7","Гибкая керамика","https://marmixflex.ru/tproduct/1706353951-935658697722-keramika-7","https://static.tildacdn.com/stor3361-3931-4863-b839-656135623130/4427372697b0d88de80300c131d0fd05.png","product_primary","YES","Tilda product UID/title match; exact source gallery association","RIGHTS UNKNOWN","NO","«Керамика 7» (MF-CER-0013); confirm visually that this depicts the named decor before final alt.","3","1","NOT INDIVIDUALLY REVIEWED","NOT APPLICABLE — product-gallery asset; no project claim approved","Published in this SKU's Tilda product gallery. Visual decor match, role beyond gallery association, quality and rights are not independently confirmed."
"MF-CER-0013","Керамика 7","Гибкая керамика","https://marmixflex.ru/tproduct/1706353951-935658697722-keramika-7","https://static.tildacdn.com/stor3936-6565-4234-b333-326233616365/91c2686fc55c8f4f1e27bea3dc0d6421.png","unknown","NO","Tilda product UID/title match; exact source gallery association","RIGHTS UNKNOWN","NO","","3","2","NOT INDIVIDUALLY REVIEWED","NOT APPLICABLE — product-gallery asset; no project claim approved","Published in this SKU's Tilda product gallery. Visual decor match, role beyond gallery association, quality and rights are not independently confirmed."
"MF-CER-0013","Керамика 7","Гибкая керамика","https://marmixflex.ru/tproduct/1706353951-935658697722-keramika-7","https://static.tildacdn.com/stor3337-6432-4961-b239-653663636135/e815fb8a35a4546fe369dd152d247c4c.png","unknown","NO","Tilda product UID/title match; exact source gallery association","RIGHTS UNKNOWN","NO","","3","3","NOT INDIVIDUALLY REVIEWED","NOT APPLICABLE — product-gallery asset; no project claim approved","Published in this SKU's Tilda product gallery. Visual decor match, role beyond gallery association, quality and rights are not independently confirmed."
"MF-CER-0003","Керамика 8","Гибкая керамика","https://marmixflex.ru/tproduct/1706353951-391773054632-keramika-8","https://static.tildacdn.com/stor6362-3964-4232-a665-636264623238/652e85fe20bc69eb040e642ad605e724.png","product_primary","YES","Tilda product UID/title match; exact source gallery association","RIGHTS UNKNOWN","NO","«Керамика 8» (MF-CER-0003); confirm visually that this depicts the named decor before final alt.","3","1","NOT INDIVIDUALLY REVIEWED","NOT APPLICABLE — product-gallery asset; no project claim approved","Published in this SKU's Tilda product gallery. Visual decor match, role beyond gallery association, quality and rights are not independently confirmed."
"MF-CER-0003","Керамика 8","Гибкая керамика","https://marmixflex.ru/tproduct/1706353951-391773054632-keramika-8","https://static.tildacdn.com/stor6436-6631-4265-b432-323965366463/17f2c1175198b05cf393ddf43cc0d3d5.png","unknown","NO","Tilda product UID/title match; exact source gallery association","RIGHTS UNKNOWN","NO","","3","2","NOT INDIVIDUALLY REVIEWED","NOT APPLICABLE — product-gallery asset; no project claim approved","Published in this SKU's Tilda product gallery. Visual decor match, role beyond gallery association, quality and rights are not independently confirmed."
"MF-CER-0003","Керамика 8","Гибкая керамика","https://marmixflex.ru/tproduct/1706353951-391773054632-keramika-8","https://static.tildacdn.com/stor6363-3034-4363-b034-323737643166/ae9aba62724ddc0730e4b5477a7a2132.png","unknown","NO","Tilda product UID/title match; exact source gallery association","RIGHTS UNKNOWN","NO","","3","3","NOT INDIVIDUALLY REVIEWED","NOT APPLICABLE — product-gallery asset; no project claim approved","Published in this SKU's Tilda product gallery. Visual decor match, role beyond gallery association, quality and rights are not independently confirmed."
"MF-CER-0012","Керамика 9","Гибкая керамика","https://marmixflex.ru/tproduct/1706353951-925456679772-keramika-9","https://static.tildacdn.com/stor6464-3033-4830-a137-373836396562/71daea65bf1067620ab3e15ce135add3.png","product_primary","YES","Tilda product UID/title match; exact source gallery association","RIGHTS UNKNOWN","NO","«Керамика 9» (MF-CER-0012); confirm visually that this depicts the named decor before final alt.","3","1","NOT INDIVIDUALLY REVIEWED","NOT APPLICABLE — product-gallery asset; no project claim approved","Published in this SKU's Tilda product gallery. Visual decor match, role beyond gallery association, quality and rights are not independently confirmed."
"MF-CER-0012","Керамика 9","Гибкая керамика","https://marmixflex.ru/tproduct/1706353951-925456679772-keramika-9","https://static.tildacdn.com/stor3931-6639-4833-b432-363833626666/cebb753a130cc2549e227d623621e934.png","unknown","NO","Tilda product UID/title match; exact source gallery association","RIGHTS UNKNOWN","NO","","3","2","NOT INDIVIDUALLY REVIEWED","NOT APPLICABLE — product-gallery asset; no project claim approved","Published in this SKU's Tilda product gallery. Visual decor match, role beyond gallery association, quality and rights are not independently confirmed."
"MF-CER-0012","Керамика 9","Гибкая керамика","https://marmixflex.ru/tproduct/1706353951-925456679772-keramika-9","https://static.tildacdn.com/stor6633-3331-4930-b033-393966326132/358afb5cb69c536061669c51b9f0c255.png","unknown","NO","Tilda product UID/title match; exact source gallery association","RIGHTS UNKNOWN","NO","","3","3","NOT INDIVIDUALLY REVIEWED","NOT APPLICABLE — product-gallery asset; no project claim approved","Published in this SKU's Tilda product gallery. Visual decor match, role beyond gallery association, quality and rights are not independently confirmed."
"MF-CER-0001","Керамика 10","Гибкая керамика","https://marmixflex.ru/tproduct/1706353951-158469592532-keramika-10","https://static.tildacdn.com/stor6663-3362-4432-b065-393035623163/a787d4b8ae381c5841e7bce376b282c5.png","product_primary","YES","Tilda product UID/title match; exact source gallery association","RIGHTS UNKNOWN","NO","«Керамика 10» (MF-CER-0001); confirm visually that this depicts the named decor before final alt.","3","1","NOT INDIVIDUALLY REVIEWED","NOT APPLICABLE — product-gallery asset; no project claim approved","Published in this SKU's Tilda product gallery. Visual decor match, role beyond gallery association, quality and rights are not independently confirmed."
"MF-CER-0001","Керамика 10","Гибкая керамика","https://marmixflex.ru/tproduct/1706353951-158469592532-keramika-10","https://static.tildacdn.com/stor6332-6664-4433-b464-303935396531/56b952963961500ad7d1deb0dad9ec1b.png","unknown","NO","Tilda product UID/title match; exact source gallery association","RIGHTS UNKNOWN","NO","","3","2","NOT INDIVIDUALLY REVIEWED","NOT APPLICABLE — product-gallery asset; no project claim approved","Published in this SKU's Tilda product gallery. Visual decor match, role beyond gallery association, quality and rights are not independently confirmed."
"MF-CER-0001","Керамика 10","Гибкая керамика","https://marmixflex.ru/tproduct/1706353951-158469592532-keramika-10","https://static.tildacdn.com/stor6562-6362-4333-a630-646138326133/e5de0a8fcf319e0cf9ca1ffca3f63dae.png","unknown","NO","Tilda product UID/title match; exact source gallery association","RIGHTS UNKNOWN","NO","","3","3","NOT INDIVIDUALLY REVIEWED","NOT APPLICABLE — product-gallery asset; no project claim approved","Published in this SKU's Tilda product gallery. Visual decor match, role beyond gallery association, quality and rights are not independently confirmed."
"MF-CER-0005","Керамика 11","Гибкая керамика","https://marmixflex.ru/tproduct/1706353951-480800423362-keramika-11","https://static.tildacdn.com/stor6632-3833-4536-a232-306535653961/09242f4df6ebe178e20e582e9c620286.png","product_primary","YES","Tilda product UID/title match; exact source gallery association","RIGHTS UNKNOWN","NO","«Керамика 11» (MF-CER-0005); confirm visually that this depicts the named decor before final alt.","3","1","NOT INDIVIDUALLY REVIEWED","NOT APPLICABLE — product-gallery asset; no project claim approved","Published in this SKU's Tilda product gallery. Visual decor match, role beyond gallery association, quality and rights are not independently confirmed."
"MF-CER-0005","Керамика 11","Гибкая керамика","https://marmixflex.ru/tproduct/1706353951-480800423362-keramika-11","https://static.tildacdn.com/stor3661-3065-4434-b566-616262646664/8be619427f7235b5571d033ca31be7dc.png","unknown","NO","Tilda product UID/title match; exact source gallery association","RIGHTS UNKNOWN","NO","","3","2","NOT INDIVIDUALLY REVIEWED","NOT APPLICABLE — product-gallery asset; no project claim approved","Published in this SKU's Tilda product gallery. Visual decor match, role beyond gallery association, quality and rights are not independently confirmed."
"MF-CER-0005","Керамика 11","Гибкая керамика","https://marmixflex.ru/tproduct/1706353951-480800423362-keramika-11","https://static.tildacdn.com/stor6531-3730-4534-b539-326637666339/61fe74c1bc6b8a9c1238bd0b08bf8163.png","unknown","NO","Tilda product UID/title match; exact source gallery association","RIGHTS UNKNOWN","NO","","3","3","NOT INDIVIDUALLY REVIEWED","NOT APPLICABLE — product-gallery asset; no project claim approved","Published in this SKU's Tilda product gallery. Visual decor match, role beyond gallery association, quality and rights are not independently confirmed."
"MF-CER-0009","Керамика 12","Гибкая керамика","https://marmixflex.ru/tproduct/1706353951-771866018822-keramika-12","https://static.tildacdn.com/stor3061-3832-4936-a465-396137306538/5e1d290556dd44ab88ce6434050f34bd.png","product_primary","YES","Tilda product UID/title match; exact source gallery association","RIGHTS UNKNOWN","NO","«Керамика 12» (MF-CER-0009); confirm visually that this depicts the named decor before final alt.","3","1","NOT INDIVIDUALLY REVIEWED","NOT APPLICABLE — product-gallery asset; no project claim approved","Published in this SKU's Tilda product gallery. Visual decor match, role beyond gallery association, quality and rights are not independently confirmed."
"MF-CER-0009","Керамика 12","Гибкая керамика","https://marmixflex.ru/tproduct/1706353951-771866018822-keramika-12","https://static.tildacdn.com/stor3533-6163-4037-a438-376364363838/32d6672f61edc066ce599e4accc11cab.png","unknown","NO","Tilda product UID/title match; exact source gallery association","RIGHTS UNKNOWN","NO","","3","2","NOT INDIVIDUALLY REVIEWED","NOT APPLICABLE — product-gallery asset; no project claim approved","Published in this SKU's Tilda product gallery. Visual decor match, role beyond gallery association, quality and rights are not independently confirmed."
"MF-CER-0009","Керамика 12","Гибкая керамика","https://marmixflex.ru/tproduct/1706353951-771866018822-keramika-12","https://static.tildacdn.com/stor3831-3162-4666-a631-613462343735/ad504bd56d0dc679d3a5ef76fbb4b99a.png","unknown","NO","Tilda product UID/title match; exact source gallery association","RIGHTS UNKNOWN","NO","","3","3","NOT INDIVIDUALLY REVIEWED","NOT APPLICABLE — product-gallery asset; no project claim approved","Published in this SKU's Tilda product gallery. Visual decor match, role beyond gallery association, quality and rights are not independently confirmed."
"MF-CER-0002","Керамика 13","Гибкая керамика","https://marmixflex.ru/tproduct/1706353951-190801713392-keramika-13","https://static.tildacdn.com/stor3035-3462-4636-a562-383136316161/79f4f9db13395473466b7abfb84a9dc5.png","product_primary","YES","Tilda product UID/title match; exact source gallery association","RIGHTS UNKNOWN","NO","«Керамика 13» (MF-CER-0002); confirm visually that this depicts the named decor before final alt.","3","1","NOT INDIVIDUALLY REVIEWED","NOT APPLICABLE — product-gallery asset; no project claim approved","Published in this SKU's Tilda product gallery. Visual decor match, role beyond gallery association, quality and rights are not independently confirmed."
"MF-CER-0002","Керамика 13","Гибкая керамика","https://marmixflex.ru/tproduct/1706353951-190801713392-keramika-13","https://static.tildacdn.com/stor3362-6333-4564-a231-646333663839/641a46b73be51c6ce08102ee1d8ac67a.png","unknown","NO","Tilda product UID/title match; exact source gallery association","RIGHTS UNKNOWN","NO","","3","2","NOT INDIVIDUALLY REVIEWED","NOT APPLICABLE — product-gallery asset; no project claim approved","Published in this SKU's Tilda product gallery. Visual decor match, role beyond gallery association, quality and rights are not independently confirmed."
"MF-CER-0002","Керамика 13","Гибкая керамика","https://marmixflex.ru/tproduct/1706353951-190801713392-keramika-13","https://static.tildacdn.com/stor3764-3635-4263-b664-336236386565/19ef0d11c2386f6a09b1f9b1254b5459.png","unknown","NO","Tilda product UID/title match; exact source gallery association","RIGHTS UNKNOWN","NO","","3","3","NOT INDIVIDUALLY REVIEWED","NOT APPLICABLE — product-gallery asset; no project claim approved","Published in this SKU's Tilda product gallery. Visual decor match, role beyond gallery association, quality and rights are not independently confirmed."
"MF-CER-0007","Керамика 14","Гибкая керамика","https://marmixflex.ru/tproduct/1706353951-491045034702-keramika-14","https://static.tildacdn.com/stor3465-3431-4037-b036-656436303937/a1c5ba6dc974c4abc8b247f12552ee03.png","product_primary","YES","Tilda product UID/title match; exact source gallery association","RIGHTS UNKNOWN","NO","«Керамика 14» (MF-CER-0007); confirm visually that this depicts the named decor before final alt.","3","1","NOT INDIVIDUALLY REVIEWED","NOT APPLICABLE — product-gallery asset; no project claim approved","Published in this SKU's Tilda product gallery. Visual decor match, role beyond gallery association, quality and rights are not independently confirmed."
"MF-CER-0007","Керамика 14","Гибкая керамика","https://marmixflex.ru/tproduct/1706353951-491045034702-keramika-14","https://static.tildacdn.com/stor6161-3161-4438-a264-346534613561/9a9e57b9853a812f9d85f4f0a3452fed.png","unknown","NO","Tilda product UID/title match; exact source gallery association","RIGHTS UNKNOWN","NO","","3","2","NOT INDIVIDUALLY REVIEWED","NOT APPLICABLE — product-gallery asset; no project claim approved","Published in this SKU's Tilda product gallery. Visual decor match, role beyond gallery association, quality and rights are not independently confirmed."
"MF-CER-0007","Керамика 14","Гибкая керамика","https://marmixflex.ru/tproduct/1706353951-491045034702-keramika-14","https://static.tildacdn.com/stor3364-3431-4034-b332-326330386234/637d40164f014f7ede8bf9c82704eab6.png","unknown","NO","Tilda product UID/title match; exact source gallery association","RIGHTS UNKNOWN","NO","","3","3","NOT INDIVIDUALLY REVIEWED","NOT APPLICABLE — product-gallery asset; no project claim approved","Published in this SKU's Tilda product gallery. Visual decor match, role beyond gallery association, quality and rights are not independently confirmed."
"MF-TRV-0007","Травертин 1 дот","Травертин","https://marmixflex.ru/tproduct/1706353951-597127192572-travertin-1-dot","https://static.tildacdn.com/stor3435-6564-4132-b235-396633326631/e472daf3a70c6ef4ace35c321afbee16.png","unknown","NO","SHARED FIRST image among 2 SKU pages; primary identity ambiguous","RIGHTS UNKNOWN","NO","","3","1","NOT INDIVIDUALLY REVIEWED","NOT APPLICABLE — product-gallery asset; no project claim approved","Same first-image URL is used as primary on multiple distinct SKUs. Do not assign as SKU-specific primary until owner confirms mapping or provides replacements."
"MF-TRV-0007","Травертин 1 дот","Травертин","https://marmixflex.ru/tproduct/1706353951-597127192572-travertin-1-dot","https://static.tildacdn.com/stor6237-3964-4633-b362-666238306537/18ad4cbfce68ac2ac8f70efe409f8832.png","unknown","NO","Tilda product UID/title match; exact source gallery association","RIGHTS UNKNOWN","NO","","3","2","NOT INDIVIDUALLY REVIEWED","NOT APPLICABLE — product-gallery asset; no project claim approved","Published in this SKU's Tilda product gallery. Visual decor match, role beyond gallery association, quality and rights are not independently confirmed."
"MF-TRV-0007","Травертин 1 дот","Травертин","https://marmixflex.ru/tproduct/1706353951-597127192572-travertin-1-dot","https://static.tildacdn.com/stor6161-3363-4432-b061-373166373666/72ab90e16e7b54d1775270acb7f94828.png","unknown","NO","Tilda product UID/title match; exact source gallery association","RIGHTS UNKNOWN","NO","","3","3","NOT INDIVIDUALLY REVIEWED","NOT APPLICABLE — product-gallery asset; no project claim approved","Published in this SKU's Tilda product gallery. Visual decor match, role beyond gallery association, quality and rights are not independently confirmed."
"MF-TRV-0003","Травертин 1","Травертин","https://marmixflex.ru/tproduct/1706353951-427830068562-travertin-1","https://static.tildacdn.com/stor3435-6564-4132-b235-396633326631/e472daf3a70c6ef4ace35c321afbee16.png","unknown","NO","SHARED FIRST image among 2 SKU pages; primary identity ambiguous","RIGHTS UNKNOWN","NO","","1","1","NOT INDIVIDUALLY REVIEWED","NOT APPLICABLE — product-gallery asset; no project claim approved","Same first-image URL is used as primary on multiple distinct SKUs. Do not assign as SKU-specific primary until owner confirms mapping or provides replacements."
"MF-TRV-0004","Травертин 2 дот","Травертин","https://marmixflex.ru/tproduct/1706353951-490901027512-travertin-2-dot","https://static.tildacdn.com/stor6134-3134-4566-b231-326439333936/007cd72f7a4cde4516d83c993a78971a.png","unknown","NO","SHARED FIRST image among 2 SKU pages; primary identity ambiguous","RIGHTS UNKNOWN","NO","","3","1","NOT INDIVIDUALLY REVIEWED","NOT APPLICABLE — product-gallery asset; no project claim approved","Same first-image URL is used as primary on multiple distinct SKUs. Do not assign as SKU-specific primary until owner confirms mapping or provides replacements."
"MF-TRV-0004","Травертин 2 дот","Травертин","https://marmixflex.ru/tproduct/1706353951-490901027512-travertin-2-dot","https://static.tildacdn.com/stor6333-3432-4933-a533-366634353365/28d7ad3092969d6a9a350f5b96a4ec05.png","unknown","NO","Tilda product UID/title match; exact source gallery association","RIGHTS UNKNOWN","NO","","3","2","NOT INDIVIDUALLY REVIEWED","NOT APPLICABLE — product-gallery asset; no project claim approved","Published in this SKU's Tilda product gallery. Visual decor match, role beyond gallery association, quality and rights are not independently confirmed."
"MF-TRV-0004","Травертин 2 дот","Травертин","https://marmixflex.ru/tproduct/1706353951-490901027512-travertin-2-dot","https://static.tildacdn.com/stor6137-3465-4662-b965-303039666565/188f4f6855cbbafb3acbe93f099bb843.png","unknown","NO","Tilda product UID/title match; exact source gallery association","RIGHTS UNKNOWN","NO","","3","3","NOT INDIVIDUALLY REVIEWED","NOT APPLICABLE — product-gallery asset; no project claim approved","Published in this SKU's Tilda product gallery. Visual decor match, role beyond gallery association, quality and rights are not independently confirmed."
"MF-TRV-0011","Травертин 2","Травертин","https://marmixflex.ru/tproduct/1706353951-845139518202-travertin-2","https://static.tildacdn.com/stor6134-3134-4566-b231-326439333936/007cd72f7a4cde4516d83c993a78971a.png","unknown","NO","SHARED FIRST image among 2 SKU pages; primary identity ambiguous","RIGHTS UNKNOWN","NO","","1","1","NOT INDIVIDUALLY REVIEWED","NOT APPLICABLE — product-gallery asset; no project claim approved","Same first-image URL is used as primary on multiple distinct SKUs. Do not assign as SKU-specific primary until owner confirms mapping or provides replacements."
"MF-TRV-0012","Травертин 3 дот","Травертин","https://marmixflex.ru/tproduct/1706353951-913278452082-travertin-3-dot","https://static.tildacdn.com/stor3566-6134-4161-b562-616631366336/8654122eb79dc080c4fb406f8d2b166b.png","unknown","NO","SHARED FIRST image among 2 SKU pages; primary identity ambiguous","RIGHTS UNKNOWN","NO","","3","1","NOT INDIVIDUALLY REVIEWED","NOT APPLICABLE — product-gallery asset; no project claim approved","Same first-image URL is used as primary on multiple distinct SKUs. Do not assign as SKU-specific primary until owner confirms mapping or provides replacements."
"MF-TRV-0012","Травертин 3 дот","Травертин","https://marmixflex.ru/tproduct/1706353951-913278452082-travertin-3-dot","https://static.tildacdn.com/stor3136-6164-4265-a536-653637313137/5e5475c10455dae02d5390e8f8b7c749.png","unknown","NO","Tilda product UID/title match; exact source gallery association","RIGHTS UNKNOWN","NO","","3","2","NOT INDIVIDUALLY REVIEWED","NOT APPLICABLE — product-gallery asset; no project claim approved","Published in this SKU's Tilda product gallery. Visual decor match, role beyond gallery association, quality and rights are not independently confirmed."
"MF-TRV-0012","Травертин 3 дот","Травертин","https://marmixflex.ru/tproduct/1706353951-913278452082-travertin-3-dot","https://static.tildacdn.com/stor3934-3130-4662-b566-623538343463/e6468dd08e46be462a2b59a2617a0c7c.png","unknown","NO","Tilda product UID/title match; exact source gallery association","RIGHTS UNKNOWN","NO","","3","3","NOT INDIVIDUALLY REVIEWED","NOT APPLICABLE — product-gallery asset; no project claim approved","Published in this SKU's Tilda product gallery. Visual decor match, role beyond gallery association, quality and rights are not independently confirmed."
"MF-TRV-0002","Травертин 3","Травертин","https://marmixflex.ru/tproduct/1706353951-349922005272-travertin-3","https://static.tildacdn.com/stor3566-6134-4161-b562-616631366336/8654122eb79dc080c4fb406f8d2b166b.png","unknown","NO","SHARED FIRST image among 2 SKU pages; primary identity ambiguous","RIGHTS UNKNOWN","NO","","1","1","NOT INDIVIDUALLY REVIEWED","NOT APPLICABLE — product-gallery asset; no project claim approved","Same first-image URL is used as primary on multiple distinct SKUs. Do not assign as SKU-specific primary until owner confirms mapping or provides replacements."
"MF-TRV-0001","Травертин 4 дот","Травертин","https://marmixflex.ru/tproduct/1706353951-154470938392-travertin-4-dot","https://static.tildacdn.com/stor6436-3232-4432-b461-663933636366/343b8807b4852fef4fba54611f4480a5.png","unknown","NO","SHARED FIRST image among 2 SKU pages; primary identity ambiguous","RIGHTS UNKNOWN","NO","","3","1","NOT INDIVIDUALLY REVIEWED","NOT APPLICABLE — product-gallery asset; no project claim approved","Same first-image URL is used as primary on multiple distinct SKUs. Do not assign as SKU-specific primary until owner confirms mapping or provides replacements."
"MF-TRV-0001","Травертин 4 дот","Травертин","https://marmixflex.ru/tproduct/1706353951-154470938392-travertin-4-dot","https://static.tildacdn.com/stor3064-3766-4262-a564-306131376565/a88d48eb4cc340e617f8fbdf99551ccd.png","unknown","NO","Tilda product UID/title match; exact source gallery association","RIGHTS UNKNOWN","NO","","3","2","NOT INDIVIDUALLY REVIEWED","NOT APPLICABLE — product-gallery asset; no project claim approved","Published in this SKU's Tilda product gallery. Visual decor match, role beyond gallery association, quality and rights are not independently confirmed."
"MF-TRV-0001","Травертин 4 дот","Травертин","https://marmixflex.ru/tproduct/1706353951-154470938392-travertin-4-dot","https://static.tildacdn.com/stor6530-3130-4437-b931-383765326661/47c7445061afb81a44f293c06345a4d8.png","unknown","NO","Tilda product UID/title match; exact source gallery association","RIGHTS UNKNOWN","NO","","3","3","NOT INDIVIDUALLY REVIEWED","NOT APPLICABLE — product-gallery asset; no project claim approved","Published in this SKU's Tilda product gallery. Visual decor match, role beyond gallery association, quality and rights are not independently confirmed."
"MF-TRV-0006","Травертин 4","Травертин","https://marmixflex.ru/tproduct/1706353951-592270310562-travertin-4","https://static.tildacdn.com/stor6436-3232-4432-b461-663933636366/343b8807b4852fef4fba54611f4480a5.png","unknown","NO","SHARED FIRST image among 2 SKU pages; primary identity ambiguous","RIGHTS UNKNOWN","NO","","1","1","NOT INDIVIDUALLY REVIEWED","NOT APPLICABLE — product-gallery asset; no project claim approved","Same first-image URL is used as primary on multiple distinct SKUs. Do not assign as SKU-specific primary until owner confirms mapping or provides replacements."
"MF-TRV-0010","Травертин 5 дот","Травертин","https://marmixflex.ru/tproduct/1706353951-810289649572-travertin-5-dot","https://static.tildacdn.com/stor3966-3939-4132-b830-323638366464/65537a842d7e233cf9bc694642f3ad28.png","unknown","NO","SHARED FIRST image among 2 SKU pages; primary identity ambiguous","RIGHTS UNKNOWN","NO","","3","1","NOT INDIVIDUALLY REVIEWED","NOT APPLICABLE — product-gallery asset; no project claim approved","Same first-image URL is used as primary on multiple distinct SKUs. Do not assign as SKU-specific primary until owner confirms mapping or provides replacements."
"MF-TRV-0010","Травертин 5 дот","Травертин","https://marmixflex.ru/tproduct/1706353951-810289649572-travertin-5-dot","https://static.tildacdn.com/stor6461-6638-4164-b231-333262316666/ce6a92e0fd30a567ae239b12ac956db4.png","unknown","NO","Tilda product UID/title match; exact source gallery association","RIGHTS UNKNOWN","NO","","3","2","NOT INDIVIDUALLY REVIEWED","NOT APPLICABLE — product-gallery asset; no project claim approved","Published in this SKU's Tilda product gallery. Visual decor match, role beyond gallery association, quality and rights are not independently confirmed."
"MF-TRV-0010","Травертин 5 дот","Травертин","https://marmixflex.ru/tproduct/1706353951-810289649572-travertin-5-dot","https://static.tildacdn.com/stor3538-6234-4634-b636-336334313635/4f7e5db83c18250c83de7370abf69454.png","unknown","NO","Tilda product UID/title match; exact source gallery association","RIGHTS UNKNOWN","NO","","3","3","NOT INDIVIDUALLY REVIEWED","NOT APPLICABLE — product-gallery asset; no project claim approved","Published in this SKU's Tilda product gallery. Visual decor match, role beyond gallery association, quality and rights are not independently confirmed."
"MF-TRV-0005","Травертин 5","Травертин","https://marmixflex.ru/tproduct/1706353951-577161667402-travertin-5","https://static.tildacdn.com/stor3966-3939-4132-b830-323638366464/65537a842d7e233cf9bc694642f3ad28.png","unknown","NO","SHARED FIRST image among 2 SKU pages; primary identity ambiguous","RIGHTS UNKNOWN","NO","","1","1","NOT INDIVIDUALLY REVIEWED","NOT APPLICABLE — product-gallery asset; no project claim approved","Same first-image URL is used as primary on multiple distinct SKUs. Do not assign as SKU-specific primary until owner confirms mapping or provides replacements."
"MF-TRV-0008","Травертин 6 дот","Травертин","https://marmixflex.ru/tproduct/1706353951-697053188552-travertin-6-dot","https://static.tildacdn.com/stor3862-6263-4234-b032-633831623133/46b167082e5bcbfac20ef2ed7fd79fb4.png","unknown","NO","SHARED FIRST image among 2 SKU pages; primary identity ambiguous","RIGHTS UNKNOWN","NO","","3","1","NOT INDIVIDUALLY REVIEWED","NOT APPLICABLE — product-gallery asset; no project claim approved","Same first-image URL is used as primary on multiple distinct SKUs. Do not assign as SKU-specific primary until owner confirms mapping or provides replacements."
"MF-TRV-0008","Травертин 6 дот","Травертин","https://marmixflex.ru/tproduct/1706353951-697053188552-travertin-6-dot","https://static.tildacdn.com/stor3762-6233-4135-b837-343930343133/cee49f94b96005d2a709979838d2bbde.png","unknown","NO","Tilda product UID/title match; exact source gallery association","RIGHTS UNKNOWN","NO","","3","2","NOT INDIVIDUALLY REVIEWED","NOT APPLICABLE — product-gallery asset; no project claim approved","Published in this SKU's Tilda product gallery. Visual decor match, role beyond gallery association, quality and rights are not independently confirmed."
"MF-TRV-0008","Травертин 6 дот","Травертин","https://marmixflex.ru/tproduct/1706353951-697053188552-travertin-6-dot","https://static.tildacdn.com/stor3639-3636-4064-b165-396137663661/19d3c7d8672e316b2d595eed61280284.png","unknown","NO","Tilda product UID/title match; exact source gallery association","RIGHTS UNKNOWN","NO","","3","3","NOT INDIVIDUALLY REVIEWED","NOT APPLICABLE — product-gallery asset; no project claim approved","Published in this SKU's Tilda product gallery. Visual decor match, role beyond gallery association, quality and rights are not independently confirmed."
"MF-TRV-0009","Травертин 6","Травертин","https://marmixflex.ru/tproduct/1706353951-746579532042-travertin-6","https://static.tildacdn.com/stor3862-6263-4234-b032-633831623133/46b167082e5bcbfac20ef2ed7fd79fb4.png","unknown","NO","SHARED FIRST image among 2 SKU pages; primary identity ambiguous","RIGHTS UNKNOWN","NO","","1","1","NOT INDIVIDUALLY REVIEWED","NOT APPLICABLE — product-gallery asset; no project claim approved","Same first-image URL is used as primary on multiple distinct SKUs. Do not assign as SKU-specific primary until owner confirms mapping or provides replacements."
"MF-FLD-0007","Флюид 1","Флюиды","https://marmixflex.ru/tproduct/1706353951-689796129381-flyuid-1","https://static.tildacdn.com/stor6666-3137-4138-a361-386335323239/49105323.png","product_primary","YES","Tilda product UID/title match; exact source gallery association","RIGHTS UNKNOWN","NO","«Флюид 1» (MF-FLD-0007); confirm visually that this depicts the named decor before final alt.","3","1","NOT INDIVIDUALLY REVIEWED","NOT APPLICABLE — product-gallery asset; no project claim approved","Published in this SKU's Tilda product gallery. Visual decor match, role beyond gallery association, quality and rights are not independently confirmed."
"MF-FLD-0007","Флюид 1","Флюиды","https://marmixflex.ru/tproduct/1706353951-689796129381-flyuid-1","https://static.tildacdn.com/stor3662-3533-4438-a231-393966343935/28199298.png","unknown","NO","Tilda product UID/title match; exact source gallery association","RIGHTS UNKNOWN","NO","","3","2","NOT INDIVIDUALLY REVIEWED","NOT APPLICABLE — product-gallery asset; no project claim approved","Published in this SKU's Tilda product gallery. Visual decor match, role beyond gallery association, quality and rights are not independently confirmed."
"MF-FLD-0007","Флюид 1","Флюиды","https://marmixflex.ru/tproduct/1706353951-689796129381-flyuid-1","https://static.tildacdn.com/stor3234-3235-4230-b862-643565363837/52480259.jpg","unknown","NO","Tilda product UID/title match; exact source gallery association","RIGHTS UNKNOWN","NO","","3","3","NOT INDIVIDUALLY REVIEWED","NOT APPLICABLE — product-gallery asset; no project claim approved","Published in this SKU's Tilda product gallery. Visual decor match, role beyond gallery association, quality and rights are not independently confirmed."
"MF-FLD-0010","Флюид 2","Флюиды","https://marmixflex.ru/tproduct/1706353951-811903734971-flyuid-2","https://static.tildacdn.com/stor6434-6465-4461-b834-396238666338/35364972.png","product_primary","YES","Tilda product UID/title match; exact source gallery association","RIGHTS UNKNOWN","NO","«Флюид 2» (MF-FLD-0010); confirm visually that this depicts the named decor before final alt.","3","1","NOT INDIVIDUALLY REVIEWED","NOT APPLICABLE — product-gallery asset; no project claim approved","Published in this SKU's Tilda product gallery. Visual decor match, role beyond gallery association, quality and rights are not independently confirmed."
"MF-FLD-0010","Флюид 2","Флюиды","https://marmixflex.ru/tproduct/1706353951-811903734971-flyuid-2","https://static.tildacdn.com/stor6463-3939-4564-b935-393936316234/23952274.png","unknown","NO","Tilda product UID/title match; exact source gallery association","RIGHTS UNKNOWN","NO","","3","2","NOT INDIVIDUALLY REVIEWED","NOT APPLICABLE — product-gallery asset; no project claim approved","Published in this SKU's Tilda product gallery. Visual decor match, role beyond gallery association, quality and rights are not independently confirmed."
"MF-FLD-0010","Флюид 2","Флюиды","https://marmixflex.ru/tproduct/1706353951-811903734971-flyuid-2","https://static.tildacdn.com/stor3633-6434-4364-a236-336132636230/11232947.jpg","unknown","NO","Tilda product UID/title match; exact source gallery association","RIGHTS UNKNOWN","NO","","3","3","NOT INDIVIDUALLY REVIEWED","NOT APPLICABLE — product-gallery asset; no project claim approved","Published in this SKU's Tilda product gallery. Visual decor match, role beyond gallery association, quality and rights are not independently confirmed."
"MF-FLD-0011","Флюид 3","Флюиды","https://marmixflex.ru/tproduct/1706353951-819239052781-flyuid-3","https://static.tildacdn.com/stor6233-3433-4335-b762-663836633831/29627090.png","product_primary","YES","Tilda product UID/title match; exact source gallery association","RIGHTS UNKNOWN","NO","«Флюид 3» (MF-FLD-0011); confirm visually that this depicts the named decor before final alt.","3","1","NOT INDIVIDUALLY REVIEWED","NOT APPLICABLE — product-gallery asset; no project claim approved","Published in this SKU's Tilda product gallery. Visual decor match, role beyond gallery association, quality and rights are not independently confirmed."
"MF-FLD-0011","Флюид 3","Флюиды","https://marmixflex.ru/tproduct/1706353951-819239052781-flyuid-3","https://static.tildacdn.com/stor3863-6531-4031-b831-396439386139/86580416.png","unknown","NO","Tilda product UID/title match; exact source gallery association","RIGHTS UNKNOWN","NO","","3","2","NOT INDIVIDUALLY REVIEWED","NOT APPLICABLE — product-gallery asset; no project claim approved","Published in this SKU's Tilda product gallery. Visual decor match, role beyond gallery association, quality and rights are not independently confirmed."
"MF-FLD-0011","Флюид 3","Флюиды","https://marmixflex.ru/tproduct/1706353951-819239052781-flyuid-3","https://static.tildacdn.com/stor6335-6539-4932-b935-653936633831/a285f23c49964e7ee3333807446418a8.png","unknown","NO","Tilda product UID/title match; exact source gallery association","RIGHTS UNKNOWN","NO","","3","3","NOT INDIVIDUALLY REVIEWED","NOT APPLICABLE — product-gallery asset; no project claim approved","Published in this SKU's Tilda product gallery. Visual decor match, role beyond gallery association, quality and rights are not independently confirmed."
"MF-FLD-0013","Флюид 4","Флюиды","https://marmixflex.ru/tproduct/1706353951-903611568471-flyuid-4","https://static.tildacdn.com/stor6664-6535-4434-a430-366438636163/75933798.png","product_primary","YES","Tilda product UID/title match; exact source gallery association","RIGHTS UNKNOWN","NO","«Флюид 4» (MF-FLD-0013); confirm visually that this depicts the named decor before final alt.","3","1","NOT INDIVIDUALLY REVIEWED","NOT APPLICABLE — product-gallery asset; no project claim approved","Published in this SKU's Tilda product gallery. Visual decor match, role beyond gallery association, quality and rights are not independently confirmed."
"MF-FLD-0013","Флюид 4","Флюиды","https://marmixflex.ru/tproduct/1706353951-903611568471-flyuid-4","https://static.tildacdn.com/stor3164-6636-4330-a664-303662373138/31746332.png","unknown","NO","Tilda product UID/title match; exact source gallery association","RIGHTS UNKNOWN","NO","","3","2","NOT INDIVIDUALLY REVIEWED","NOT APPLICABLE — product-gallery asset; no project claim approved","Published in this SKU's Tilda product gallery. Visual decor match, role beyond gallery association, quality and rights are not independently confirmed."
"MF-FLD-0013","Флюид 4","Флюиды","https://marmixflex.ru/tproduct/1706353951-903611568471-flyuid-4","https://static.tildacdn.com/stor3961-6231-4331-b637-306133303261/13182245.jpg","unknown","NO","Tilda product UID/title match; exact source gallery association","RIGHTS UNKNOWN","NO","","3","3","NOT INDIVIDUALLY REVIEWED","NOT APPLICABLE — product-gallery asset; no project claim approved","Published in this SKU's Tilda product gallery. Visual decor match, role beyond gallery association, quality and rights are not independently confirmed."
"MF-FLD-0006","Флюид 5","Флюиды","https://marmixflex.ru/tproduct/1706353951-628649293571-flyuid-5","https://static.tildacdn.com/stor3832-3335-4763-b833-653531303763/11599126.png","product_primary","YES","Tilda product UID/title match; exact source gallery association","RIGHTS UNKNOWN","NO","«Флюид 5» (MF-FLD-0006); confirm visually that this depicts the named decor before final alt.","3","1","NOT INDIVIDUALLY REVIEWED","NOT APPLICABLE — product-gallery asset; no project claim approved","Published in this SKU's Tilda product gallery. Visual decor match, role beyond gallery association, quality and rights are not independently confirmed."
"MF-FLD-0006","Флюид 5","Флюиды","https://marmixflex.ru/tproduct/1706353951-628649293571-flyuid-5","https://static.tildacdn.com/stor6165-6435-4231-b838-336136363864/45964766.png","unknown","NO","Tilda product UID/title match; exact source gallery association","RIGHTS UNKNOWN","NO","","3","2","NOT INDIVIDUALLY REVIEWED","NOT APPLICABLE — product-gallery asset; no project claim approved","Published in this SKU's Tilda product gallery. Visual decor match, role beyond gallery association, quality and rights are not independently confirmed."
"MF-FLD-0006","Флюид 5","Флюиды","https://marmixflex.ru/tproduct/1706353951-628649293571-flyuid-5","https://static.tildacdn.com/stor3362-3565-4232-a432-656666663735/92690259.jpg","unknown","NO","Tilda product UID/title match; exact source gallery association","RIGHTS UNKNOWN","NO","","3","3","NOT INDIVIDUALLY REVIEWED","NOT APPLICABLE — product-gallery asset; no project claim approved","Published in this SKU's Tilda product gallery. Visual decor match, role beyond gallery association, quality and rights are not independently confirmed."
"MF-FLD-0003","Флюид 6","Флюиды","https://marmixflex.ru/tproduct/1706353951-355631919281-flyuid-6","https://static.tildacdn.com/stor3134-6230-4233-a230-356262636662/90148062.png","product_primary","YES","Tilda product UID/title match; exact source gallery association","RIGHTS UNKNOWN","NO","«Флюид 6» (MF-FLD-0003); confirm visually that this depicts the named decor before final alt.","3","1","NOT INDIVIDUALLY REVIEWED","NOT APPLICABLE — product-gallery asset; no project claim approved","Published in this SKU's Tilda product gallery. Visual decor match, role beyond gallery association, quality and rights are not independently confirmed."
"MF-FLD-0003","Флюид 6","Флюиды","https://marmixflex.ru/tproduct/1706353951-355631919281-flyuid-6","https://static.tildacdn.com/stor6636-3539-4262-b334-306233353336/85877668.png","unknown","NO","Tilda product UID/title match; exact source gallery association","RIGHTS UNKNOWN","NO","","3","2","NOT INDIVIDUALLY REVIEWED","NOT APPLICABLE — product-gallery asset; no project claim approved","Published in this SKU's Tilda product gallery. Visual decor match, role beyond gallery association, quality and rights are not independently confirmed."
"MF-FLD-0003","Флюид 6","Флюиды","https://marmixflex.ru/tproduct/1706353951-355631919281-flyuid-6","https://static.tildacdn.com/stor6161-3763-4134-b462-383530623138/47471773.jpg","unknown","NO","Tilda product UID/title match; exact source gallery association","RIGHTS UNKNOWN","NO","","3","3","NOT INDIVIDUALLY REVIEWED","NOT APPLICABLE — product-gallery asset; no project claim approved","Published in this SKU's Tilda product gallery. Visual decor match, role beyond gallery association, quality and rights are not independently confirmed."
"MF-FLD-0004","Флюид 7","Флюиды","https://marmixflex.ru/tproduct/1706353951-372479847561-flyuid-7","https://static.tildacdn.com/stor3433-3836-4465-b061-643836636631/24812821.png","product_primary","YES","Tilda product UID/title match; exact source gallery association","RIGHTS UNKNOWN","NO","«Флюид 7» (MF-FLD-0004); confirm visually that this depicts the named decor before final alt.","3","1","NOT INDIVIDUALLY REVIEWED","NOT APPLICABLE — product-gallery asset; no project claim approved","Published in this SKU's Tilda product gallery. Visual decor match, role beyond gallery association, quality and rights are not independently confirmed."
"MF-FLD-0004","Флюид 7","Флюиды","https://marmixflex.ru/tproduct/1706353951-372479847561-flyuid-7","https://static.tildacdn.com/stor3030-6161-4235-a132-326630363065/55111262.png","unknown","NO","Tilda product UID/title match; exact source gallery association","RIGHTS UNKNOWN","NO","","3","2","NOT INDIVIDUALLY REVIEWED","NOT APPLICABLE — product-gallery asset; no project claim approved","Published in this SKU's Tilda product gallery. Visual decor match, role beyond gallery association, quality and rights are not independently confirmed."
"MF-FLD-0004","Флюид 7","Флюиды","https://marmixflex.ru/tproduct/1706353951-372479847561-flyuid-7","https://static.tildacdn.com/stor3436-3866-4462-b233-366665643231/11428574.jpg","unknown","NO","Tilda product UID/title match; exact source gallery association","RIGHTS UNKNOWN","NO","","3","3","NOT INDIVIDUALLY REVIEWED","NOT APPLICABLE — product-gallery asset; no project claim approved","Published in this SKU's Tilda product gallery. Visual decor match, role beyond gallery association, quality and rights are not independently confirmed."
"MF-FLD-0008","Флюид 8","Флюиды","https://marmixflex.ru/tproduct/1706353951-743241523391-flyuid-8","https://static.tildacdn.com/stor3763-3261-4938-a465-366532613430/80757436.png","product_primary","YES","Tilda product UID/title match; exact source gallery association","RIGHTS UNKNOWN","NO","«Флюид 8» (MF-FLD-0008); confirm visually that this depicts the named decor before final alt.","3","1","NOT INDIVIDUALLY REVIEWED","NOT APPLICABLE — product-gallery asset; no project claim approved","Published in this SKU's Tilda product gallery. Visual decor match, role beyond gallery association, quality and rights are not independently confirmed."
"MF-FLD-0008","Флюид 8","Флюиды","https://marmixflex.ru/tproduct/1706353951-743241523391-flyuid-8","https://static.tildacdn.com/stor3366-6332-4730-a539-633330393364/44011555.png","unknown","NO","Tilda product UID/title match; exact source gallery association","RIGHTS UNKNOWN","NO","","3","2","NOT INDIVIDUALLY REVIEWED","NOT APPLICABLE — product-gallery asset; no project claim approved","Published in this SKU's Tilda product gallery. Visual decor match, role beyond gallery association, quality and rights are not independently confirmed."
"MF-FLD-0008","Флюид 8","Флюиды","https://marmixflex.ru/tproduct/1706353951-743241523391-flyuid-8","https://static.tildacdn.com/stor6333-3338-4166-b032-636132666165/67323159.jpg","unknown","NO","Tilda product UID/title match; exact source gallery association","RIGHTS UNKNOWN","NO","","3","3","NOT INDIVIDUALLY REVIEWED","NOT APPLICABLE — product-gallery asset; no project claim approved","Published in this SKU's Tilda product gallery. Visual decor match, role beyond gallery association, quality and rights are not independently confirmed."
"MF-FLD-0016","Флюид 9","Флюиды","https://marmixflex.ru/tproduct/1706353951-944457400241-flyuid-9","https://static.tildacdn.com/stor6662-6233-4937-b038-363462383431/35165974.png","product_primary","YES","Tilda product UID/title match; exact source gallery association","RIGHTS UNKNOWN","NO","«Флюид 9» (MF-FLD-0016); confirm visually that this depicts the named decor before final alt.","3","1","NOT INDIVIDUALLY REVIEWED","NOT APPLICABLE — product-gallery asset; no project claim approved","Published in this SKU's Tilda product gallery. Visual decor match, role beyond gallery association, quality and rights are not independently confirmed."
"MF-FLD-0016","Флюид 9","Флюиды","https://marmixflex.ru/tproduct/1706353951-944457400241-flyuid-9","https://static.tildacdn.com/stor3034-6533-4038-b430-336336346134/35398922.png","unknown","NO","Tilda product UID/title match; exact source gallery association","RIGHTS UNKNOWN","NO","","3","2","NOT INDIVIDUALLY REVIEWED","NOT APPLICABLE — product-gallery asset; no project claim approved","Published in this SKU's Tilda product gallery. Visual decor match, role beyond gallery association, quality and rights are not independently confirmed."
"MF-FLD-0016","Флюид 9","Флюиды","https://marmixflex.ru/tproduct/1706353951-944457400241-flyuid-9","https://static.tildacdn.com/stor6237-3532-4031-a263-353166623566/16523101.jpg","unknown","NO","Tilda product UID/title match; exact source gallery association","RIGHTS UNKNOWN","NO","","3","3","NOT INDIVIDUALLY REVIEWED","NOT APPLICABLE — product-gallery asset; no project claim approved","Published in this SKU's Tilda product gallery. Visual decor match, role beyond gallery association, quality and rights are not independently confirmed."
"MF-FLD-0018","Флюид 10","Флюиды","https://marmixflex.ru/tproduct/1706353951-990129321061-flyuid-10","https://static.tildacdn.com/stor3061-6662-4166-a431-393334336631/34158536.png","product_primary","YES","Tilda product UID/title match; exact source gallery association","RIGHTS UNKNOWN","NO","«Флюид 10» (MF-FLD-0018); confirm visually that this depicts the named decor before final alt.","3","1","NOT INDIVIDUALLY REVIEWED","NOT APPLICABLE — product-gallery asset; no project claim approved","Published in this SKU's Tilda product gallery. Visual decor match, role beyond gallery association, quality and rights are not independently confirmed."
"MF-FLD-0018","Флюид 10","Флюиды","https://marmixflex.ru/tproduct/1706353951-990129321061-flyuid-10","https://static.tildacdn.com/stor6432-6165-4634-b638-383330353630/85188939.png","unknown","NO","Tilda product UID/title match; exact source gallery association","RIGHTS UNKNOWN","NO","","3","2","NOT INDIVIDUALLY REVIEWED","NOT APPLICABLE — product-gallery asset; no project claim approved","Published in this SKU's Tilda product gallery. Visual decor match, role beyond gallery association, quality and rights are not independently confirmed."
"MF-FLD-0018","Флюид 10","Флюиды","https://marmixflex.ru/tproduct/1706353951-990129321061-flyuid-10","https://static.tildacdn.com/stor6637-3139-4865-b231-366135376531/85873405.jpg","unknown","NO","Tilda product UID/title match; exact source gallery association","RIGHTS UNKNOWN","NO","","3","3","NOT INDIVIDUALLY REVIEWED","NOT APPLICABLE — product-gallery asset; no project claim approved","Published in this SKU's Tilda product gallery. Visual decor match, role beyond gallery association, quality and rights are not independently confirmed."
"MF-FLD-0009","Флюид 11","Флюиды","https://marmixflex.ru/tproduct/1706353951-793524130991-flyuid-11","https://static.tildacdn.com/stor3439-3961-4639-b936-653361323664/53205562.png","product_primary","YES","Tilda product UID/title match; exact source gallery association","RIGHTS UNKNOWN","NO","«Флюид 11» (MF-FLD-0009); confirm visually that this depicts the named decor before final alt.","3","1","NOT INDIVIDUALLY REVIEWED","NOT APPLICABLE — product-gallery asset; no project claim approved","Published in this SKU's Tilda product gallery. Visual decor match, role beyond gallery association, quality and rights are not independently confirmed."
"MF-FLD-0009","Флюид 11","Флюиды","https://marmixflex.ru/tproduct/1706353951-793524130991-flyuid-11","https://static.tildacdn.com/stor6430-6531-4163-b333-393335303835/15770979.png","unknown","NO","SKU page UID/title match; source gallery image also reused on other SKU pages; review","RIGHTS UNKNOWN","NO","","3","2","NOT INDIVIDUALLY REVIEWED","NOT APPLICABLE — product-gallery asset; no project claim approved","Exact Tilda page association exists; image URL also appears on another SKU page. Visual correspondence/quality and rights are not approved."
"MF-FLD-0009","Флюид 11","Флюиды","https://marmixflex.ru/tproduct/1706353951-793524130991-flyuid-11","https://static.tildacdn.com/stor3632-6632-4131-a131-356332373938/22265574.jpg","unknown","NO","Tilda product UID/title match; exact source gallery association","RIGHTS UNKNOWN","NO","","3","3","NOT INDIVIDUALLY REVIEWED","NOT APPLICABLE — product-gallery asset; no project claim approved","Published in this SKU's Tilda product gallery. Visual decor match, role beyond gallery association, quality and rights are not independently confirmed."
"MF-FLD-0015","Флюид 12","Флюиды","https://marmixflex.ru/tproduct/1706353951-915517043351-flyuid-12","https://static.tildacdn.com/stor3130-3630-4438-b334-633062633266/72918317.png","product_primary","YES","Tilda product UID/title match; exact source gallery association","RIGHTS UNKNOWN","NO","«Флюид 12» (MF-FLD-0015); confirm visually that this depicts the named decor before final alt.","3","1","NOT INDIVIDUALLY REVIEWED","NOT APPLICABLE — product-gallery asset; no project claim approved","Published in this SKU's Tilda product gallery. Visual decor match, role beyond gallery association, quality and rights are not independently confirmed."
"MF-FLD-0015","Флюид 12","Флюиды","https://marmixflex.ru/tproduct/1706353951-915517043351-flyuid-12","https://static.tildacdn.com/stor6430-6531-4163-b333-393335303835/15770979.png","unknown","NO","SKU page UID/title match; source gallery image also reused on other SKU pages; review","RIGHTS UNKNOWN","NO","","3","2","NOT INDIVIDUALLY REVIEWED","NOT APPLICABLE — product-gallery asset; no project claim approved","Exact Tilda page association exists; image URL also appears on another SKU page. Visual correspondence/quality and rights are not approved."
"MF-FLD-0015","Флюид 12","Флюиды","https://marmixflex.ru/tproduct/1706353951-915517043351-flyuid-12","https://static.tildacdn.com/stor3235-3139-4735-a565-316162636138/72110967.jpg","unknown","NO","Tilda product UID/title match; exact source gallery association","RIGHTS UNKNOWN","NO","","3","3","NOT INDIVIDUALLY REVIEWED","NOT APPLICABLE — product-gallery asset; no project claim approved","Published in this SKU's Tilda product gallery. Visual decor match, role beyond gallery association, quality and rights are not independently confirmed."
"MF-FLD-0017","Флюид 13","Флюиды","https://marmixflex.ru/tproduct/1706353951-980006409211-flyuid-13","https://static.tildacdn.com/stor3438-3232-4436-b136-396263383732/71425281.png","product_primary","YES","Tilda product UID/title match; exact source gallery association","RIGHTS UNKNOWN","NO","«Флюид 13» (MF-FLD-0017); confirm visually that this depicts the named decor before final alt.","3","1","NOT INDIVIDUALLY REVIEWED","NOT APPLICABLE — product-gallery asset; no project claim approved","Published in this SKU's Tilda product gallery. Visual decor match, role beyond gallery association, quality and rights are not independently confirmed."
"MF-FLD-0017","Флюид 13","Флюиды","https://marmixflex.ru/tproduct/1706353951-980006409211-flyuid-13","https://static.tildacdn.com/stor6335-3033-4039-b261-656534333362/58060761.png","unknown","NO","Tilda product UID/title match; exact source gallery association","RIGHTS UNKNOWN","NO","","3","2","NOT INDIVIDUALLY REVIEWED","NOT APPLICABLE — product-gallery asset; no project claim approved","Published in this SKU's Tilda product gallery. Visual decor match, role beyond gallery association, quality and rights are not independently confirmed."
"MF-FLD-0017","Флюид 13","Флюиды","https://marmixflex.ru/tproduct/1706353951-980006409211-flyuid-13","https://static.tildacdn.com/stor6134-6664-4165-b666-383562623031/64518129.jpg","unknown","NO","Tilda product UID/title match; exact source gallery association","RIGHTS UNKNOWN","NO","","3","3","NOT INDIVIDUALLY REVIEWED","NOT APPLICABLE — product-gallery asset; no project claim approved","Published in this SKU's Tilda product gallery. Visual decor match, role beyond gallery association, quality and rights are not independently confirmed."
"MF-FLD-0002","Флюид 14","Флюиды","https://marmixflex.ru/tproduct/1706353951-335685798831-flyuid-14","https://static.tildacdn.com/stor3139-3463-4537-b037-363430616466/67458449.png","product_primary","YES","Tilda product UID/title match; exact source gallery association","RIGHTS UNKNOWN","NO","«Флюид 14» (MF-FLD-0002); confirm visually that this depicts the named decor before final alt.","3","1","NOT INDIVIDUALLY REVIEWED","NOT APPLICABLE — product-gallery asset; no project claim approved","Published in this SKU's Tilda product gallery. Visual decor match, role beyond gallery association, quality and rights are not independently confirmed."
"MF-FLD-0002","Флюид 14","Флюиды","https://marmixflex.ru/tproduct/1706353951-335685798831-flyuid-14","https://static.tildacdn.com/stor6264-6266-4335-b362-383835656561/83467844.png","unknown","NO","Tilda product UID/title match; exact source gallery association","RIGHTS UNKNOWN","NO","","3","2","NOT INDIVIDUALLY REVIEWED","NOT APPLICABLE — product-gallery asset; no project claim approved","Published in this SKU's Tilda product gallery. Visual decor match, role beyond gallery association, quality and rights are not independently confirmed."
"MF-FLD-0002","Флюид 14","Флюиды","https://marmixflex.ru/tproduct/1706353951-335685798831-flyuid-14","https://static.tildacdn.com/stor6165-3762-4435-a639-636138663838/43438336.jpg","unknown","NO","Tilda product UID/title match; exact source gallery association","RIGHTS UNKNOWN","NO","","3","3","NOT INDIVIDUALLY REVIEWED","NOT APPLICABLE — product-gallery asset; no project claim approved","Published in this SKU's Tilda product gallery. Visual decor match, role beyond gallery association, quality and rights are not independently confirmed."
"MF-FLD-0012","Флюид 15","Флюиды","https://marmixflex.ru/tproduct/1706353951-903563719531-flyuid-15","https://static.tildacdn.com/stor3936-6336-4732-a539-396262396262/97466370.png","product_primary","YES","Tilda product UID/title match; exact source gallery association","RIGHTS UNKNOWN","NO","«Флюид 15» (MF-FLD-0012); confirm visually that this depicts the named decor before final alt.","3","1","NOT INDIVIDUALLY REVIEWED","NOT APPLICABLE — product-gallery asset; no project claim approved","Published in this SKU's Tilda product gallery. Visual decor match, role beyond gallery association, quality and rights are not independently confirmed."
"MF-FLD-0012","Флюид 15","Флюиды","https://marmixflex.ru/tproduct/1706353951-903563719531-flyuid-15","https://static.tildacdn.com/stor6334-3838-4431-a430-393933353233/99164591.png","unknown","NO","Tilda product UID/title match; exact source gallery association","RIGHTS UNKNOWN","NO","","3","2","NOT INDIVIDUALLY REVIEWED","NOT APPLICABLE — product-gallery asset; no project claim approved","Published in this SKU's Tilda product gallery. Visual decor match, role beyond gallery association, quality and rights are not independently confirmed."
"MF-FLD-0012","Флюид 15","Флюиды","https://marmixflex.ru/tproduct/1706353951-903563719531-flyuid-15","https://static.tildacdn.com/stor6239-3462-4331-a161-386261313337/41992576.jpg","unknown","NO","Tilda product UID/title match; exact source gallery association","RIGHTS UNKNOWN","NO","","3","3","NOT INDIVIDUALLY REVIEWED","NOT APPLICABLE — product-gallery asset; no project claim approved","Published in this SKU's Tilda product gallery. Visual decor match, role beyond gallery association, quality and rights are not independently confirmed."
"MF-FLD-0014","Флюид 16","Флюиды","https://marmixflex.ru/tproduct/1706353951-914219186741-flyuid-16","https://static.tildacdn.com/stor6566-3661-4039-b634-303139616634/51633615.png","product_primary","YES","Tilda product UID/title match; exact source gallery association","RIGHTS UNKNOWN","NO","«Флюид 16» (MF-FLD-0014); confirm visually that this depicts the named decor before final alt.","3","1","NOT INDIVIDUALLY REVIEWED","NOT APPLICABLE — product-gallery asset; no project claim approved","Published in this SKU's Tilda product gallery. Visual decor match, role beyond gallery association, quality and rights are not independently confirmed."
"MF-FLD-0014","Флюид 16","Флюиды","https://marmixflex.ru/tproduct/1706353951-914219186741-flyuid-16","https://static.tildacdn.com/stor6336-6334-4437-b562-343332353433/41812008.png","unknown","NO","Tilda product UID/title match; exact source gallery association","RIGHTS UNKNOWN","NO","","3","2","NOT INDIVIDUALLY REVIEWED","NOT APPLICABLE — product-gallery asset; no project claim approved","Published in this SKU's Tilda product gallery. Visual decor match, role beyond gallery association, quality and rights are not independently confirmed."
"MF-FLD-0014","Флюид 16","Флюиды","https://marmixflex.ru/tproduct/1706353951-914219186741-flyuid-16","https://static.tildacdn.com/stor3466-3666-4732-b962-316534356165/20451030.jpg","unknown","NO","Tilda product UID/title match; exact source gallery association","RIGHTS UNKNOWN","NO","","3","3","NOT INDIVIDUALLY REVIEWED","NOT APPLICABLE — product-gallery asset; no project claim approved","Published in this SKU's Tilda product gallery. Visual decor match, role beyond gallery association, quality and rights are not independently confirmed."
"MF-FLD-0005","Флюид 17","Флюиды","https://marmixflex.ru/tproduct/1706353951-551693735641-flyuid-17","https://static.tildacdn.com/stor6363-3533-4062-a439-663464303062/92972387.png","product_primary","YES","Tilda product UID/title match; exact source gallery association","RIGHTS UNKNOWN","NO","«Флюид 17» (MF-FLD-0005); confirm visually that this depicts the named decor before final alt.","3","1","NOT INDIVIDUALLY REVIEWED","NOT APPLICABLE — product-gallery asset; no project claim approved","Published in this SKU's Tilda product gallery. Visual decor match, role beyond gallery association, quality and rights are not independently confirmed."
"MF-FLD-0005","Флюид 17","Флюиды","https://marmixflex.ru/tproduct/1706353951-551693735641-flyuid-17","https://static.tildacdn.com/stor6563-3762-4164-b761-313331656439/45474783.png","unknown","NO","Tilda product UID/title match; exact source gallery association","RIGHTS UNKNOWN","NO","","3","2","NOT INDIVIDUALLY REVIEWED","NOT APPLICABLE — product-gallery asset; no project claim approved","Published in this SKU's Tilda product gallery. Visual decor match, role beyond gallery association, quality and rights are not independently confirmed."
"MF-FLD-0005","Флюид 17","Флюиды","https://marmixflex.ru/tproduct/1706353951-551693735641-flyuid-17","https://static.tildacdn.com/stor3565-3337-4131-b637-393233353361/18889017.jpg","unknown","NO","Tilda product UID/title match; exact source gallery association","RIGHTS UNKNOWN","NO","","3","3","NOT INDIVIDUALLY REVIEWED","NOT APPLICABLE — product-gallery asset; no project claim approved","Published in this SKU's Tilda product gallery. Visual decor match, role beyond gallery association, quality and rights are not independently confirmed."
"MF-FLD-0001","Флюид 18","Флюиды","https://marmixflex.ru/tproduct/1706353951-168519278341-flyuid-18","https://static.tildacdn.com/stor3833-3438-4364-b465-643362653238/23752139.png","product_primary","YES","Tilda product UID/title match; exact source gallery association","RIGHTS UNKNOWN","NO","«Флюид 18» (MF-FLD-0001); confirm visually that this depicts the named decor before final alt.","3","1","NOT INDIVIDUALLY REVIEWED","NOT APPLICABLE — product-gallery asset; no project claim approved","Published in this SKU's Tilda product gallery. Visual decor match, role beyond gallery association, quality and rights are not independently confirmed."
"MF-FLD-0001","Флюид 18","Флюиды","https://marmixflex.ru/tproduct/1706353951-168519278341-flyuid-18","https://static.tildacdn.com/stor6564-3464-4332-a565-346134306435/61962179.png","unknown","NO","Tilda product UID/title match; exact source gallery association","RIGHTS UNKNOWN","NO","","3","2","NOT INDIVIDUALLY REVIEWED","NOT APPLICABLE — product-gallery asset; no project claim approved","Published in this SKU's Tilda product gallery. Visual decor match, role beyond gallery association, quality and rights are not independently confirmed."
"MF-FLD-0001","Флюид 18","Флюиды","https://marmixflex.ru/tproduct/1706353951-168519278341-flyuid-18","https://static.tildacdn.com/stor3165-6361-4936-b935-623466303530/61910055.jpg","unknown","NO","Tilda product UID/title match; exact source gallery association","RIGHTS UNKNOWN","NO","","3","3","NOT INDIVIDUALLY REVIEWED","NOT APPLICABLE — product-gallery asset; no project claim approved","Published in this SKU's Tilda product gallery. Visual decor match, role beyond gallery association, quality and rights are not independently confirmed."
"MF-BLK-0003","Альтаир","Блоки","https://marmixflex.ru/tproduct/1706353951-345741961651-altair","https://static.tildacdn.com/stor6238-6132-4737-b537-363662346466/42385846.png","product_primary","YES","Tilda product UID/title match; exact source gallery association","RIGHTS UNKNOWN","NO","«Альтаир» (MF-BLK-0003); confirm visually that this depicts the named decor before final alt.","3","1","NOT INDIVIDUALLY REVIEWED","NOT APPLICABLE — product-gallery asset; no project claim approved","Published in this SKU's Tilda product gallery. Visual decor match, role beyond gallery association, quality and rights are not independently confirmed."
"MF-BLK-0003","Альтаир","Блоки","https://marmixflex.ru/tproduct/1706353951-345741961651-altair","https://static.tildacdn.com/stor3335-3934-4536-b164-313938383737/39689407.png","unknown","NO","Tilda product UID/title match; exact source gallery association","RIGHTS UNKNOWN","NO","","3","2","NOT INDIVIDUALLY REVIEWED","NOT APPLICABLE — product-gallery asset; no project claim approved","Published in this SKU's Tilda product gallery. Visual decor match, role beyond gallery association, quality and rights are not independently confirmed."
"MF-BLK-0003","Альтаир","Блоки","https://marmixflex.ru/tproduct/1706353951-345741961651-altair","https://static.tildacdn.com/stor3166-3134-4236-a534-653565353463/43727836.jpg","unknown","NO","Tilda product UID/title match; exact source gallery association","RIGHTS UNKNOWN","NO","","3","3","NOT INDIVIDUALLY REVIEWED","NOT APPLICABLE — product-gallery asset; no project claim approved","Published in this SKU's Tilda product gallery. Visual decor match, role beyond gallery association, quality and rights are not independently confirmed."
"MF-BLK-0004","Антарес","Блоки","https://marmixflex.ru/tproduct/1706353951-402152916231-antares","https://static.tildacdn.com/stor3139-3034-4533-a635-313236366365/96964851.png","product_primary","YES","Tilda product UID/title match; exact source gallery association","RIGHTS UNKNOWN","NO","«Антарес» (MF-BLK-0004); confirm visually that this depicts the named decor before final alt.","3","1","NOT INDIVIDUALLY REVIEWED","NOT APPLICABLE — product-gallery asset; no project claim approved","Published in this SKU's Tilda product gallery. Visual decor match, role beyond gallery association, quality and rights are not independently confirmed."
"MF-BLK-0004","Антарес","Блоки","https://marmixflex.ru/tproduct/1706353951-402152916231-antares","https://static.tildacdn.com/stor6664-6366-4836-b035-333634386530/77237612.png","unknown","NO","Tilda product UID/title match; exact source gallery association","RIGHTS UNKNOWN","NO","","3","2","NOT INDIVIDUALLY REVIEWED","NOT APPLICABLE — product-gallery asset; no project claim approved","Published in this SKU's Tilda product gallery. Visual decor match, role beyond gallery association, quality and rights are not independently confirmed."
"MF-BLK-0004","Антарес","Блоки","https://marmixflex.ru/tproduct/1706353951-402152916231-antares","https://static.tildacdn.com/stor3330-3338-4161-b130-336335393838/10648732.jpg","unknown","NO","Tilda product UID/title match; exact source gallery association","RIGHTS UNKNOWN","NO","","3","3","NOT INDIVIDUALLY REVIEWED","NOT APPLICABLE — product-gallery asset; no project claim approved","Published in this SKU's Tilda product gallery. Visual decor match, role beyond gallery association, quality and rights are not independently confirmed."
"MF-BLK-0006","Капелла","Блоки","https://marmixflex.ru/tproduct/1706353951-450672060221-kapella","https://static.tildacdn.com/stor6132-6236-4636-a136-356235323630/67002205.png","product_primary","YES","Tilda product UID/title match; exact source gallery association","RIGHTS UNKNOWN","NO","«Капелла» (MF-BLK-0006); confirm visually that this depicts the named decor before final alt.","3","1","NOT INDIVIDUALLY REVIEWED","NOT APPLICABLE — product-gallery asset; no project claim approved","Published in this SKU's Tilda product gallery. Visual decor match, role beyond gallery association, quality and rights are not independently confirmed."
"MF-BLK-0006","Капелла","Блоки","https://marmixflex.ru/tproduct/1706353951-450672060221-kapella","https://static.tildacdn.com/stor6338-3235-4332-a135-633535336635/10380142.png","unknown","NO","Tilda product UID/title match; exact source gallery association","RIGHTS UNKNOWN","NO","","3","2","NOT INDIVIDUALLY REVIEWED","NOT APPLICABLE — product-gallery asset; no project claim approved","Published in this SKU's Tilda product gallery. Visual decor match, role beyond gallery association, quality and rights are not independently confirmed."
"MF-BLK-0006","Капелла","Блоки","https://marmixflex.ru/tproduct/1706353951-450672060221-kapella","https://static.tildacdn.com/stor6637-3134-4230-b638-616663313263/81044371.jpg","unknown","NO","Tilda product UID/title match; exact source gallery association","RIGHTS UNKNOWN","NO","","3","3","NOT INDIVIDUALLY REVIEWED","NOT APPLICABLE — product-gallery asset; no project claim approved","Published in this SKU's Tilda product gallery. Visual decor match, role beyond gallery association, quality and rights are not independently confirmed."
"MF-BLK-0001","Олопос","Блоки","https://marmixflex.ru/tproduct/1706353951-167089491631-olopos","https://static.tildacdn.com/stor3166-3162-4165-b662-313230633834/95728329.png","product_primary","YES","Tilda product UID/title match; exact source gallery association","RIGHTS UNKNOWN","NO","«Олопос» (MF-BLK-0001); confirm visually that this depicts the named decor before final alt.","3","1","NOT INDIVIDUALLY REVIEWED","NOT APPLICABLE — product-gallery asset; no project claim approved","Published in this SKU's Tilda product gallery. Visual decor match, role beyond gallery association, quality and rights are not independently confirmed."
"MF-BLK-0001","Олопос","Блоки","https://marmixflex.ru/tproduct/1706353951-167089491631-olopos","https://static.tildacdn.com/stor3635-3737-4638-b064-656638336332/10492471.png","unknown","NO","Tilda product UID/title match; exact source gallery association","RIGHTS UNKNOWN","NO","","3","2","NOT INDIVIDUALLY REVIEWED","NOT APPLICABLE — product-gallery asset; no project claim approved","Published in this SKU's Tilda product gallery. Visual decor match, role beyond gallery association, quality and rights are not independently confirmed."
"MF-BLK-0001","Олопос","Блоки","https://marmixflex.ru/tproduct/1706353951-167089491631-olopos","https://static.tildacdn.com/stor3439-6166-4937-a430-383438366265/53192211.jpg","unknown","NO","Tilda product UID/title match; exact source gallery association","RIGHTS UNKNOWN","NO","","3","3","NOT INDIVIDUALLY REVIEWED","NOT APPLICABLE — product-gallery asset; no project claim approved","Published in this SKU's Tilda product gallery. Visual decor match, role beyond gallery association, quality and rights are not independently confirmed."
"MF-BLK-0007","Вега","Блоки","https://marmixflex.ru/tproduct/1706353951-820124423891-vega","https://static.tildacdn.com/stor6638-6332-4439-b163-366334383964/35055313.png","product_primary","YES","Tilda product UID/title match; exact source gallery association","RIGHTS UNKNOWN","NO","«Вега» (MF-BLK-0007); confirm visually that this depicts the named decor before final alt.","4","1","NOT INDIVIDUALLY REVIEWED","NOT APPLICABLE — product-gallery asset; no project claim approved","Published in this SKU's Tilda product gallery. Visual decor match, role beyond gallery association, quality and rights are not independently confirmed."
"MF-BLK-0007","Вега","Блоки","https://marmixflex.ru/tproduct/1706353951-820124423891-vega","https://static.tildacdn.com/stor6234-3836-4365-b362-303038353366/26963796.png","unknown","NO","Tilda product UID/title match; exact source gallery association","RIGHTS UNKNOWN","NO","","4","2","NOT INDIVIDUALLY REVIEWED","NOT APPLICABLE — product-gallery asset; no project claim approved","Published in this SKU's Tilda product gallery. Visual decor match, role beyond gallery association, quality and rights are not independently confirmed."
"MF-BLK-0007","Вега","Блоки","https://marmixflex.ru/tproduct/1706353951-820124423891-vega","https://static.tildacdn.com/stor6433-3161-4633-b762-313436353063/88963578.jpg","unknown","NO","Tilda product UID/title match; exact source gallery association","RIGHTS UNKNOWN","NO","","4","3","NOT INDIVIDUALLY REVIEWED","NOT APPLICABLE — product-gallery asset; no project claim approved","Published in this SKU's Tilda product gallery. Visual decor match, role beyond gallery association, quality and rights are not independently confirmed."
"MF-BLK-0007","Вега","Блоки","https://marmixflex.ru/tproduct/1706353951-820124423891-vega","https://static.tildacdn.com/stor6336-3261-4865-a363-363662336437/39076772.jpg","unknown","NO","Tilda product UID/title match; exact source gallery association","RIGHTS UNKNOWN","NO","","4","4","NOT INDIVIDUALLY REVIEWED","NOT APPLICABLE — product-gallery asset; no project claim approved","Published in this SKU's Tilda product gallery. Visual decor match, role beyond gallery association, quality and rights are not independently confirmed."
"MF-BLK-0002","Орион","Блоки","https://marmixflex.ru/tproduct/1706353951-199715758241-orion","https://static.tildacdn.com/stor3339-3962-4935-a166-366164646530/12233417.png","product_primary","YES","Tilda product UID/title match; exact source gallery association","RIGHTS UNKNOWN","NO","«Орион» (MF-BLK-0002); confirm visually that this depicts the named decor before final alt.","3","1","NOT INDIVIDUALLY REVIEWED","NOT APPLICABLE — product-gallery asset; no project claim approved","Published in this SKU's Tilda product gallery. Visual decor match, role beyond gallery association, quality and rights are not independently confirmed."
"MF-BLK-0002","Орион","Блоки","https://marmixflex.ru/tproduct/1706353951-199715758241-orion","https://static.tildacdn.com/stor6237-3031-4231-b766-383237666539/72885028.png","unknown","NO","Tilda product UID/title match; exact source gallery association","RIGHTS UNKNOWN","NO","","3","2","NOT INDIVIDUALLY REVIEWED","NOT APPLICABLE — product-gallery asset; no project claim approved","Published in this SKU's Tilda product gallery. Visual decor match, role beyond gallery association, quality and rights are not independently confirmed."
"MF-BLK-0002","Орион","Блоки","https://marmixflex.ru/tproduct/1706353951-199715758241-orion","https://static.tildacdn.com/stor6431-3031-4664-a535-616161623735/20638524.jpg","unknown","NO","Tilda product UID/title match; exact source gallery association","RIGHTS UNKNOWN","NO","","3","3","NOT INDIVIDUALLY REVIEWED","NOT APPLICABLE — product-gallery asset; no project claim approved","Published in this SKU's Tilda product gallery. Visual decor match, role beyond gallery association, quality and rights are not independently confirmed."
"MF-BLK-0005","Орфей","Блоки","https://marmixflex.ru/tproduct/1706353951-415884610211-orfei","https://static.tildacdn.com/stor3733-3433-4135-b661-363437623238/29533357.png","product_primary","YES","Tilda product UID/title match; exact source gallery association","RIGHTS UNKNOWN","NO","«Орфей» (MF-BLK-0005); confirm visually that this depicts the named decor before final alt.","3","1","NOT INDIVIDUALLY REVIEWED","NOT APPLICABLE — product-gallery asset; no project claim approved","Published in this SKU's Tilda product gallery. Visual decor match, role beyond gallery association, quality and rights are not independently confirmed."
"MF-BLK-0005","Орфей","Блоки","https://marmixflex.ru/tproduct/1706353951-415884610211-orfei","https://static.tildacdn.com/stor3837-3863-4639-a239-626437323238/33740270.png","unknown","NO","Tilda product UID/title match; exact source gallery association","RIGHTS UNKNOWN","NO","","3","2","NOT INDIVIDUALLY REVIEWED","NOT APPLICABLE — product-gallery asset; no project claim approved","Published in this SKU's Tilda product gallery. Visual decor match, role beyond gallery association, quality and rights are not independently confirmed."
"MF-BLK-0005","Орфей","Блоки","https://marmixflex.ru/tproduct/1706353951-415884610211-orfei","https://static.tildacdn.com/stor3663-6539-4337-b039-323163633361/82761802.jpg","unknown","NO","Tilda product UID/title match; exact source gallery association","RIGHTS UNKNOWN","NO","","3","3","NOT INDIVIDUALLY REVIEWED","NOT APPLICABLE — product-gallery asset; no project claim approved","Published in this SKU's Tilda product gallery. Visual decor match, role beyond gallery association, quality and rights are not independently confirmed."
"MF-STN-0012","Сamal","Гибкий камень","https://marmixflex.ru/tproduct/1706353951-983154307061-samal","https://static.tildacdn.com/stor3430-6232-4365-a633-643063333566/92629347.png","product_primary","YES","Tilda product UID/title match; exact source gallery association","RIGHTS UNKNOWN","NO","«Сamal» (MF-STN-0012); confirm visually that this depicts the named decor before final alt.","3","1","NOT INDIVIDUALLY REVIEWED","NOT APPLICABLE — product-gallery asset; no project claim approved","Published in this SKU's Tilda product gallery. Visual decor match, role beyond gallery association, quality and rights are not independently confirmed."
"MF-STN-0012","Сamal","Гибкий камень","https://marmixflex.ru/tproduct/1706353951-983154307061-samal","https://static.tildacdn.com/stor3230-3836-4236-b031-303333303663/62059981.png","unknown","NO","Tilda product UID/title match; exact source gallery association","RIGHTS UNKNOWN","NO","","3","2","NOT INDIVIDUALLY REVIEWED","NOT APPLICABLE — product-gallery asset; no project claim approved","Published in this SKU's Tilda product gallery. Visual decor match, role beyond gallery association, quality and rights are not independently confirmed."
"MF-STN-0012","Сamal","Гибкий камень","https://marmixflex.ru/tproduct/1706353951-983154307061-samal","https://static.tildacdn.com/stor3431-3533-4234-a663-646234393337/63524670.jpg","unknown","NO","Tilda product UID/title match; exact source gallery association","RIGHTS UNKNOWN","NO","","3","3","NOT INDIVIDUALLY REVIEWED","NOT APPLICABLE — product-gallery asset; no project claim approved","Published in this SKU's Tilda product gallery. Visual decor match, role beyond gallery association, quality and rights are not independently confirmed."
"MF-STN-0003","Moon","Гибкий камень","https://marmixflex.ru/tproduct/1706353951-489573810441-moon","https://static.tildacdn.com/stor3431-3338-4561-a261-623165636563/31098241.png","product_primary","YES","Tilda product UID/title match; exact source gallery association","RIGHTS UNKNOWN","NO","«Moon» (MF-STN-0003); confirm visually that this depicts the named decor before final alt.","3","1","NOT INDIVIDUALLY REVIEWED","NOT APPLICABLE — product-gallery asset; no project claim approved","Published in this SKU's Tilda product gallery. Visual decor match, role beyond gallery association, quality and rights are not independently confirmed."
"MF-STN-0003","Moon","Гибкий камень","https://marmixflex.ru/tproduct/1706353951-489573810441-moon","https://static.tildacdn.com/stor3564-3035-4764-b564-646633636563/36793472.png","unknown","NO","Tilda product UID/title match; exact source gallery association","RIGHTS UNKNOWN","NO","","3","2","NOT INDIVIDUALLY REVIEWED","NOT APPLICABLE — product-gallery asset; no project claim approved","Published in this SKU's Tilda product gallery. Visual decor match, role beyond gallery association, quality and rights are not independently confirmed."
"MF-STN-0003","Moon","Гибкий камень","https://marmixflex.ru/tproduct/1706353951-489573810441-moon","https://static.tildacdn.com/stor3935-3166-4537-b063-663863663732/80788244.jpg","unknown","NO","Tilda product UID/title match; exact source gallery association","RIGHTS UNKNOWN","NO","","3","3","NOT INDIVIDUALLY REVIEWED","NOT APPLICABLE — product-gallery asset; no project claim approved","Published in this SKU's Tilda product gallery. Visual decor match, role beyond gallery association, quality and rights are not independently confirmed."
"MF-STN-0002","Nature line","Гибкий камень","https://marmixflex.ru/tproduct/1706353951-348202425701-nature-line","https://static.tildacdn.com/stor3631-3561-4133-a536-363532343733/17060254.png","product_primary","YES","Tilda product UID/title match; exact source gallery association","RIGHTS UNKNOWN","NO","«Nature line» (MF-STN-0002); confirm visually that this depicts the named decor before final alt.","3","1","NOT INDIVIDUALLY REVIEWED","NOT APPLICABLE — product-gallery asset; no project claim approved","Published in this SKU's Tilda product gallery. Visual decor match, role beyond gallery association, quality and rights are not independently confirmed."
"MF-STN-0002","Nature line","Гибкий камень","https://marmixflex.ru/tproduct/1706353951-348202425701-nature-line","https://static.tildacdn.com/stor3131-3464-4530-b630-623862303566/21380711.png","unknown","NO","Tilda product UID/title match; exact source gallery association","RIGHTS UNKNOWN","NO","","3","2","NOT INDIVIDUALLY REVIEWED","NOT APPLICABLE — product-gallery asset; no project claim approved","Published in this SKU's Tilda product gallery. Visual decor match, role beyond gallery association, quality and rights are not independently confirmed."
"MF-STN-0002","Nature line","Гибкий камень","https://marmixflex.ru/tproduct/1706353951-348202425701-nature-line","https://static.tildacdn.com/stor3534-3363-4330-a561-346362643537/40589765.jpg","unknown","NO","Tilda product UID/title match; exact source gallery association","RIGHTS UNKNOWN","NO","","3","3","NOT INDIVIDUALLY REVIEWED","NOT APPLICABLE — product-gallery asset; no project claim approved","Published in this SKU's Tilda product gallery. Visual decor match, role beyond gallery association, quality and rights are not independently confirmed."
"MF-STN-0005","Nature","Гибкий камень","https://marmixflex.ru/tproduct/1706353951-566665349031-nature","https://static.tildacdn.com/stor3233-3162-4339-a336-633462383065/28623505.png","product_primary","YES","Tilda product UID/title match; exact source gallery association","RIGHTS UNKNOWN","NO","«Nature» (MF-STN-0005); confirm visually that this depicts the named decor before final alt.","3","1","NOT INDIVIDUALLY REVIEWED","NOT APPLICABLE — product-gallery asset; no project claim approved","Published in this SKU's Tilda product gallery. Visual decor match, role beyond gallery association, quality and rights are not independently confirmed."
"MF-STN-0005","Nature","Гибкий камень","https://marmixflex.ru/tproduct/1706353951-566665349031-nature","https://static.tildacdn.com/stor6436-6234-4436-b064-636331396363/75345265.png","unknown","NO","Tilda product UID/title match; exact source gallery association","RIGHTS UNKNOWN","NO","","3","2","NOT INDIVIDUALLY REVIEWED","NOT APPLICABLE — product-gallery asset; no project claim approved","Published in this SKU's Tilda product gallery. Visual decor match, role beyond gallery association, quality and rights are not independently confirmed."
"MF-STN-0005","Nature","Гибкий камень","https://marmixflex.ru/tproduct/1706353951-566665349031-nature","https://static.tildacdn.com/stor3661-3035-4062-a362-333063626532/82439572.jpg","unknown","NO","Tilda product UID/title match; exact source gallery association","RIGHTS UNKNOWN","NO","","3","3","NOT INDIVIDUALLY REVIEWED","NOT APPLICABLE — product-gallery asset; no project claim approved","Published in this SKU's Tilda product gallery. Visual decor match, role beyond gallery association, quality and rights are not independently confirmed."
"MF-STN-0007","North line","Гибкий камень","https://marmixflex.ru/tproduct/1706353951-647734966721-north-line","https://static.tildacdn.com/stor3365-3366-4632-b630-613464616433/41871573.png","product_primary","YES","Tilda product UID/title match; exact source gallery association","RIGHTS UNKNOWN","NO","«North line» (MF-STN-0007); confirm visually that this depicts the named decor before final alt.","3","1","NOT INDIVIDUALLY REVIEWED","NOT APPLICABLE — product-gallery asset; no project claim approved","Published in this SKU's Tilda product gallery. Visual decor match, role beyond gallery association, quality and rights are not independently confirmed."
"MF-STN-0007","North line","Гибкий камень","https://marmixflex.ru/tproduct/1706353951-647734966721-north-line","https://static.tildacdn.com/stor3934-3962-4839-b630-326532303663/73472016.png","unknown","NO","Tilda product UID/title match; exact source gallery association","RIGHTS UNKNOWN","NO","","3","2","NOT INDIVIDUALLY REVIEWED","NOT APPLICABLE — product-gallery asset; no project claim approved","Published in this SKU's Tilda product gallery. Visual decor match, role beyond gallery association, quality and rights are not independently confirmed."
"MF-STN-0007","North line","Гибкий камень","https://marmixflex.ru/tproduct/1706353951-647734966721-north-line","https://static.tildacdn.com/stor3530-6538-4865-a466-653163303830/92938910.jpg","unknown","NO","Tilda product UID/title match; exact source gallery association","RIGHTS UNKNOWN","NO","","3","3","NOT INDIVIDUALLY REVIEWED","NOT APPLICABLE — product-gallery asset; no project claim approved","Published in this SKU's Tilda product gallery. Visual decor match, role beyond gallery association, quality and rights are not independently confirmed."
"MF-STN-0008","North","Гибкий камень","https://marmixflex.ru/tproduct/1706353951-660309414691-north","https://static.tildacdn.com/stor3836-3066-4561-b966-353738613439/62465517.png","product_primary","YES","Tilda product UID/title match; exact source gallery association","RIGHTS UNKNOWN","NO","«North» (MF-STN-0008); confirm visually that this depicts the named decor before final alt.","3","1","NOT INDIVIDUALLY REVIEWED","NOT APPLICABLE — product-gallery asset; no project claim approved","Published in this SKU's Tilda product gallery. Visual decor match, role beyond gallery association, quality and rights are not independently confirmed."
"MF-STN-0008","North","Гибкий камень","https://marmixflex.ru/tproduct/1706353951-660309414691-north","https://static.tildacdn.com/stor6633-6638-4536-b865-386437656535/84448881.png","unknown","NO","Tilda product UID/title match; exact source gallery association","RIGHTS UNKNOWN","NO","","3","2","NOT INDIVIDUALLY REVIEWED","NOT APPLICABLE — product-gallery asset; no project claim approved","Published in this SKU's Tilda product gallery. Visual decor match, role beyond gallery association, quality and rights are not independently confirmed."
"MF-STN-0008","North","Гибкий камень","https://marmixflex.ru/tproduct/1706353951-660309414691-north","https://static.tildacdn.com/stor3634-3465-4930-a434-316334383265/71230891.jpg","unknown","NO","Tilda product UID/title match; exact source gallery association","RIGHTS UNKNOWN","NO","","3","3","NOT INDIVIDUALLY REVIEWED","NOT APPLICABLE — product-gallery asset; no project claim approved","Published in this SKU's Tilda product gallery. Visual decor match, role beyond gallery association, quality and rights are not independently confirmed."
"MF-STN-0006","Romano коричневый","Гибкий камень","https://marmixflex.ru/tproduct/1706353951-588243346171-romano-korichnevii","https://static.tildacdn.com/stor3763-3561-4163-b264-336534386131/29100760.png","product_primary","YES","Tilda product UID/title match; exact source gallery association","RIGHTS UNKNOWN","NO","«Romano коричневый» (MF-STN-0006); confirm visually that this depicts the named decor before final alt.","3","1","NOT INDIVIDUALLY REVIEWED","NOT APPLICABLE — product-gallery asset; no project claim approved","Published in this SKU's Tilda product gallery. Visual decor match, role beyond gallery association, quality and rights are not independently confirmed."
"MF-STN-0006","Romano коричневый","Гибкий камень","https://marmixflex.ru/tproduct/1706353951-588243346171-romano-korichnevii","https://static.tildacdn.com/stor3534-3463-4162-a438-343732326636/98499222.png","unknown","NO","Tilda product UID/title match; exact source gallery association","RIGHTS UNKNOWN","NO","","3","2","NOT INDIVIDUALLY REVIEWED","NOT APPLICABLE — product-gallery asset; no project claim approved","Published in this SKU's Tilda product gallery. Visual decor match, role beyond gallery association, quality and rights are not independently confirmed."
"MF-STN-0006","Romano коричневый","Гибкий камень","https://marmixflex.ru/tproduct/1706353951-588243346171-romano-korichnevii","https://static.tildacdn.com/stor3662-3736-4365-b135-633562616532/26657144.jpg","unknown","NO","Tilda product UID/title match; exact source gallery association","RIGHTS UNKNOWN","NO","","3","3","NOT INDIVIDUALLY REVIEWED","NOT APPLICABLE — product-gallery asset; no project claim approved","Published in this SKU's Tilda product gallery. Visual decor match, role beyond gallery association, quality and rights are not independently confirmed."
"MF-STN-0009","Sahara","Гибкий камень","https://marmixflex.ru/tproduct/1706353951-665571561511-sahara","https://static.tildacdn.com/stor6539-3463-4161-a134-323037326432/55675462.png","product_primary","YES","Tilda product UID/title match; exact source gallery association","RIGHTS UNKNOWN","NO","«Sahara» (MF-STN-0009); confirm visually that this depicts the named decor before final alt.","3","1","NOT INDIVIDUALLY REVIEWED","NOT APPLICABLE — product-gallery asset; no project claim approved","Published in this SKU's Tilda product gallery. Visual decor match, role beyond gallery association, quality and rights are not independently confirmed."
"MF-STN-0009","Sahara","Гибкий камень","https://marmixflex.ru/tproduct/1706353951-665571561511-sahara","https://static.tildacdn.com/stor6434-3162-4433-b535-313632373039/67629483.png","unknown","NO","Tilda product UID/title match; exact source gallery association","RIGHTS UNKNOWN","NO","","3","2","NOT INDIVIDUALLY REVIEWED","NOT APPLICABLE — product-gallery asset; no project claim approved","Published in this SKU's Tilda product gallery. Visual decor match, role beyond gallery association, quality and rights are not independently confirmed."
"MF-STN-0009","Sahara","Гибкий камень","https://marmixflex.ru/tproduct/1706353951-665571561511-sahara","https://static.tildacdn.com/stor6165-3131-4338-b862-353832613566/74025770.jpg","unknown","NO","Tilda product UID/title match; exact source gallery association","RIGHTS UNKNOWN","NO","","3","3","NOT INDIVIDUALLY REVIEWED","NOT APPLICABLE — product-gallery asset; no project claim approved","Published in this SKU's Tilda product gallery. Visual decor match, role beyond gallery association, quality and rights are not independently confirmed."
"MF-STN-0010","Silver line","Гибкий камень","https://marmixflex.ru/tproduct/1706353951-668625076291-silver-line","https://static.tildacdn.com/stor6435-3833-4362-b232-306334326431/17991736.png","product_primary","YES","Tilda product UID/title match; exact source gallery association","RIGHTS UNKNOWN","NO","«Silver line» (MF-STN-0010); confirm visually that this depicts the named decor before final alt.","3","1","NOT INDIVIDUALLY REVIEWED","NOT APPLICABLE — product-gallery asset; no project claim approved","Published in this SKU's Tilda product gallery. Visual decor match, role beyond gallery association, quality and rights are not independently confirmed."
"MF-STN-0010","Silver line","Гибкий камень","https://marmixflex.ru/tproduct/1706353951-668625076291-silver-line","https://static.tildacdn.com/stor3962-6333-4864-a435-383265616561/32992202.png","unknown","NO","Tilda product UID/title match; exact source gallery association","RIGHTS UNKNOWN","NO","","3","2","NOT INDIVIDUALLY REVIEWED","NOT APPLICABLE — product-gallery asset; no project claim approved","Published in this SKU's Tilda product gallery. Visual decor match, role beyond gallery association, quality and rights are not independently confirmed."
"MF-STN-0010","Silver line","Гибкий камень","https://marmixflex.ru/tproduct/1706353951-668625076291-silver-line","https://static.tildacdn.com/stor3133-3635-4663-b663-366464666162/93999330.jpg","unknown","NO","Tilda product UID/title match; exact source gallery association","RIGHTS UNKNOWN","NO","","3","3","NOT INDIVIDUALLY REVIEWED","NOT APPLICABLE — product-gallery asset; no project claim approved","Published in this SKU's Tilda product gallery. Visual decor match, role beyond gallery association, quality and rights are not independently confirmed."
"MF-STN-0004","Silver","Гибкий камень","https://marmixflex.ru/tproduct/1706353951-543268245351-silver","https://static.tildacdn.com/stor3334-6534-4539-b731-663932633037/56226658.png","product_primary","YES","Tilda product UID/title match; exact source gallery association","RIGHTS UNKNOWN","NO","«Silver» (MF-STN-0004); confirm visually that this depicts the named decor before final alt.","3","1","NOT INDIVIDUALLY REVIEWED","NOT APPLICABLE — product-gallery asset; no project claim approved","Published in this SKU's Tilda product gallery. Visual decor match, role beyond gallery association, quality and rights are not independently confirmed."
"MF-STN-0004","Silver","Гибкий камень","https://marmixflex.ru/tproduct/1706353951-543268245351-silver","https://static.tildacdn.com/stor3439-6166-4862-a262-326230356132/24279135.png","unknown","NO","Tilda product UID/title match; exact source gallery association","RIGHTS UNKNOWN","NO","","3","2","NOT INDIVIDUALLY REVIEWED","NOT APPLICABLE — product-gallery asset; no project claim approved","Published in this SKU's Tilda product gallery. Visual decor match, role beyond gallery association, quality and rights are not independently confirmed."
"MF-STN-0004","Silver","Гибкий камень","https://marmixflex.ru/tproduct/1706353951-543268245351-silver","https://static.tildacdn.com/stor3235-3138-4938-a464-303262363335/37077771.jpg","unknown","NO","Tilda product UID/title match; exact source gallery association","RIGHTS UNKNOWN","NO","","3","3","NOT INDIVIDUALLY REVIEWED","NOT APPLICABLE — product-gallery asset; no project claim approved","Published in this SKU's Tilda product gallery. Visual decor match, role beyond gallery association, quality and rights are not independently confirmed."
"MF-STN-0001","Аntique","Гибкий камень","https://marmixflex.ru/tproduct/1706353951-193631464151-antique","https://static.tildacdn.com/stor6266-3131-4365-b739-366533336535/61084053.png","product_primary","YES","Tilda product UID/title match; exact source gallery association","RIGHTS UNKNOWN","NO","«Аntique» (MF-STN-0001); confirm visually that this depicts the named decor before final alt.","3","1","NOT INDIVIDUALLY REVIEWED","NOT APPLICABLE — product-gallery asset; no project claim approved","Published in this SKU's Tilda product gallery. Visual decor match, role beyond gallery association, quality and rights are not independently confirmed."
"MF-STN-0001","Аntique","Гибкий камень","https://marmixflex.ru/tproduct/1706353951-193631464151-antique","https://static.tildacdn.com/stor3662-6634-4461-b533-613362333933/55447419.png","unknown","NO","Tilda product UID/title match; exact source gallery association","RIGHTS UNKNOWN","NO","","3","2","NOT INDIVIDUALLY REVIEWED","NOT APPLICABLE — product-gallery asset; no project claim approved","Published in this SKU's Tilda product gallery. Visual decor match, role beyond gallery association, quality and rights are not independently confirmed."
"MF-STN-0001","Аntique","Гибкий камень","https://marmixflex.ru/tproduct/1706353951-193631464151-antique","https://static.tildacdn.com/stor6237-3365-4165-b566-343465303837/56334524.jpg","unknown","NO","Tilda product UID/title match; exact source gallery association","RIGHTS UNKNOWN","NO","","3","3","NOT INDIVIDUALLY REVIEWED","NOT APPLICABLE — product-gallery asset; no project claim approved","Published in this SKU's Tilda product gallery. Visual decor match, role beyond gallery association, quality and rights are not independently confirmed."
"MF-STN-0011","Золотая осень","Гибкий камень","https://marmixflex.ru/tproduct/1706353951-860504983541-zolotaya-osen","https://static.tildacdn.com/stor6330-3562-4131-a661-396465373037/25778720.png","product_primary","YES","Tilda product UID/title match; exact source gallery association","RIGHTS UNKNOWN","NO","«Золотая осень» (MF-STN-0011); confirm visually that this depicts the named decor before final alt.","3","1","NOT INDIVIDUALLY REVIEWED","NOT APPLICABLE — product-gallery asset; no project claim approved","Published in this SKU's Tilda product gallery. Visual decor match, role beyond gallery association, quality and rights are not independently confirmed."
"MF-STN-0011","Золотая осень","Гибкий камень","https://marmixflex.ru/tproduct/1706353951-860504983541-zolotaya-osen","https://static.tildacdn.com/stor3937-6136-4564-a531-386336626666/14374851.png","unknown","NO","Tilda product UID/title match; exact source gallery association","RIGHTS UNKNOWN","NO","","3","2","NOT INDIVIDUALLY REVIEWED","NOT APPLICABLE — product-gallery asset; no project claim approved","Published in this SKU's Tilda product gallery. Visual decor match, role beyond gallery association, quality and rights are not independently confirmed."
"MF-STN-0011","Золотая осень","Гибкий камень","https://marmixflex.ru/tproduct/1706353951-860504983541-zolotaya-osen","https://static.tildacdn.com/stor3864-6661-4331-a265-303230653034/35432503.jpg","unknown","NO","Tilda product UID/title match; exact source gallery association","RIGHTS UNKNOWN","NO","","3","3","NOT INDIVIDUALLY REVIEWED","NOT APPLICABLE — product-gallery asset; no project claim approved","Published in this SKU's Tilda product gallery. Visual decor match, role beyond gallery association, quality and rights are not independently confirmed."
"MF-ACC-0005","Клей для гибкого камня базовый 3 кг","Сопутствующие материалы","https://marmixflex.ru/tproduct/1706353951-430950813071-klei-dlya-gibkogo-kamnya-bazovii-3-kg","https://static.tildacdn.com/stor6138-3961-4365-b135-333633646339/69963b2bc562c64b2a49ebe06beba715.jpg","unknown","NO","SHARED FIRST image among 9 SKU pages; primary identity ambiguous","RIGHTS UNKNOWN","NO","","1","1","NOT INDIVIDUALLY REVIEWED","NOT APPLICABLE — product-gallery asset; no project claim approved","Same first-image URL is used as primary on multiple distinct SKUs. Do not assign as SKU-specific primary until owner confirms mapping or provides replacements."
"MF-ACC-0011","Клей для гибкого камня базовый 5.6 кг","Сопутствующие материалы","https://marmixflex.ru/tproduct/1706353951-765138980211-klei-dlya-gibkogo-kamnya-bazovii-56-kg","https://static.tildacdn.com/stor6138-3961-4365-b135-333633646339/69963b2bc562c64b2a49ebe06beba715.jpg","unknown","NO","SHARED FIRST image among 9 SKU pages; primary identity ambiguous","RIGHTS UNKNOWN","NO","","1","1","NOT INDIVIDUALLY REVIEWED","NOT APPLICABLE — product-gallery asset; no project claim approved","Same first-image URL is used as primary on multiple distinct SKUs. Do not assign as SKU-specific primary until owner confirms mapping or provides replacements."
"MF-ACC-0009","Клей для гибкого камня базовый 10.7 кг","Сопутствующие материалы","https://marmixflex.ru/tproduct/1706353951-623407810631-klei-dlya-gibkogo-kamnya-bazovii-107-kg","https://static.tildacdn.com/stor6138-3961-4365-b135-333633646339/69963b2bc562c64b2a49ebe06beba715.jpg","unknown","NO","SHARED FIRST image among 9 SKU pages; primary identity ambiguous","RIGHTS UNKNOWN","NO","","1","1","NOT INDIVIDUALLY REVIEWED","NOT APPLICABLE — product-gallery asset; no project claim approved","Same first-image URL is used as primary on multiple distinct SKUs. Do not assign as SKU-specific primary until owner confirms mapping or provides replacements."
"MF-ACC-0003","Клей для гибкого камня универсальный 3 кг","Сопутствующие материалы","https://marmixflex.ru/tproduct/1706353951-238255948871-klei-dlya-gibkogo-kamnya-universalnii-3","https://static.tildacdn.com/stor6138-3961-4365-b135-333633646339/69963b2bc562c64b2a49ebe06beba715.jpg","unknown","NO","SHARED FIRST image among 9 SKU pages; primary identity ambiguous","RIGHTS UNKNOWN","NO","","1","1","NOT INDIVIDUALLY REVIEWED","NOT APPLICABLE — product-gallery asset; no project claim approved","Same first-image URL is used as primary on multiple distinct SKUs. Do not assign as SKU-specific primary until owner confirms mapping or provides replacements."
"MF-ACC-0007","Клей для гибкого камня универсальный 5.6 кг","Сопутствующие материалы","https://marmixflex.ru/tproduct/1706353951-559950215001-klei-dlya-gibkogo-kamnya-universalnii-56","https://static.tildacdn.com/stor6138-3961-4365-b135-333633646339/69963b2bc562c64b2a49ebe06beba715.jpg","unknown","NO","SHARED FIRST image among 9 SKU pages; primary identity ambiguous","RIGHTS UNKNOWN","NO","","1","1","NOT INDIVIDUALLY REVIEWED","NOT APPLICABLE — product-gallery asset; no project claim approved","Same first-image URL is used as primary on multiple distinct SKUs. Do not assign as SKU-specific primary until owner confirms mapping or provides replacements."
"MF-ACC-0008","Клей для гибкого камня универсальный 10.7 кг","Сопутствующие материалы","https://marmixflex.ru/tproduct/1706353951-571733025221-klei-dlya-gibkogo-kamnya-universalnii-10","https://static.tildacdn.com/stor6138-3961-4365-b135-333633646339/69963b2bc562c64b2a49ebe06beba715.jpg","unknown","NO","SHARED FIRST image among 9 SKU pages; primary identity ambiguous","RIGHTS UNKNOWN","NO","","1","1","NOT INDIVIDUALLY REVIEWED","NOT APPLICABLE — product-gallery asset; no project claim approved","Same first-image URL is used as primary on multiple distinct SKUs. Do not assign as SKU-specific primary until owner confirms mapping or provides replacements."
"MF-ACC-0006","Финишное покрытие акриловое для гибкого камня 3 кг","Сопутствующие материалы","https://marmixflex.ru/tproduct/1706353951-548873722801-finishnoe-pokritie-akrilovoe-dlya-gibkog","https://static.tildacdn.com/stor6138-3961-4365-b135-333633646339/69963b2bc562c64b2a49ebe06beba715.jpg","unknown","NO","SHARED FIRST image among 9 SKU pages; primary identity ambiguous","RIGHTS UNKNOWN","NO","","1","1","NOT INDIVIDUALLY REVIEWED","NOT APPLICABLE — product-gallery asset; no project claim approved","Same first-image URL is used as primary on multiple distinct SKUs. Do not assign as SKU-specific primary until owner confirms mapping or provides replacements."
"MF-ACC-0001","Финишное покрытие акриловое для гибкого камня 5.4кг","Сопутствующие материалы","https://marmixflex.ru/tproduct/1706353951-219454712061-finishnoe-pokritie-akrilovoe-dlya-gibkog","https://static.tildacdn.com/stor6138-3961-4365-b135-333633646339/69963b2bc562c64b2a49ebe06beba715.jpg","unknown","NO","SHARED FIRST image among 9 SKU pages; primary identity ambiguous","RIGHTS UNKNOWN","NO","","1","1","NOT INDIVIDUALLY REVIEWED","NOT APPLICABLE — product-gallery asset; no project claim approved","Same first-image URL is used as primary on multiple distinct SKUs. Do not assign as SKU-specific primary until owner confirms mapping or provides replacements."
"MF-ACC-0002","Финишное покрытие акриловое для гибкого камня 10.7кг","Сопутствующие материалы","https://marmixflex.ru/tproduct/1706353951-236494209491-finishnoe-pokritie-akrilovoe-dlya-gibkog","https://static.tildacdn.com/stor6138-3961-4365-b135-333633646339/69963b2bc562c64b2a49ebe06beba715.jpg","unknown","NO","SHARED FIRST image among 9 SKU pages; primary identity ambiguous","RIGHTS UNKNOWN","NO","","1","1","NOT INDIVIDUALLY REVIEWED","NOT APPLICABLE — product-gallery asset; no project claim approved","Same first-image URL is used as primary on multiple distinct SKUs. Do not assign as SKU-specific primary until owner confirms mapping or provides replacements."
"MF-ACC-0010","Финишное покрытие полиуретановое двухкомпонентное, 920гр","Сопутствующие материалы","https://marmixflex.ru/tproduct/1706353951-663328673881-finishnoe-pokritie-poliuretanovoe-dvuhko","https://static.tildacdn.com/stor3739-6164-4330-b130-646636323737/54309979.png","product_primary","YES","Tilda product UID/title match; exact source gallery association","RIGHTS UNKNOWN","NO","«Финишное покрытие полиуретановое двухкомпонентное, 920гр» (MF-ACC-0010); confirm visually that this depicts the named decor before final alt.","1","1","NOT INDIVIDUALLY REVIEWED","NOT APPLICABLE — product-gallery asset; no project claim approved","Published in this SKU's Tilda product gallery. Visual decor match, role beyond gallery association, quality and rights are not independently confirmed."
"MF-ACC-0004","Финишное покрытие полиуретановое. Без запаха, 850гр","Сопутствующие материалы","https://marmixflex.ru/tproduct/1706353951-429443750811-finishnoe-pokritie-poliuretanovoe-bez-za","https://static.tildacdn.com/stor3134-3633-4335-b332-613064623634/75598748.png","product_primary","YES","Tilda product UID/title match; exact source gallery association","RIGHTS UNKNOWN","NO","«Финишное покрытие полиуретановое. Без запаха, 850гр» (MF-ACC-0004); confirm visually that this depicts the named decor before final alt.","1","1","NOT INDIVIDUALLY REVIEWED","NOT APPLICABLE — product-gallery asset; no project claim approved","Published in this SKU's Tilda product gallery. Visual decor match, role beyond gallery association, quality and rights are not independently confirmed."
"","Homepage gallery image 01","Homepage / existing-site gallery","https://marmixflex.ru/","https://static.tildacdn.com/tild3838-6166-4861-b839-326230643066/photo_1_2025-12-17_2.jpg","interior_application","NO","NO SKU MAPPING — homepage slideshow introduced as work gallery; individual object/source unverified","RIGHTS UNKNOWN","NO","","60","1","NOT INDIVIDUALLY REVIEWED (3 of 60 sample-viewed)","NO — owner has not confirmed project identity/attribution","Sampled image visibly shows an interior/application or renovation context. This does not establish Marmix Flex authorship, client permission, whether the full gallery consists of real projects or visualizations, or reuse rights. Do not describe as a Marmix Flex project."
"","Homepage gallery image 02","Homepage / existing-site gallery","https://marmixflex.ru/","https://static.tildacdn.com/tild6435-3665-4936-b336-393031663862/photo_2_2025-12-17_2.jpg","unknown","NO","NO SKU MAPPING — homepage slideshow introduced as work gallery; individual object/source unverified","RIGHTS UNKNOWN","NO","","60","2","NOT INDIVIDUALLY REVIEWED (3 of 60 sample-viewed)","NO — owner has not confirmed project identity/attribution","Homepage work-gallery slide; not individually inspected. Image context, authorship, project/render status, quality and reuse rights are unverified. Do not describe as a Marmix Flex project."
"","Homepage gallery image 03","Homepage / existing-site gallery","https://marmixflex.ru/","https://static.tildacdn.com/tild3832-3231-4637-b066-383661326337/photo_3_2025-12-17_2.jpg","unknown","NO","NO SKU MAPPING — homepage slideshow introduced as work gallery; individual object/source unverified","RIGHTS UNKNOWN","NO","","60","3","NOT INDIVIDUALLY REVIEWED (3 of 60 sample-viewed)","NO — owner has not confirmed project identity/attribution","Homepage work-gallery slide; not individually inspected. Image context, authorship, project/render status, quality and reuse rights are unverified. Do not describe as a Marmix Flex project."
"","Homepage gallery image 04","Homepage / existing-site gallery","https://marmixflex.ru/","https://static.tildacdn.com/tild3739-6437-4033-a237-383538353164/photo_4_2025-12-17_2.jpg","unknown","NO","NO SKU MAPPING — homepage slideshow introduced as work gallery; individual object/source unverified","RIGHTS UNKNOWN","NO","","60","4","NOT INDIVIDUALLY REVIEWED (3 of 60 sample-viewed)","NO — owner has not confirmed project identity/attribution","Homepage work-gallery slide; not individually inspected. Image context, authorship, project/render status, quality and reuse rights are unverified. Do not describe as a Marmix Flex project."
"","Homepage gallery image 05","Homepage / existing-site gallery","https://marmixflex.ru/","https://static.tildacdn.com/tild6337-3633-4262-b361-333665646361/photo_5_2025-12-17_2.jpg","unknown","NO","NO SKU MAPPING — homepage slideshow introduced as work gallery; individual object/source unverified","RIGHTS UNKNOWN","NO","","60","5","NOT INDIVIDUALLY REVIEWED (3 of 60 sample-viewed)","NO — owner has not confirmed project identity/attribution","Homepage work-gallery slide; not individually inspected. Image context, authorship, project/render status, quality and reuse rights are unverified. Do not describe as a Marmix Flex project."
"","Homepage gallery image 06","Homepage / existing-site gallery","https://marmixflex.ru/","https://static.tildacdn.com/tild6537-6532-4266-b363-353261616631/photo_6_2025-12-17_2.jpg","unknown","NO","NO SKU MAPPING — homepage slideshow introduced as work gallery; individual object/source unverified","RIGHTS UNKNOWN","NO","","60","6","NOT INDIVIDUALLY REVIEWED (3 of 60 sample-viewed)","NO — owner has not confirmed project identity/attribution","Homepage work-gallery slide; not individually inspected. Image context, authorship, project/render status, quality and reuse rights are unverified. Do not describe as a Marmix Flex project."
"","Homepage gallery image 07","Homepage / existing-site gallery","https://marmixflex.ru/","https://static.tildacdn.com/tild3033-6463-4231-b539-663766353136/photo_7_2025-12-17_2.jpg","unknown","NO","NO SKU MAPPING — homepage slideshow introduced as work gallery; individual object/source unverified","RIGHTS UNKNOWN","NO","","60","7","NOT INDIVIDUALLY REVIEWED (3 of 60 sample-viewed)","NO — owner has not confirmed project identity/attribution","Homepage work-gallery slide; not individually inspected. Image context, authorship, project/render status, quality and reuse rights are unverified. Do not describe as a Marmix Flex project."
"","Homepage gallery image 08","Homepage / existing-site gallery","https://marmixflex.ru/","https://static.tildacdn.com/tild6232-3365-4136-a530-373862623837/photo_8_2025-12-17_2.jpg","unknown","NO","NO SKU MAPPING — homepage slideshow introduced as work gallery; individual object/source unverified","RIGHTS UNKNOWN","NO","","60","8","NOT INDIVIDUALLY REVIEWED (3 of 60 sample-viewed)","NO — owner has not confirmed project identity/attribution","Homepage work-gallery slide; not individually inspected. Image context, authorship, project/render status, quality and reuse rights are unverified. Do not describe as a Marmix Flex project."
"","Homepage gallery image 09","Homepage / existing-site gallery","https://marmixflex.ru/","https://static.tildacdn.com/tild3039-3835-4539-a163-323663323765/photo_9_2025-12-17_2.jpg","unknown","NO","NO SKU MAPPING — homepage slideshow introduced as work gallery; individual object/source unverified","RIGHTS UNKNOWN","NO","","60","9","NOT INDIVIDUALLY REVIEWED (3 of 60 sample-viewed)","NO — owner has not confirmed project identity/attribution","Homepage work-gallery slide; not individually inspected. Image context, authorship, project/render status, quality and reuse rights are unverified. Do not describe as a Marmix Flex project."
"","Homepage gallery image 10","Homepage / existing-site gallery","https://marmixflex.ru/","https://static.tildacdn.com/tild6134-6265-4233-b439-306332363436/photo_10_2025-12-17_.jpg","unknown","NO","NO SKU MAPPING — homepage slideshow introduced as work gallery; individual object/source unverified","RIGHTS UNKNOWN","NO","","60","10","NOT INDIVIDUALLY REVIEWED (3 of 60 sample-viewed)","NO — owner has not confirmed project identity/attribution","Homepage work-gallery slide; not individually inspected. Image context, authorship, project/render status, quality and reuse rights are unverified. Do not describe as a Marmix Flex project."
"","Homepage gallery image 11","Homepage / existing-site gallery","https://marmixflex.ru/","https://static.tildacdn.com/tild6566-3433-4361-a337-613337653034/photo_1_2025-12-17_2.jpg","unknown","NO","NO SKU MAPPING — homepage slideshow introduced as work gallery; individual object/source unverified","RIGHTS UNKNOWN","NO","","60","11","NOT INDIVIDUALLY REVIEWED (3 of 60 sample-viewed)","NO — owner has not confirmed project identity/attribution","Homepage work-gallery slide; not individually inspected. Image context, authorship, project/render status, quality and reuse rights are unverified. Do not describe as a Marmix Flex project."
"","Homepage gallery image 12","Homepage / existing-site gallery","https://marmixflex.ru/","https://static.tildacdn.com/tild3333-3664-4331-b662-376434646262/photo_2_2025-12-17_2.jpg","unknown","NO","NO SKU MAPPING — homepage slideshow introduced as work gallery; individual object/source unverified","RIGHTS UNKNOWN","NO","","60","12","NOT INDIVIDUALLY REVIEWED (3 of 60 sample-viewed)","NO — owner has not confirmed project identity/attribution","Homepage work-gallery slide; not individually inspected. Image context, authorship, project/render status, quality and reuse rights are unverified. Do not describe as a Marmix Flex project."
"","Homepage gallery image 13","Homepage / existing-site gallery","https://marmixflex.ru/","https://static.tildacdn.com/tild6538-3034-4033-b333-626464363335/photo_3_2025-12-17_2.jpg","unknown","NO","NO SKU MAPPING — homepage slideshow introduced as work gallery; individual object/source unverified","RIGHTS UNKNOWN","NO","","60","13","NOT INDIVIDUALLY REVIEWED (3 of 60 sample-viewed)","NO — owner has not confirmed project identity/attribution","Homepage work-gallery slide; not individually inspected. Image context, authorship, project/render status, quality and reuse rights are unverified. Do not describe as a Marmix Flex project."
"","Homepage gallery image 14","Homepage / existing-site gallery","https://marmixflex.ru/","https://static.tildacdn.com/tild6232-6135-4239-b039-343665363466/photo_4_2025-12-17_2.jpg","unknown","NO","NO SKU MAPPING — homepage slideshow introduced as work gallery; individual object/source unverified","RIGHTS UNKNOWN","NO","","60","14","NOT INDIVIDUALLY REVIEWED (3 of 60 sample-viewed)","NO — owner has not confirmed project identity/attribution","Homepage work-gallery slide; not individually inspected. Image context, authorship, project/render status, quality and reuse rights are unverified. Do not describe as a Marmix Flex project."
"","Homepage gallery image 15","Homepage / existing-site gallery","https://marmixflex.ru/","https://static.tildacdn.com/tild6336-3830-4439-a432-336365633934/photo_5_2025-12-17_2.jpg","unknown","NO","NO SKU MAPPING — homepage slideshow introduced as work gallery; individual object/source unverified","RIGHTS UNKNOWN","NO","","60","15","NOT INDIVIDUALLY REVIEWED (3 of 60 sample-viewed)","NO — owner has not confirmed project identity/attribution","Homepage work-gallery slide; not individually inspected. Image context, authorship, project/render status, quality and reuse rights are unverified. Do not describe as a Marmix Flex project."
"","Homepage gallery image 16","Homepage / existing-site gallery","https://marmixflex.ru/","https://static.tildacdn.com/tild6339-3537-4038-b234-346530663037/photo_6_2025-12-17_2.jpg","unknown","NO","NO SKU MAPPING — homepage slideshow introduced as work gallery; individual object/source unverified","RIGHTS UNKNOWN","NO","","60","16","NOT INDIVIDUALLY REVIEWED (3 of 60 sample-viewed)","NO — owner has not confirmed project identity/attribution","Homepage work-gallery slide; not individually inspected. Image context, authorship, project/render status, quality and reuse rights are unverified. Do not describe as a Marmix Flex project."
"","Homepage gallery image 17","Homepage / existing-site gallery","https://marmixflex.ru/","https://static.tildacdn.com/tild3637-3561-4533-a334-356134316261/photo_7_2025-12-17_2.jpg","unknown","NO","NO SKU MAPPING — homepage slideshow introduced as work gallery; individual object/source unverified","RIGHTS UNKNOWN","NO","","60","17","NOT INDIVIDUALLY REVIEWED (3 of 60 sample-viewed)","NO — owner has not confirmed project identity/attribution","Homepage work-gallery slide; not individually inspected. Image context, authorship, project/render status, quality and reuse rights are unverified. Do not describe as a Marmix Flex project."
"","Homepage gallery image 18","Homepage / existing-site gallery","https://marmixflex.ru/","https://static.tildacdn.com/tild3863-3265-4166-b739-613235313833/photo_8_2025-12-17_2.jpg","unknown","NO","NO SKU MAPPING — homepage slideshow introduced as work gallery; individual object/source unverified","RIGHTS UNKNOWN","NO","","60","18","NOT INDIVIDUALLY REVIEWED (3 of 60 sample-viewed)","NO — owner has not confirmed project identity/attribution","Homepage work-gallery slide; not individually inspected. Image context, authorship, project/render status, quality and reuse rights are unverified. Do not describe as a Marmix Flex project."
"","Homepage gallery image 19","Homepage / existing-site gallery","https://marmixflex.ru/","https://static.tildacdn.com/tild3339-3231-4133-a235-313365353663/photo_9_2025-12-17_2.jpg","unknown","NO","NO SKU MAPPING — homepage slideshow introduced as work gallery; individual object/source unverified","RIGHTS UNKNOWN","NO","","60","19","NOT INDIVIDUALLY REVIEWED (3 of 60 sample-viewed)","NO — owner has not confirmed project identity/attribution","Homepage work-gallery slide; not individually inspected. Image context, authorship, project/render status, quality and reuse rights are unverified. Do not describe as a Marmix Flex project."
"","Homepage gallery image 20","Homepage / existing-site gallery","https://marmixflex.ru/","https://static.tildacdn.com/tild3063-3364-4432-b835-626164646436/photo_10_2025-12-17_.jpg","unknown","NO","NO SKU MAPPING — homepage slideshow introduced as work gallery; individual object/source unverified","RIGHTS UNKNOWN","NO","","60","20","NOT INDIVIDUALLY REVIEWED (3 of 60 sample-viewed)","NO — owner has not confirmed project identity/attribution","Homepage work-gallery slide; not individually inspected. Image context, authorship, project/render status, quality and reuse rights are unverified. Do not describe as a Marmix Flex project."
"","Homepage gallery image 21","Homepage / existing-site gallery","https://marmixflex.ru/","https://static.tildacdn.com/tild3363-3732-4063-a430-643463366536/photo_11_2025-12-17_.jpg","unknown","NO","NO SKU MAPPING — homepage slideshow introduced as work gallery; individual object/source unverified","RIGHTS UNKNOWN","NO","","60","21","NOT INDIVIDUALLY REVIEWED (3 of 60 sample-viewed)","NO — owner has not confirmed project identity/attribution","Homepage work-gallery slide; not individually inspected. Image context, authorship, project/render status, quality and reuse rights are unverified. Do not describe as a Marmix Flex project."
"","Homepage gallery image 22","Homepage / existing-site gallery","https://marmixflex.ru/","https://static.tildacdn.com/tild6630-3130-4561-b166-613033383037/photo_12_2025-12-17_.jpg","unknown","NO","NO SKU MAPPING — homepage slideshow introduced as work gallery; individual object/source unverified","RIGHTS UNKNOWN","NO","","60","22","NOT INDIVIDUALLY REVIEWED (3 of 60 sample-viewed)","NO — owner has not confirmed project identity/attribution","Homepage work-gallery slide; not individually inspected. Image context, authorship, project/render status, quality and reuse rights are unverified. Do not describe as a Marmix Flex project."
"","Homepage gallery image 23","Homepage / existing-site gallery","https://marmixflex.ru/","https://static.tildacdn.com/tild3036-3366-4732-a262-393834633437/photo_13_2025-12-17_.jpg","unknown","NO","NO SKU MAPPING — homepage slideshow introduced as work gallery; individual object/source unverified","RIGHTS UNKNOWN","NO","","60","23","NOT INDIVIDUALLY REVIEWED (3 of 60 sample-viewed)","NO — owner has not confirmed project identity/attribution","Homepage work-gallery slide; not individually inspected. Image context, authorship, project/render status, quality and reuse rights are unverified. Do not describe as a Marmix Flex project."
"","Homepage gallery image 24","Homepage / existing-site gallery","https://marmixflex.ru/","https://static.tildacdn.com/tild3632-3439-4338-b034-353439323332/photo_14_2025-12-17_.jpg","unknown","NO","NO SKU MAPPING — homepage slideshow introduced as work gallery; individual object/source unverified","RIGHTS UNKNOWN","NO","","60","24","NOT INDIVIDUALLY REVIEWED (3 of 60 sample-viewed)","NO — owner has not confirmed project identity/attribution","Homepage work-gallery slide; not individually inspected. Image context, authorship, project/render status, quality and reuse rights are unverified. Do not describe as a Marmix Flex project."
"","Homepage gallery image 25","Homepage / existing-site gallery","https://marmixflex.ru/","https://static.tildacdn.com/tild3835-3162-4235-b531-373263316166/photo_15_2025-12-17_.jpg","unknown","NO","NO SKU MAPPING — homepage slideshow introduced as work gallery; individual object/source unverified","RIGHTS UNKNOWN","NO","","60","25","NOT INDIVIDUALLY REVIEWED (3 of 60 sample-viewed)","NO — owner has not confirmed project identity/attribution","Homepage work-gallery slide; not individually inspected. Image context, authorship, project/render status, quality and reuse rights are unverified. Do not describe as a Marmix Flex project."
"","Homepage gallery image 26","Homepage / existing-site gallery","https://marmixflex.ru/","https://static.tildacdn.com/tild3335-3537-4264-b933-646134336165/photo_16_2025-12-17_.jpg","unknown","NO","NO SKU MAPPING — homepage slideshow introduced as work gallery; individual object/source unverified","RIGHTS UNKNOWN","NO","","60","26","NOT INDIVIDUALLY REVIEWED (3 of 60 sample-viewed)","NO — owner has not confirmed project identity/attribution","Homepage work-gallery slide; not individually inspected. Image context, authorship, project/render status, quality and reuse rights are unverified. Do not describe as a Marmix Flex project."
"","Homepage gallery image 27","Homepage / existing-site gallery","https://marmixflex.ru/","https://static.tildacdn.com/tild3037-6334-4762-a135-313038616165/photo_17_2025-12-17_.jpg","unknown","NO","NO SKU MAPPING — homepage slideshow introduced as work gallery; individual object/source unverified","RIGHTS UNKNOWN","NO","","60","27","NOT INDIVIDUALLY REVIEWED (3 of 60 sample-viewed)","NO — owner has not confirmed project identity/attribution","Homepage work-gallery slide; not individually inspected. Image context, authorship, project/render status, quality and reuse rights are unverified. Do not describe as a Marmix Flex project."
"","Homepage gallery image 28","Homepage / existing-site gallery","https://marmixflex.ru/","https://static.tildacdn.com/tild3430-3366-4262-b430-663235613763/photo_18_2025-12-17_.jpg","unknown","NO","NO SKU MAPPING — homepage slideshow introduced as work gallery; individual object/source unverified","RIGHTS UNKNOWN","NO","","60","28","NOT INDIVIDUALLY REVIEWED (3 of 60 sample-viewed)","NO — owner has not confirmed project identity/attribution","Homepage work-gallery slide; not individually inspected. Image context, authorship, project/render status, quality and reuse rights are unverified. Do not describe as a Marmix Flex project."
"","Homepage gallery image 29","Homepage / existing-site gallery","https://marmixflex.ru/","https://static.tildacdn.com/tild6436-3130-4362-b063-383938333238/photo_19_2025-12-17_.jpg","unknown","NO","NO SKU MAPPING — homepage slideshow introduced as work gallery; individual object/source unverified","RIGHTS UNKNOWN","NO","","60","29","NOT INDIVIDUALLY REVIEWED (3 of 60 sample-viewed)","NO — owner has not confirmed project identity/attribution","Homepage work-gallery slide; not individually inspected. Image context, authorship, project/render status, quality and reuse rights are unverified. Do not describe as a Marmix Flex project."
"","Homepage gallery image 30","Homepage / existing-site gallery","https://marmixflex.ru/","https://static.tildacdn.com/tild3334-6338-4565-b963-393339373961/photo_20_2025-12-17_.jpg","interior_application","NO","NO SKU MAPPING — homepage slideshow introduced as work gallery; individual object/source unverified","RIGHTS UNKNOWN","NO","","60","30","NOT INDIVIDUALLY REVIEWED (3 of 60 sample-viewed)","NO — owner has not confirmed project identity/attribution","Sampled image visibly shows an interior/application or renovation context. This does not establish Marmix Flex authorship, client permission, whether the full gallery consists of real projects or visualizations, or reuse rights. Do not describe as a Marmix Flex project."
"","Homepage gallery image 31","Homepage / existing-site gallery","https://marmixflex.ru/","https://static.tildacdn.com/tild6137-6266-4364-a463-363565363035/photo_21_2025-12-17_.jpg","unknown","NO","NO SKU MAPPING — homepage slideshow introduced as work gallery; individual object/source unverified","RIGHTS UNKNOWN","NO","","60","31","NOT INDIVIDUALLY REVIEWED (3 of 60 sample-viewed)","NO — owner has not confirmed project identity/attribution","Homepage work-gallery slide; not individually inspected. Image context, authorship, project/render status, quality and reuse rights are unverified. Do not describe as a Marmix Flex project."
"","Homepage gallery image 32","Homepage / existing-site gallery","https://marmixflex.ru/","https://static.tildacdn.com/tild3631-6531-4336-a566-343763326337/photo_22_2025-12-17_.jpg","unknown","NO","NO SKU MAPPING — homepage slideshow introduced as work gallery; individual object/source unverified","RIGHTS UNKNOWN","NO","","60","32","NOT INDIVIDUALLY REVIEWED (3 of 60 sample-viewed)","NO — owner has not confirmed project identity/attribution","Homepage work-gallery slide; not individually inspected. Image context, authorship, project/render status, quality and reuse rights are unverified. Do not describe as a Marmix Flex project."
"","Homepage gallery image 33","Homepage / existing-site gallery","https://marmixflex.ru/","https://static.tildacdn.com/tild6133-3038-4931-b039-623263383935/photo_23_2025-12-17_.jpg","unknown","NO","NO SKU MAPPING — homepage slideshow introduced as work gallery; individual object/source unverified","RIGHTS UNKNOWN","NO","","60","33","NOT INDIVIDUALLY REVIEWED (3 of 60 sample-viewed)","NO — owner has not confirmed project identity/attribution","Homepage work-gallery slide; not individually inspected. Image context, authorship, project/render status, quality and reuse rights are unverified. Do not describe as a Marmix Flex project."
"","Homepage gallery image 34","Homepage / existing-site gallery","https://marmixflex.ru/","https://static.tildacdn.com/tild6164-6261-4464-a630-346561623930/photo_24_2025-12-17_.jpg","unknown","NO","NO SKU MAPPING — homepage slideshow introduced as work gallery; individual object/source unverified","RIGHTS UNKNOWN","NO","","60","34","NOT INDIVIDUALLY REVIEWED (3 of 60 sample-viewed)","NO — owner has not confirmed project identity/attribution","Homepage work-gallery slide; not individually inspected. Image context, authorship, project/render status, quality and reuse rights are unverified. Do not describe as a Marmix Flex project."
"","Homepage gallery image 35","Homepage / existing-site gallery","https://marmixflex.ru/","https://static.tildacdn.com/tild3833-3038-4535-a335-393661613563/photo_25_2025-12-17_.jpg","unknown","NO","NO SKU MAPPING — homepage slideshow introduced as work gallery; individual object/source unverified","RIGHTS UNKNOWN","NO","","60","35","NOT INDIVIDUALLY REVIEWED (3 of 60 sample-viewed)","NO — owner has not confirmed project identity/attribution","Homepage work-gallery slide; not individually inspected. Image context, authorship, project/render status, quality and reuse rights are unverified. Do not describe as a Marmix Flex project."
"","Homepage gallery image 36","Homepage / existing-site gallery","https://marmixflex.ru/","https://static.tildacdn.com/tild6366-3135-4731-b931-313561353262/photo_26_2025-12-17_.jpg","unknown","NO","NO SKU MAPPING — homepage slideshow introduced as work gallery; individual object/source unverified","RIGHTS UNKNOWN","NO","","60","36","NOT INDIVIDUALLY REVIEWED (3 of 60 sample-viewed)","NO — owner has not confirmed project identity/attribution","Homepage work-gallery slide; not individually inspected. Image context, authorship, project/render status, quality and reuse rights are unverified. Do not describe as a Marmix Flex project."
"","Homepage gallery image 37","Homepage / existing-site gallery","https://marmixflex.ru/","https://static.tildacdn.com/tild6231-6433-4232-a232-663366623035/photo_27_2025-12-17_.jpg","unknown","NO","NO SKU MAPPING — homepage slideshow introduced as work gallery; individual object/source unverified","RIGHTS UNKNOWN","NO","","60","37","NOT INDIVIDUALLY REVIEWED (3 of 60 sample-viewed)","NO — owner has not confirmed project identity/attribution","Homepage work-gallery slide; not individually inspected. Image context, authorship, project/render status, quality and reuse rights are unverified. Do not describe as a Marmix Flex project."
"","Homepage gallery image 38","Homepage / existing-site gallery","https://marmixflex.ru/","https://static.tildacdn.com/tild6430-3930-4163-a630-313433313835/photo_28_2025-12-17_.jpg","unknown","NO","NO SKU MAPPING — homepage slideshow introduced as work gallery; individual object/source unverified","RIGHTS UNKNOWN","NO","","60","38","NOT INDIVIDUALLY REVIEWED (3 of 60 sample-viewed)","NO — owner has not confirmed project identity/attribution","Homepage work-gallery slide; not individually inspected. Image context, authorship, project/render status, quality and reuse rights are unverified. Do not describe as a Marmix Flex project."
"","Homepage gallery image 39","Homepage / existing-site gallery","https://marmixflex.ru/","https://static.tildacdn.com/tild6464-3264-4231-a532-373066363039/photo_29_2025-12-17_.jpg","unknown","NO","NO SKU MAPPING — homepage slideshow introduced as work gallery; individual object/source unverified","RIGHTS UNKNOWN","NO","","60","39","NOT INDIVIDUALLY REVIEWED (3 of 60 sample-viewed)","NO — owner has not confirmed project identity/attribution","Homepage work-gallery slide; not individually inspected. Image context, authorship, project/render status, quality and reuse rights are unverified. Do not describe as a Marmix Flex project."
"","Homepage gallery image 40","Homepage / existing-site gallery","https://marmixflex.ru/","https://static.tildacdn.com/tild3463-3065-4235-b338-376439643366/photo_30_2025-12-17_.jpg","unknown","NO","NO SKU MAPPING — homepage slideshow introduced as work gallery; individual object/source unverified","RIGHTS UNKNOWN","NO","","60","40","NOT INDIVIDUALLY REVIEWED (3 of 60 sample-viewed)","NO — owner has not confirmed project identity/attribution","Homepage work-gallery slide; not individually inspected. Image context, authorship, project/render status, quality and reuse rights are unverified. Do not describe as a Marmix Flex project."
"","Homepage gallery image 41","Homepage / existing-site gallery","https://marmixflex.ru/","https://static.tildacdn.com/tild6433-3461-4066-a137-373061323433/photo_31_2025-12-17_.jpg","unknown","NO","NO SKU MAPPING — homepage slideshow introduced as work gallery; individual object/source unverified","RIGHTS UNKNOWN","NO","","60","41","NOT INDIVIDUALLY REVIEWED (3 of 60 sample-viewed)","NO — owner has not confirmed project identity/attribution","Homepage work-gallery slide; not individually inspected. Image context, authorship, project/render status, quality and reuse rights are unverified. Do not describe as a Marmix Flex project."
"","Homepage gallery image 42","Homepage / existing-site gallery","https://marmixflex.ru/","https://static.tildacdn.com/tild6464-3335-4133-b265-643639323762/photo_32_2025-12-17_.jpg","unknown","NO","NO SKU MAPPING — homepage slideshow introduced as work gallery; individual object/source unverified","RIGHTS UNKNOWN","NO","","60","42","NOT INDIVIDUALLY REVIEWED (3 of 60 sample-viewed)","NO — owner has not confirmed project identity/attribution","Homepage work-gallery slide; not individually inspected. Image context, authorship, project/render status, quality and reuse rights are unverified. Do not describe as a Marmix Flex project."
"","Homepage gallery image 43","Homepage / existing-site gallery","https://marmixflex.ru/","https://static.tildacdn.com/tild6363-6366-4637-a238-626566386438/photo_33_2025-12-17_.jpg","unknown","NO","NO SKU MAPPING — homepage slideshow introduced as work gallery; individual object/source unverified","RIGHTS UNKNOWN","NO","","60","43","NOT INDIVIDUALLY REVIEWED (3 of 60 sample-viewed)","NO — owner has not confirmed project identity/attribution","Homepage work-gallery slide; not individually inspected. Image context, authorship, project/render status, quality and reuse rights are unverified. Do not describe as a Marmix Flex project."
"","Homepage gallery image 44","Homepage / existing-site gallery","https://marmixflex.ru/","https://static.tildacdn.com/tild3738-6235-4230-a566-383539356462/photo_34_2025-12-17_.jpg","unknown","NO","NO SKU MAPPING — homepage slideshow introduced as work gallery; individual object/source unverified","RIGHTS UNKNOWN","NO","","60","44","NOT INDIVIDUALLY REVIEWED (3 of 60 sample-viewed)","NO — owner has not confirmed project identity/attribution","Homepage work-gallery slide; not individually inspected. Image context, authorship, project/render status, quality and reuse rights are unverified. Do not describe as a Marmix Flex project."
"","Homepage gallery image 45","Homepage / existing-site gallery","https://marmixflex.ru/","https://static.tildacdn.com/tild3933-6439-4061-b666-306265653064/photo_35_2025-12-17_.jpg","unknown","NO","NO SKU MAPPING — homepage slideshow introduced as work gallery; individual object/source unverified","RIGHTS UNKNOWN","NO","","60","45","NOT INDIVIDUALLY REVIEWED (3 of 60 sample-viewed)","NO — owner has not confirmed project identity/attribution","Homepage work-gallery slide; not individually inspected. Image context, authorship, project/render status, quality and reuse rights are unverified. Do not describe as a Marmix Flex project."
"","Homepage gallery image 46","Homepage / existing-site gallery","https://marmixflex.ru/","https://static.tildacdn.com/tild6566-6231-4730-a330-633834353138/photo_36_2025-12-17_.jpg","unknown","NO","NO SKU MAPPING — homepage slideshow introduced as work gallery; individual object/source unverified","RIGHTS UNKNOWN","NO","","60","46","NOT INDIVIDUALLY REVIEWED (3 of 60 sample-viewed)","NO — owner has not confirmed project identity/attribution","Homepage work-gallery slide; not individually inspected. Image context, authorship, project/render status, quality and reuse rights are unverified. Do not describe as a Marmix Flex project."
"","Homepage gallery image 47","Homepage / existing-site gallery","https://marmixflex.ru/","https://static.tildacdn.com/tild3062-3966-4831-a665-323861373135/photo_37_2025-12-17_.jpg","unknown","NO","NO SKU MAPPING — homepage slideshow introduced as work gallery; individual object/source unverified","RIGHTS UNKNOWN","NO","","60","47","NOT INDIVIDUALLY REVIEWED (3 of 60 sample-viewed)","NO — owner has not confirmed project identity/attribution","Homepage work-gallery slide; not individually inspected. Image context, authorship, project/render status, quality and reuse rights are unverified. Do not describe as a Marmix Flex project."
"","Homepage gallery image 48","Homepage / existing-site gallery","https://marmixflex.ru/","https://static.tildacdn.com/tild6630-3831-4430-b263-386363373262/photo_38_2025-12-17_.jpg","unknown","NO","NO SKU MAPPING — homepage slideshow introduced as work gallery; individual object/source unverified","RIGHTS UNKNOWN","NO","","60","48","NOT INDIVIDUALLY REVIEWED (3 of 60 sample-viewed)","NO — owner has not confirmed project identity/attribution","Homepage work-gallery slide; not individually inspected. Image context, authorship, project/render status, quality and reuse rights are unverified. Do not describe as a Marmix Flex project."
"","Homepage gallery image 49","Homepage / existing-site gallery","https://marmixflex.ru/","https://static.tildacdn.com/tild3262-3664-4539-a163-633266653838/photo_39_2025-12-17_.jpg","unknown","NO","NO SKU MAPPING — homepage slideshow introduced as work gallery; individual object/source unverified","RIGHTS UNKNOWN","NO","","60","49","NOT INDIVIDUALLY REVIEWED (3 of 60 sample-viewed)","NO — owner has not confirmed project identity/attribution","Homepage work-gallery slide; not individually inspected. Image context, authorship, project/render status, quality and reuse rights are unverified. Do not describe as a Marmix Flex project."
"","Homepage gallery image 50","Homepage / existing-site gallery","https://marmixflex.ru/","https://static.tildacdn.com/tild6263-6664-4230-b834-353634396665/photo_40_2025-12-17_.jpg","unknown","NO","NO SKU MAPPING — homepage slideshow introduced as work gallery; individual object/source unverified","RIGHTS UNKNOWN","NO","","60","50","NOT INDIVIDUALLY REVIEWED (3 of 60 sample-viewed)","NO — owner has not confirmed project identity/attribution","Homepage work-gallery slide; not individually inspected. Image context, authorship, project/render status, quality and reuse rights are unverified. Do not describe as a Marmix Flex project."
"","Homepage gallery image 51","Homepage / existing-site gallery","https://marmixflex.ru/","https://static.tildacdn.com/tild6639-6637-4937-b761-636138316563/photo_41_2025-12-17_.jpg","unknown","NO","NO SKU MAPPING — homepage slideshow introduced as work gallery; individual object/source unverified","RIGHTS UNKNOWN","NO","","60","51","NOT INDIVIDUALLY REVIEWED (3 of 60 sample-viewed)","NO — owner has not confirmed project identity/attribution","Homepage work-gallery slide; not individually inspected. Image context, authorship, project/render status, quality and reuse rights are unverified. Do not describe as a Marmix Flex project."
"","Homepage gallery image 52","Homepage / existing-site gallery","https://marmixflex.ru/","https://static.tildacdn.com/tild3437-3435-4065-a661-333437626462/photo_42_2025-12-17_.jpg","unknown","NO","NO SKU MAPPING — homepage slideshow introduced as work gallery; individual object/source unverified","RIGHTS UNKNOWN","NO","","60","52","NOT INDIVIDUALLY REVIEWED (3 of 60 sample-viewed)","NO — owner has not confirmed project identity/attribution","Homepage work-gallery slide; not individually inspected. Image context, authorship, project/render status, quality and reuse rights are unverified. Do not describe as a Marmix Flex project."
"","Homepage gallery image 53","Homepage / existing-site gallery","https://marmixflex.ru/","https://static.tildacdn.com/tild3739-3364-4735-a536-393566363837/photo_43_2025-12-17_.jpg","unknown","NO","NO SKU MAPPING — homepage slideshow introduced as work gallery; individual object/source unverified","RIGHTS UNKNOWN","NO","","60","53","NOT INDIVIDUALLY REVIEWED (3 of 60 sample-viewed)","NO — owner has not confirmed project identity/attribution","Homepage work-gallery slide; not individually inspected. Image context, authorship, project/render status, quality and reuse rights are unverified. Do not describe as a Marmix Flex project."
"","Homepage gallery image 54","Homepage / existing-site gallery","https://marmixflex.ru/","https://static.tildacdn.com/tild3637-6431-4562-b438-373133363737/photo_44_2025-12-17_.jpg","unknown","NO","NO SKU MAPPING — homepage slideshow introduced as work gallery; individual object/source unverified","RIGHTS UNKNOWN","NO","","60","54","NOT INDIVIDUALLY REVIEWED (3 of 60 sample-viewed)","NO — owner has not confirmed project identity/attribution","Homepage work-gallery slide; not individually inspected. Image context, authorship, project/render status, quality and reuse rights are unverified. Do not describe as a Marmix Flex project."
"","Homepage gallery image 55","Homepage / existing-site gallery","https://marmixflex.ru/","https://static.tildacdn.com/tild6265-6163-4432-b032-663439333462/photo_45_2025-12-17_.jpg","unknown","NO","NO SKU MAPPING — homepage slideshow introduced as work gallery; individual object/source unverified","RIGHTS UNKNOWN","NO","","60","55","NOT INDIVIDUALLY REVIEWED (3 of 60 sample-viewed)","NO — owner has not confirmed project identity/attribution","Homepage work-gallery slide; not individually inspected. Image context, authorship, project/render status, quality and reuse rights are unverified. Do not describe as a Marmix Flex project."
"","Homepage gallery image 56","Homepage / existing-site gallery","https://marmixflex.ru/","https://static.tildacdn.com/tild3266-3032-4263-b132-306565363339/photo_46_2025-12-17_.jpg","unknown","NO","NO SKU MAPPING — homepage slideshow introduced as work gallery; individual object/source unverified","RIGHTS UNKNOWN","NO","","60","56","NOT INDIVIDUALLY REVIEWED (3 of 60 sample-viewed)","NO — owner has not confirmed project identity/attribution","Homepage work-gallery slide; not individually inspected. Image context, authorship, project/render status, quality and reuse rights are unverified. Do not describe as a Marmix Flex project."
"","Homepage gallery image 57","Homepage / existing-site gallery","https://marmixflex.ru/","https://static.tildacdn.com/tild6164-3533-4038-b935-326337613330/photo_47_2025-12-17_.jpg","unknown","NO","NO SKU MAPPING — homepage slideshow introduced as work gallery; individual object/source unverified","RIGHTS UNKNOWN","NO","","60","57","NOT INDIVIDUALLY REVIEWED (3 of 60 sample-viewed)","NO — owner has not confirmed project identity/attribution","Homepage work-gallery slide; not individually inspected. Image context, authorship, project/render status, quality and reuse rights are unverified. Do not describe as a Marmix Flex project."
"","Homepage gallery image 58","Homepage / existing-site gallery","https://marmixflex.ru/","https://static.tildacdn.com/tild3966-3864-4535-a662-636464373133/photo_48_2025-12-17_.jpg","unknown","NO","NO SKU MAPPING — homepage slideshow introduced as work gallery; individual object/source unverified","RIGHTS UNKNOWN","NO","","60","58","NOT INDIVIDUALLY REVIEWED (3 of 60 sample-viewed)","NO — owner has not confirmed project identity/attribution","Homepage work-gallery slide; not individually inspected. Image context, authorship, project/render status, quality and reuse rights are unverified. Do not describe as a Marmix Flex project."
"","Homepage gallery image 59","Homepage / existing-site gallery","https://marmixflex.ru/","https://static.tildacdn.com/tild3632-6563-4630-b734-303630333233/photo_49_2025-12-17_.jpg","unknown","NO","NO SKU MAPPING — homepage slideshow introduced as work gallery; individual object/source unverified","RIGHTS UNKNOWN","NO","","60","59","NOT INDIVIDUALLY REVIEWED (3 of 60 sample-viewed)","NO — owner has not confirmed project identity/attribution","Homepage work-gallery slide; not individually inspected. Image context, authorship, project/render status, quality and reuse rights are unverified. Do not describe as a Marmix Flex project."
"","Homepage gallery image 60","Homepage / existing-site gallery","https://marmixflex.ru/","https://static.tildacdn.com/tild3437-3137-4362-b066-663335613731/photo_50_2025-12-17_.jpg","interior_application","NO","NO SKU MAPPING — homepage slideshow introduced as work gallery; individual object/source unverified","RIGHTS UNKNOWN","NO","","60","60","NOT INDIVIDUALLY REVIEWED (3 of 60 sample-viewed)","NO — owner has not confirmed project identity/attribution","Sampled image visibly shows an interior/application or renovation context. This does not establish Marmix Flex authorship, client permission, whether the full gallery consists of real projects or visualizations, or reuse rights. Do not describe as a Marmix Flex project."
"","Homepage source asset: Group_706_1.png","Homepage / existing-site visual","https://marmixflex.ru/","https://static.tildacdn.com/tild6635-6436-4234-a538-653562626566/Group_706_1.png","unknown","NO","NO SKU MAPPING — homepage visual asset in Tilda block 340391086","RIGHTS UNKNOWN","NO","","1","","NOT INDIVIDUALLY REVIEWED","NOT CONFIRMED","Homepage decorative/editorial source asset; exact subject, quality, product mapping and reuse permission not reviewed."
"","Homepage source asset: Group_706_1.png","Homepage / existing-site visual","https://marmixflex.ru/","https://static.tildacdn.com/tild3532-3361-4339-a132-393337313634/Group_706_1.png","unknown","NO","NO SKU MAPPING — homepage visual asset in Tilda block 1655757491","RIGHTS UNKNOWN","NO","","1","","NOT INDIVIDUALLY REVIEWED","NOT CONFIRMED","Homepage decorative/editorial source asset; exact subject, quality, product mapping and reuse permission not reviewed."
"","Homepage source asset: Group_365_1.png","Homepage / existing-site visual","https://marmixflex.ru/","https://static.tildacdn.com/tild3530-3565-4134-a631-633763353931/Group_365_1.png","unknown","NO","NO SKU MAPPING — homepage visual asset in Tilda block 1665737571","RIGHTS UNKNOWN","NO","","1","","NOT INDIVIDUALLY REVIEWED","NOT CONFIRMED","Homepage decorative/editorial source asset; exact subject, quality, product mapping and reuse permission not reviewed."
"","Homepage source asset: MRAMOR-GOLUBOJ-106.jpg","Homepage / existing-site visual","https://marmixflex.ru/","https://static.tildacdn.com/tild6463-6263-4234-a137-623563363533/MRAMOR-GOLUBOJ-106.jpg","unknown","NO","NO SKU MAPPING — filename suggests material imagery but exact decor/SKU is not confirmed","RIGHTS UNKNOWN","NO","","1","","NOT INDIVIDUALLY REVIEWED","NOT CONFIRMED","Source filename suggests material imagery; no SKU identity or use rights inferred from filename."
"","Homepage source asset: Group_366_4.png","Homepage / existing-site visual","https://marmixflex.ru/","https://static.tildacdn.com/tild3338-3463-4839-b063-626362356665/Group_366_4.png","unknown","NO","NO SKU MAPPING — homepage visual asset in Tilda block 1665737571","RIGHTS UNKNOWN","NO","","1","","NOT INDIVIDUALLY REVIEWED","NOT CONFIRMED","Homepage decorative/editorial source asset; exact subject, quality, product mapping and reuse permission not reviewed."
"","Homepage source asset: Group_705_3.png","Homepage / existing-site visual","https://marmixflex.ru/","https://static.tildacdn.com/tild6635-6130-4439-b132-653266663531/Group_705_3.png","unknown","NO","NO SKU MAPPING — homepage visual asset in Tilda block 1665737571","RIGHTS UNKNOWN","NO","","1","","NOT INDIVIDUALLY REVIEWED","NOT CONFIRMED","Homepage decorative/editorial source asset; exact subject, quality, product mapping and reuse permission not reviewed."
"","Homepage source asset: Group_307_4.png","Homepage / existing-site visual","https://marmixflex.ru/","https://static.tildacdn.com/tild3730-3339-4461-b731-366663666132/Group_307_4.png","unknown","NO","NO SKU MAPPING — homepage visual asset in Tilda block 1665737571","RIGHTS UNKNOWN","NO","","1","","NOT INDIVIDUALLY REVIEWED","NOT CONFIRMED","Homepage decorative/editorial source asset; exact subject, quality, product mapping and reuse permission not reviewed."
"","Homepage source asset: Group_308_1_-_copy.png","Homepage / existing-site visual","https://marmixflex.ru/","https://static.tildacdn.com/tild3531-3966-4035-b739-366633333530/Group_308_1_-_copy.png","unknown","NO","NO SKU MAPPING — homepage visual asset in Tilda block 1665737571","RIGHTS UNKNOWN","NO","","1","","NOT INDIVIDUALLY REVIEWED","NOT CONFIRMED","Homepage decorative/editorial source asset; exact subject, quality, product mapping and reuse permission not reviewed."
"","Homepage source asset: Group_309_2.png","Homepage / existing-site visual","https://marmixflex.ru/","https://static.tildacdn.com/tild3837-3364-4665-a132-613335306237/Group_309_2.png","unknown","NO","NO SKU MAPPING — homepage visual asset in Tilda block 1665737571","RIGHTS UNKNOWN","NO","","1","","NOT INDIVIDUALLY REVIEWED","NOT CONFIRMED","Homepage decorative/editorial source asset; exact subject, quality, product mapping and reuse permission not reviewed."
"","Homepage source asset: Group_704_2.png","Homepage / existing-site visual","https://marmixflex.ru/","https://static.tildacdn.com/tild6330-3735-4330-a637-363661326634/Group_704_2.png","unknown","NO","NO SKU MAPPING — homepage visual asset in Tilda block 1665737571","RIGHTS UNKNOWN","NO","","1","","NOT INDIVIDUALLY REVIEWED","NOT CONFIRMED","Homepage decorative/editorial source asset; exact subject, quality, product mapping and reuse permission not reviewed."
"","Homepage source asset: Group_706_1.png","Homepage / existing-site visual","https://marmixflex.ru/","https://static.tildacdn.com/tild3961-3736-4139-a131-303934386433/Group_706_1.png","unknown","NO","NO SKU MAPPING — homepage visual asset in Tilda block 1665737571","RIGHTS UNKNOWN","NO","","1","","NOT INDIVIDUALLY REVIEWED","NOT CONFIRMED","Homepage decorative/editorial source asset; exact subject, quality, product mapping and reuse permission not reviewed."
"","Homepage source asset: oniks-pestryj-1536x1.jpg","Homepage / existing-site visual","https://marmixflex.ru/","https://static.tildacdn.com/tild6361-3037-4734-b538-616164626265/oniks-pestryj-1536x1.jpg","unknown","NO","NO SKU MAPPING — filename suggests material imagery but exact decor/SKU is not confirmed","RIGHTS UNKNOWN","NO","","1","","NOT INDIVIDUALLY REVIEWED","NOT CONFIRMED","Source filename suggests material imagery; no SKU identity or use rights inferred from filename."
"","Homepage source asset: Group_442_2.png","Homepage / existing-site visual","https://marmixflex.ru/","https://static.tildacdn.com/tild6661-3564-4430-a232-373063663165/Group_442_2.png","unknown","NO","NO SKU MAPPING — homepage visual asset in Tilda block 1665737591","RIGHTS UNKNOWN","NO","","1","","NOT INDIVIDUALLY REVIEWED","NOT CONFIRMED","Homepage decorative/editorial source asset; exact subject, quality, product mapping and reuse permission not reviewed."
"","Homepage source asset: Group_334_3.png","Homepage / existing-site visual","https://marmixflex.ru/","https://static.tildacdn.com/tild6632-3934-4230-a232-366639646132/Group_334_3.png","unknown","NO","NO SKU MAPPING — homepage visual asset in Tilda block 1665737601","RIGHTS UNKNOWN","NO","","1","","NOT INDIVIDUALLY REVIEWED","NOT CONFIRMED","Homepage decorative/editorial source asset; exact subject, quality, product mapping and reuse permission not reviewed."
"","Homepage source asset: Group_371_1_-_copy.png","Homepage / existing-site visual","https://marmixflex.ru/","https://static.tildacdn.com/tild3536-3766-4263-b864-643631393737/Group_371_1_-_copy.png","unknown","NO","NO SKU MAPPING — homepage visual asset in Tilda block 1665737641","RIGHTS UNKNOWN","NO","","1","","NOT INDIVIDUALLY REVIEWED","NOT CONFIRMED","Homepage decorative/editorial source asset; exact subject, quality, product mapping and reuse permission not reviewed."
"","Homepage source asset: Group_435.png","Homepage / existing-site visual","https://marmixflex.ru/","https://static.tildacdn.com/tild3263-3361-4462-b465-383862656437/Group_435.png","unknown","NO","NO SKU MAPPING — homepage visual asset in Tilda block 1665737691","RIGHTS UNKNOWN","NO","","1","","NOT INDIVIDUALLY REVIEWED","NOT CONFIRMED","Homepage decorative/editorial source asset; exact subject, quality, product mapping and reuse permission not reviewed."
"","Homepage source asset: Group_436_-_copy.png","Homepage / existing-site visual","https://marmixflex.ru/","https://static.tildacdn.com/tild3936-6637-4164-a139-393039383231/Group_436_-_copy.png","unknown","NO","NO SKU MAPPING — homepage visual asset in Tilda block 1665737701","RIGHTS UNKNOWN","NO","","1","","NOT INDIVIDUALLY REVIEWED","NOT CONFIRMED","Homepage decorative/editorial source asset; exact subject, quality, product mapping and reuse permission not reviewed."
"","Homepage source asset: Group_437.png","Homepage / existing-site visual","https://marmixflex.ru/","https://static.tildacdn.com/tild3733-3233-4166-a237-633237333166/Group_437.png","unknown","NO","NO SKU MAPPING — homepage visual asset in Tilda block 1665737701","RIGHTS UNKNOWN","NO","","1","","NOT INDIVIDUALLY REVIEWED","NOT CONFIRMED","Homepage decorative/editorial source asset; exact subject, quality, product mapping and reuse permission not reviewed."
"","Homepage source asset: Group_438.png","Homepage / existing-site visual","https://marmixflex.ru/","https://static.tildacdn.com/tild3065-3338-4334-b063-636432643062/Group_438.png","unknown","NO","NO SKU MAPPING — homepage visual asset in Tilda block 1665737701","RIGHTS UNKNOWN","NO","","1","","NOT INDIVIDUALLY REVIEWED","NOT CONFIRMED","Homepage decorative/editorial source asset; exact subject, quality, product mapping and reuse permission not reviewed."
"","Homepage source asset: Group_439_-_copy.png","Homepage / existing-site visual","https://marmixflex.ru/","https://static.tildacdn.com/tild3936-6535-4434-b035-643532326139/Group_439_-_copy.png","unknown","NO","NO SKU MAPPING — homepage visual asset in Tilda block 1665737701","RIGHTS UNKNOWN","NO","","1","","NOT INDIVIDUALLY REVIEWED","NOT CONFIRMED","Homepage decorative/editorial source asset; exact subject, quality, product mapping and reuse permission not reviewed."
"","Homepage source asset: Group_440_-_copy.png","Homepage / existing-site visual","https://marmixflex.ru/","https://static.tildacdn.com/tild3237-6561-4365-b738-323266663439/Group_440_-_copy.png","unknown","NO","NO SKU MAPPING — homepage visual asset in Tilda block 1665737721","RIGHTS UNKNOWN","NO","","1","","NOT INDIVIDUALLY REVIEWED","NOT CONFIRMED","Homepage decorative/editorial source asset; exact subject, quality, product mapping and reuse permission not reviewed."
"","Homepage source asset: Group_340_1.png","Homepage / existing-site visual","https://marmixflex.ru/","https://static.tildacdn.com/tild3835-3134-4866-a237-633339663831/Group_340_1.png","unknown","NO","NO SKU MAPPING — homepage visual asset in Tilda block 1665737741","RIGHTS UNKNOWN","NO","","1","","NOT INDIVIDUALLY REVIEWED","NOT CONFIRMED","Homepage decorative/editorial source asset; exact subject, quality, product mapping and reuse permission not reviewed."
"","Homepage source asset: Group_350_-_copy.png","Homepage / existing-site visual","https://marmixflex.ru/","https://static.tildacdn.com/tild3033-6364-4263-b762-646464643232/Group_350_-_copy.png","unknown","NO","NO SKU MAPPING — homepage visual asset in Tilda block 1665737741","RIGHTS UNKNOWN","NO","","1","","NOT INDIVIDUALLY REVIEWED","NOT CONFIRMED","Homepage decorative/editorial source asset; exact subject, quality, product mapping and reuse permission not reviewed."
"","Homepage source asset: Group_346_-_copy.png","Homepage / existing-site visual","https://marmixflex.ru/","https://static.tildacdn.com/tild6361-3132-4366-b666-626466616362/Group_346_-_copy.png","unknown","NO","NO SKU MAPPING — homepage visual asset in Tilda block 1665737741","RIGHTS UNKNOWN","NO","","1","","NOT INDIVIDUALLY REVIEWED","NOT CONFIRMED","Homepage decorative/editorial source asset; exact subject, quality, product mapping and reuse permission not reviewed."
"","Homepage source asset: Group_348_-_copy.png","Homepage / existing-site visual","https://marmixflex.ru/","https://static.tildacdn.com/tild3065-3637-4534-b739-323461363861/Group_348_-_copy.png","unknown","NO","NO SKU MAPPING — homepage visual asset in Tilda block 1665737741","RIGHTS UNKNOWN","NO","","1","","NOT INDIVIDUALLY REVIEWED","NOT CONFIRMED","Homepage decorative/editorial source asset; exact subject, quality, product mapping and reuse permission not reviewed."
"","Homepage source asset: Group_352_1.png","Homepage / existing-site visual","https://marmixflex.ru/","https://static.tildacdn.com/tild3533-6139-4161-b766-376663326133/Group_352_1.png","unknown","NO","NO SKU MAPPING — homepage visual asset in Tilda block 1665737741","RIGHTS UNKNOWN","NO","","1","","NOT INDIVIDUALLY REVIEWED","NOT CONFIRMED","Homepage decorative/editorial source asset; exact subject, quality, product mapping and reuse permission not reviewed."
"","Homepage source asset: Group_354_1.png","Homepage / existing-site visual","https://marmixflex.ru/","https://static.tildacdn.com/tild6135-6430-4665-b132-623965666565/Group_354_1.png","unknown","NO","NO SKU MAPPING — homepage visual asset in Tilda block 1665737741","RIGHTS UNKNOWN","NO","","1","","NOT INDIVIDUALLY REVIEWED","NOT CONFIRMED","Homepage decorative/editorial source asset; exact subject, quality, product mapping and reuse permission not reviewed."
"","Homepage source asset: Group_441.png","Homepage / existing-site visual","https://marmixflex.ru/","https://static.tildacdn.com/tild6561-6130-4535-a135-323762343436/Group_441.png","unknown","NO","NO SKU MAPPING — homepage visual asset in Tilda block 1665737751","RIGHTS UNKNOWN","NO","","1","","NOT INDIVIDUALLY REVIEWED","NOT CONFIRMED","Homepage decorative/editorial source asset; exact subject, quality, product mapping and reuse permission not reviewed."
"","Homepage source asset: Group_707_1.png","Homepage / existing-site visual","https://marmixflex.ru/","https://static.tildacdn.com/tild3465-3634-4035-b061-376638316435/Group_707_1.png","unknown","NO","NO SKU MAPPING — homepage visual asset in Tilda block 1665737831","RIGHTS UNKNOWN","NO","","1","","NOT INDIVIDUALLY REVIEWED","NOT CONFIRMED","Homepage decorative/editorial source asset; exact subject, quality, product mapping and reuse permission not reviewed."
"","Homepage source asset: Group_365_1.png","Homepage / existing-site visual","https://marmixflex.ru/","https://static.tildacdn.com/tild3931-6233-4465-b530-613364663631/Group_365_1.png","unknown","NO","NO SKU MAPPING — homepage visual asset in Tilda block 340391745","RIGHTS UNKNOWN","NO","","1","","NOT INDIVIDUALLY REVIEWED","NOT CONFIRMED","Homepage decorative/editorial source asset; exact subject, quality, product mapping and reuse permission not reviewed."
"","Homepage source asset: Group_706_1.png","Homepage / existing-site visual","https://marmixflex.ru/","https://static.tildacdn.com/tild3961-3233-4963-b132-616337623565/Group_706_1.png","unknown","NO","NO SKU MAPPING — homepage visual asset in Tilda block 340391745","RIGHTS UNKNOWN","NO","","1","","NOT INDIVIDUALLY REVIEWED","NOT CONFIRMED","Homepage decorative/editorial source asset; exact subject, quality, product mapping and reuse permission not reviewed."
"","Approved prototype asset: hero-room.webp","Prototype / temporary presentation","prototype/index.html","prototype/assets/hero-room.webp","interior_application","NO","PROTOTYPE PRESENTATION ONLY — not linked to a real SKU","RIGHTS UNKNOWN","NO","Интерьерная визуализация","1","","PRESENTATION ASSET — NO PRODUCTION QUALITY APPROVAL","NO — prototype labels scene as visualization/demo","Marked as visualization in approved prototype; temporary presentation asset. Source/license provenance is absent; replace or obtain documented rights before production."
"","Approved prototype asset: interior-room.webp","Prototype / temporary presentation","prototype/index.html","prototype/assets/interior-room.webp","interior_application","NO","PROTOTYPE PRESENTATION ONLY — not linked to a real SKU","RIGHTS UNKNOWN","NO","Интерьерная визуализация","1","","PRESENTATION ASSET — NO PRODUCTION QUALITY APPROVAL","NO — prototype labels scene as visualization/demo","Marked as visualization in approved prototype; temporary presentation asset. Source/license provenance is absent; replace or obtain documented rights before production."
"","Approved prototype asset: ivory-vein.webp","Prototype / temporary presentation","prototype/index.html","prototype/assets/ivory-vein.webp","texture_macro","NO","PROTOTYPE PRESENTATION ONLY — not linked to a real SKU","RIGHTS UNKNOWN","NO","Демонстрационная фактура","1","","PRESENTATION ASSET — NO PRODUCTION QUALITY APPROVAL","NO — prototype labels scene as visualization/demo","Prototype material-demo texture, not a confirmed SKU. Source/license provenance is absent; replace or obtain documented rights before production."
"","Approved prototype asset: graphite-vein.webp","Prototype / temporary presentation","prototype/index.html","prototype/assets/graphite-vein.webp","texture_macro","NO","PROTOTYPE PRESENTATION ONLY — not linked to a real SKU","RIGHTS UNKNOWN","NO","Демонстрационная фактура","1","","PRESENTATION ASSET — NO PRODUCTION QUALITY APPROVAL","NO — prototype labels scene as visualization/demo","Prototype material-demo texture, not a confirmed SKU. Source/license provenance is absent; replace or obtain documented rights before production."
"","Approved prototype asset: warm-strata.webp","Prototype / temporary presentation","prototype/index.html","prototype/assets/warm-strata.webp","texture_macro","NO","PROTOTYPE PRESENTATION ONLY — not linked to a real SKU","RIGHTS UNKNOWN","NO","Демонстрационная фактура","1","","PRESENTATION ASSET — NO PRODUCTION QUALITY APPROVAL","NO — prototype labels scene as visualization/demo","Prototype material-demo texture, not a confirmed SKU. Source/license provenance is absent; replace or obtain documented rights before production."
